respondent_id,age_group,gender,occupation,city_tier,monthly_income,income_range,education_level,fitness_goal,fitness_level,workout_frequency,workout_consistency,daily_steps,sleep_hours,sleep_quality,stress_level,diet_quality,water_intake,health_concern_level,medical_fitness_goal,uses_fitness_app,uses_wearable,past_smartwatch_owner,digital_adoption_level,trust_in_health_data,privacy_concern_level,app_notification_preference,pref_sleep_tracking,pref_stress_monitoring,pref_hydration_reminder,pref_heart_rate,pref_diet_suggestion,pref_workout_plan,pref_personalized_report,battery_life_importance,design_importance,brand_preference,monthly_health_spend,preferred_price_range,willingness_to_pay,payment_preference,discount_sensitivity,subscription_willingness,purchase_intention,likely_to_purchase,upgrade_intention,family_influence,social_media_influence,referrals_made,health_concern_score,fitness_readiness_score,lifestyle_risk_score,digital_adoption_score,price_sensitivity_score,purchase_potential_score,engagement_score,sleep_stress_risk_category,budget_segment,customer_value_segment,feedback_text
FT100000,35-44,Male,Self-Employed,Tier 1,60000.0,50K-1L,High School,Weight Loss,Intermediate,3,Medium,2800,6.9,Poor,Medium,Good,2.5,Medium,No,Yes,No,No,High,High,Low,Minimal,Yes,No,Yes,Yes,No,No,Yes,High,High,Premium / Trusted,3680.0,6K-10K,9200,Full Payment,Medium,No,4,Yes,No,High,Medium,2,54.5,35.8,50.7,62.4,68.4,67.5,58.0,High,Mid-Range,Medium Value,The battery life is excellent and lasts almost a week on a single charge.
FT100001,25-34,Female,Self-Employed,Tier 1,59200.0,50K-1L,Diploma,General Fitness,Advanced,4,High,8400,7.6,Good,Low,Poor,1.3,Low,No,No,No,No,Medium,Medium,Medium,Moderate,No,No,No,No,Yes,No,Yes,High,Medium,No Preference,3270.0,3K-6K,3800,Full Payment,Medium,No,3,No,No,Medium,Medium,2,29.8,68.2,37.8,36.0,77.0,36.5,32.2,Low,Budget,Low Value,The battery drains too quickly and charging takes very long.
FT100002,45-54,Female,Working Professional,Tier 1,57500.0,50K-1L,High School,Weight Loss,Beginner,3,Medium,7000,5.2,Poor,High,Good,2.0,High,No,Yes,No,No,Low,Medium,Medium,Moderate,Yes,Yes,Yes,Yes,No,Yes,No,High,Low,Budget / Value,990.0,3K-6K,4000,Full Payment,Medium,No,3,No,Yes,Low,Medium,2,71.4,32.1,66.2,42.6,70.1,44.7,62.3,High,Budget,Low Value,Sleep tracking data seems wrong and the design feels cheap.
FT100003,35-44,Male,Working Professional,Tier 1,54900.0,50K-1L,Diploma,Stress Management,Beginner,3,Medium,7500,5.3,Poor,High,Average,1.8,High,No,Yes,No,No,Medium,High,High,Moderate,Yes,Yes,Yes,Yes,No,Yes,Yes,Low,Medium,Budget / Value,3410.0,6K-10K,6400,Full Payment,Medium,No,3,No,No,Low,Medium,0,74.9,34.6,68.9,45.5,69.4,49.6,67.6,High,Mid-Range,Medium Value,Comfortable to wear all day and the stress tracking is genuinely useful.
FT100004,18-24,Male,Student,Tier 2,17900.0,< 25K,Post Graduate,Weight Loss,Advanced,2,Medium,3900,5.6,Poor,High,Average,4.7,High,Yes,Yes,No,No,Medium,High,Medium,Moderate,No,Yes,No,No,Yes,No,Yes,Medium,Low,Premium / Trusted,600.0,6K-10K,6200,Full Payment,Low,No,3,No,No,High,High,0,72.0,36.8,74.1,56.7,53.3,35.6,58.7,High,Mid-Range,Low Value,"Design is decent, battery is average, app could improve a little."
FT100005,55+,Female,Self-Employed,Tier 1,55900.0,50K-1L,Graduate,General Fitness,Intermediate,5,High,10600,6.3,Poor,High,Average,1.7,High,No,No,No,No,Medium,High,Low,Moderate,No,Yes,Yes,Yes,Yes,No,No,Medium,Low,Premium / Trusted,1960.0,6K-10K,6500,Full Payment,Low,Yes,3,No,No,High,High,3,69.2,58.7,63.5,32.4,51.5,50.6,39.5,High,Mid-Range,Medium Value,"The watch is okay, does the basic job of counting steps."
FT100006,35-44,Female,Homemaker,Tier 3,13200.0,< 25K,High School,Stress Management,Beginner,1,Low,3900,6.5,Average,Medium,Average,2.1,Medium,No,Yes,No,No,Medium,Medium,Medium,Minimal,Yes,No,No,No,No,Yes,No,High,High,No Preference,640.0,3K-6K,3900,Full Payment,Low,No,3,No,No,Low,Medium,2,53.5,20.9,61.0,45.8,51.6,49.1,43.6,Moderate,Budget,Medium Value,The app keeps crashing and the notifications are unreliable.
FT100007,35-44,Male,Working Professional,Tier 1,101200.0,1L-2L,Post Graduate,Weight Loss,Beginner,2,Medium,3100,8.1,Good,Medium,Average,1.1,Medium,No,No,Yes,Yes,High,High,Medium,Moderate,No,Yes,Yes,No,Yes,No,Yes,Medium,Medium,Budget / Value,3420.0,6K-10K,7500,Full Payment,Medium,Yes,3,No,No,Low,High,0,43.4,30.0,46.2,66.4,68.3,45.5,51.4,Low,Mid-Range,Medium Value,Sleep tracking data seems wrong and the design feels cheap.
FT100008,18-24,Male,Working Professional,Tier 1,69000.0,50K-1L,Post Graduate,Better Sleep,Beginner,3,Medium,4300,6.2,Average,Medium,Average,2.3,Medium,No,No,Yes,Yes,High,High,Low,Minimal,Yes,No,No,No,No,No,Yes,Medium,Medium,Premium / Trusted,3300.0,6K-10K,9300,EMI,Medium,Yes,3,No,No,Low,Medium,0,56.2,36.1,53.1,57.4,72.7,37.2,32.7,Moderate,Mid-Range,Low Value,"Reasonable device for the price, a few features could be better."
FT100009,25-34,Male,Working Professional,Tier 1,108400.0,1L-2L,Post Graduate,General Fitness,Intermediate,5,High,8700,6.9,Poor,High,Poor,1.6,Medium,Yes,No,No,No,Low,Medium,Medium,Moderate,Yes,No,No,No,No,No,No,Low,Medium,Premium / Trusted,3580.0,6K-10K,9000,EMI,Medium,No,3,No,No,High,Low,1,77.2,59.0,71.2,20.1,68.2,47.6,22.3,High,Mid-Range,Medium Value,"Too expensive for the features offered, the price could be lower."
FT100010,25-34,Other,Working Professional,Tier 2,57200.0,50K-1L,Post Graduate,Weight Loss,Intermediate,5,High,5600,7.1,Average,Medium,Average,3.0,Medium,No,Yes,No,No,High,High,Medium,Minimal,No,Yes,No,No,Yes,No,Yes,High,Medium,Premium / Trusted,2670.0,6K-10K,8400,EMI,Low,No,3,No,No,Medium,High,1,48.1,52.4,46.4,79.9,49.4,48.2,59.8,Moderate,Mid-Range,Medium Value,"Reasonable device for the price, a few features could be better."
FT100011,45-54,Male,Working Professional,Tier 1,166800.0,1L-2L,Post Graduate,Weight Loss,Intermediate,4,High,10600,6.0,Poor,High,Average,0.9,High,No,No,No,No,Medium,High,Low,Moderate,Yes,No,Yes,Yes,Yes,No,No,High,Low,Budget / Value,6050.0,6K-10K,7700,Full Payment,High,Yes,4,Yes,No,Low,Low,1,67.8,55.6,66.7,31.9,77.2,58.1,39.3,High,Mid-Range,Medium Value,"Design is decent, battery is average, app could improve a little."
FT100012,35-44,Female,Self-Employed,Tier 2,50000.0,50K-1L,Graduate,General Fitness,Beginner,0,Low,4900,6.0,Poor,High,Good,2.2,Medium,No,Yes,No,Yes,High,Medium,Low,Frequent,Yes,Yes,Yes,No,Yes,Yes,Yes,Medium,Low,Premium / Trusted,690.0,6K-10K,6000,Full Payment,Medium,Yes,3,No,No,Medium,Medium,0,75.8,24.9,69.4,57.3,64.3,48.2,78.8,High,Mid-Range,Medium Value,"Design is decent, battery is average, app could improve a little."
FT100013,35-44,Male,Working Professional,Tier 1,130600.0,1L-2L,Post Graduate,Weight Loss,Intermediate,1,Low,7400,5.8,Poor,High,Good,2.3,Medium,No,Yes,No,No,Medium,High,High,Frequent,No,Yes,Yes,Yes,Yes,No,Yes,Low,High,Premium / Trusted,5740.0,10K-18K,10900,Full Payment,Low,No,3,No,No,Medium,Low,0,75.0,35.7,70.5,48.3,36.3,51.8,71.3,High,Mid-Range,Medium Value,"I love the sleep tracking, it is accurate and easy to understand."
FT100014,25-34,Female,Working Professional,Tier 3,72800.0,50K-1L,Post Graduate,General Fitness,Beginner,3,Medium,9400,6.6,Average,Medium,Average,1.9,Low,No,No,No,No,Low,Low,Low,Moderate,No,No,No,Yes,No,Yes,Yes,High,Medium,Premium / Trusted,3280.0,3K-6K,5900,Full Payment,Low,No,1,No,No,Medium,Low,1,54.6,41.4,57.2,20.2,50.9,10.0,30.9,Moderate,Mid-Range,Low Value,Customer support was slow and the device disconnects from the app often.
FT100015,18-24,Male,Working Professional,Tier 1,56800.0,50K-1L,Diploma,Muscle Gain,Advanced,7,High,10100,7.4,Average,Low,Good,2.1,Low,No,Yes,No,No,High,High,Low,Moderate,Yes,No,Yes,Yes,No,No,No,High,High,Premium / Trusted,1040.0,6K-10K,8900,EMI,High,No,3,No,Yes,High,Medium,2,26.3,81.7,31.5,65.0,91.8,42.4,61.6,Low,Mid-Range,Low Value,The battery life is excellent and lasts almost a week on a single charge.
FT100016,25-34,Male,Working Professional,Tier 2,79700.0,50K-1L,Post Graduate,General Fitness,Beginner,0,Low,1400,5.5,Poor,High,Average,1.8,High,No,Yes,Yes,No,Low,Medium,Medium,Frequent,Yes,No,No,Yes,Yes,No,No,Low,Medium,Premium / Trusted,3910.0,6K-10K,7700,Full Payment,Low,No,4,Yes,No,High,High,1,80.8,10.4,77.4,58.9,40.1,69.0,66.5,High,Mid-Range,Medium Value,The battery life is excellent and lasts almost a week on a single charge.
FT100017,18-24,Female,Student,Tier 3,20500.0,< 25K,Post Graduate,General Fitness,Beginner,1,Low,800,5.5,Poor,High,Poor,1.9,High,No,Yes,No,No,Medium,Low,Low,Moderate,Yes,Yes,No,No,No,No,Yes,Medium,Low,Budget / Value,1450.0,< 3K,2900,Full Payment,Low,Yes,4,Yes,No,Medium,Medium,0,84.7,11.3,81.7,52.8,48.6,65.6,57.3,High,Budget,Medium Value,The personalized health reports keep me motivated to stay consistent.
FT100018,35-44,Female,Working Professional,Tier 1,113400.0,1L-2L,Post Graduate,Stress Management,Beginner,1,Low,3400,5.5,Poor,High,Poor,3.1,High,Yes,Yes,No,No,High,High,Low,Moderate,No,Yes,No,Yes,Yes,No,No,High,Low,Budget / Value,4400.0,3K-6K,5700,Full Payment,High,Yes,4,Yes,Yes,Medium,Medium,0,90.0,15.3,92.2,64.2,78.0,63.5,61.3,High,Mid-Range,Medium Value,The battery life is excellent and lasts almost a week on a single charge.
FT100019,25-34,Male,Working Professional,Tier 1,120500.0,1L-2L,Post Graduate,General Fitness,Beginner,1,Low,7300,5.7,Poor,Low,Good,4.0,Medium,No,No,No,No,High,High,High,Minimal,No,No,Yes,No,Yes,Yes,No,High,Low,Budget / Value,2860.0,6K-10K,6800,Full Payment,High,No,2,No,No,Low,High,2,49.3,30.2,56.9,45.2,82.3,29.1,32.7,Moderate,Mid-Range,Low Value,"Too expensive for the features offered, the price could be lower."
FT100020,35-44,Male,Working Professional,Tier 3,32900.0,25K-50K,Graduate,Muscle Gain,Beginner,3,Medium,4800,5.8,Poor,High,Average,2.6,High,No,Yes,No,No,Medium,Medium,Medium,Minimal,Yes,Yes,Yes,Yes,No,Yes,No,Medium,Medium,Premium / Trusted,570.0,6K-10K,7200,Full Payment,Medium,Yes,5,Yes,No,Low,Medium,2,74.5,22.3,76.7,48.1,69.8,81.2,57.3,High,Mid-Range,Medium Value,Heart rate monitoring feels reliable and the hydration reminders really help.
FT100021,25-34,Male,Working Professional,Tier 1,104700.0,1L-2L,Graduate,Better Sleep,Intermediate,3,Medium,5900,6.5,Poor,High,Good,1.6,High,No,Yes,Yes,Yes,High,High,Low,Frequent,Yes,Yes,Yes,No,No,No,Yes,Medium,Medium,No Preference,1940.0,6K-10K,8600,Full Payment,Low,Yes,5,Yes,No,High,High,4,66.7,38.8,63.4,96.6,39.6,78.2,84.0,High,Mid-Range,Medium Value,"Great value for money, the app is smooth and the design looks premium."
FT100022,55+,Male,Self-Employed,Tier 1,72100.0,50K-1L,Graduate,Weight Loss,Advanced,5,High,7500,5.9,Poor,Medium,Average,2.4,Medium,No,No,No,No,Medium,High,Low,Minimal,No,No,No,No,Yes,No,No,High,High,No Preference,1410.0,3K-6K,5800,Full Payment,Medium,Yes,4,Yes,Yes,High,Low,1,57.3,58.3,56.5,26.9,65.9,65.2,17.7,High,Mid-Range,Medium Value,"The watch is okay, does the basic job of counting steps."
FT100023,45-54,Male,Working Professional,Tier 2,70600.0,50K-1L,Graduate,Muscle Gain,Intermediate,7,High,11400,7.4,Average,Low,Poor,2.0,Medium,No,Yes,No,No,Low,Low,Low,Minimal,No,Yes,No,No,Yes,No,No,High,Low,Premium / Trusted,1820.0,6K-10K,6500,Full Payment,Low,Yes,4,Yes,No,Low,Low,2,43.2,73.9,40.0,27.5,46.7,58.4,37.2,Low,Mid-Range,Medium Value,The battery life is excellent and lasts almost a week on a single charge.
FT100024,35-44,Female,Self-Employed,Tier 1,123800.0,1L-2L,Post Graduate,Medical / Recovery,Intermediate,1,Low,6400,5.4,Poor,Medium,Average,3.0,High,Yes,Yes,No,No,Medium,Low,High,Moderate,No,No,Yes,No,Yes,No,Yes,Medium,Medium,Premium / Trusted,1030.0,6K-10K,8500,EMI,High,Yes,3,No,Yes,Low,Medium,0,70.2,32.3,71.7,53.9,84.2,42.8,57.7,High,Mid-Range,Low Value,"It works as expected, neither impressed nor disappointed so far."
FT100025,18-24,Male,Student,Tier 3,21100.0,< 25K,Post Graduate,General Fitness,Beginner,2,Medium,2400,5.9,Poor,High,Average,2.5,High,No,Yes,No,No,High,High,Medium,Frequent,No,Yes,Yes,No,No,Yes,Yes,High,Low,No Preference,780.0,3K-6K,4300,Full Payment,High,Yes,4,Yes,No,Medium,High,1,79.2,16.9,70.3,72.5,91.1,59.2,75.5,High,Budget,Medium Value,"Average experience overall, nothing special but works fine."
FT100026,25-34,Female,Working Professional,Tier 2,70600.0,50K-1L,Graduate,Medical / Recovery,Intermediate,2,Medium,2800,5.9,Poor,High,Average,1.0,High,Yes,No,No,No,Medium,Medium,Low,Minimal,No,No,No,Yes,No,No,Yes,Medium,Medium,No Preference,4330.0,3K-6K,3900,Full Payment,High,No,4,Yes,Yes,Medium,Low,0,73.4,30.2,70.1,33.9,92.4,55.5,24.4,High,Budget,Medium Value,"I love the sleep tracking, it is accurate and easy to understand."
FT100027,18-24,Male,Student,Tier 2,29500.0,25K-50K,Post Graduate,General Fitness,Beginner,1,Low,6800,6.6,Poor,Medium,Good,3.2,Medium,No,Yes,Yes,Yes,High,High,High,Moderate,Yes,Yes,Yes,Yes,No,Yes,No,High,Low,No Preference,1010.0,3K-6K,3300,Full Payment,Low,Yes,3,No,Yes,Medium,High,1,63.1,35.4,60.7,96.3,44.5,49.8,81.1,High,Budget,Medium Value,"The watch is okay, does the basic job of counting steps."
FT100028,18-24,Male,Student,Tier 1,21700.0,< 25K,High School,Muscle Gain,Beginner,2,Medium,6500,6.2,Poor,Medium,Average,3.1,Low,Yes,Yes,Yes,No,High,High,Medium,Moderate,Yes,Yes,No,Yes,No,Yes,Yes,Medium,High,Budget / Value,810.0,6K-10K,7300,Full Payment,High,Yes,5,Yes,No,Low,High,6,67.0,27.5,59.8,92.2,93.9,83.8,79.7,High,Mid-Range,Medium Value,"I love the sleep tracking, it is accurate and easy to understand."
FT100029,35-44,Female,Working Professional,Tier 2,113600.0,1L-2L,Post Graduate,General Fitness,Beginner,2,Medium,4700,6.5,Average,Medium,Average,3.5,Medium,No,Yes,No,No,Medium,High,High,Minimal,Yes,Yes,No,Yes,No,No,Yes,Medium,High,Premium / Trusted,4340.0,6K-10K,8000,Full Payment,Medium,No,3,No,Yes,Low,Medium,1,48.7,33.2,53.7,47.8,70.9,41.9,52.9,Moderate,Mid-Range,Low Value,Sleep tracking data seems wrong and the design feels cheap.
FT100030,35-44,Male,Working Professional,Tier 2,40100.0,25K-50K,High School,Weight Loss,Beginner,1,Low,7200,5.3,Poor,High,Average,1.9,High,No,Yes,No,Yes,Low,Medium,Medium,Moderate,No,Yes,Yes,Yes,Yes,Yes,No,High,High,No Preference,2790.0,3K-6K,4400,Full Payment,Low,No,2,No,Yes,Low,Low,1,84.6,28.0,76.4,40.4,50.9,26.4,61.6,High,Budget,Low Value,Heart rate readings feel inaccurate during workouts and the strap is uncomfortable.
FT100031,55+,Female,Working Professional,Tier 1,95000.0,50K-1L,Graduate,Medical / Recovery,Intermediate,3,Medium,3800,5.6,Poor,High,Average,2.5,Medium,Yes,Yes,No,No,Medium,Low,High,Frequent,Yes,Yes,Yes,No,No,No,No,Medium,Medium,Budget / Value,2410.0,3K-6K,5200,Full Payment,High,Yes,3,No,No,Low,Medium,1,80.0,35.8,79.8,47.0,82.7,37.5,62.3,High,Mid-Range,Low Value,I am worried about my health data privacy and how it is stored.
FT100032,25-34,Male,Self-Employed,Tier 3,32300.0,25K-50K,High School,Weight Loss,Beginner,1,Low,5800,7.6,Good,Low,Good,1.4,Low,No,No,Yes,Yes,High,High,Medium,Minimal,No,No,No,Yes,Yes,Yes,Yes,Low,High,Budget / Value,1750.0,< 3K,2800,Full Payment,High,Yes,2,No,Yes,Low,High,2,25.4,34.1,33.4,63.2,88.2,33.9,43.3,Low,Budget,Low Value,"Design is decent, battery is average, app could improve a little."
FT100033,25-34,Female,Working Professional,Tier 2,57200.0,50K-1L,Graduate,Medical / Recovery,Beginner,0,Low,2900,6.4,Average,Low,Poor,2.3,Low,Yes,Yes,No,No,Low,Low,Low,Minimal,Yes,No,Yes,No,Yes,No,Yes,Medium,Medium,Budget / Value,2920.0,3K-6K,3000,Full Payment,Medium,Yes,3,No,No,Medium,Low,1,59.5,19.3,55.7,42.2,63.0,42.4,50.9,Low,Budget,Low Value,"Design is decent, battery is average, app could improve a little."
FT100034,25-34,Female,Working Professional,Tier 3,32800.0,25K-50K,Graduate,Muscle Gain,Intermediate,4,High,8500,7.5,Average,Medium,Average,2.6,Medium,No,Yes,No,No,Medium,Medium,Low,Frequent,Yes,Yes,No,No,Yes,Yes,No,High,Medium,Budget / Value,1000.0,< 3K,2000,Full Payment,Medium,No,3,No,No,High,Medium,0,45.1,57.1,41.6,52.9,75.8,43.0,68.7,Moderate,Budget,Low Value,"Reasonable device for the price, a few features could be better."
FT100035,18-24,Female,Student,Tier 1,20700.0,< 25K,High School,Better Sleep,Beginner,2,Medium,900,5.9,Poor,Medium,Average,1.8,Medium,No,No,No,No,Medium,Low,Low,Frequent,Yes,No,No,Yes,No,No,No,High,High,Premium / Trusted,1150.0,6K-10K,6900,Full Payment,Medium,No,2,No,No,Low,Medium,0,58.5,19.6,60.6,24.6,69.8,23.4,35.2,High,Mid-Range,Low Value,Heart rate readings feel inaccurate during workouts and the strap is uncomfortable.
FT100036,18-24,Male,Working Professional,Tier 1,86600.0,50K-1L,Graduate,Medical / Recovery,Intermediate,4,High,6900,6.4,Poor,Medium,Poor,2.6,High,Yes,Yes,Yes,Yes,High,Medium,High,Moderate,No,Yes,Yes,No,Yes,No,Yes,Low,High,Budget / Value,5440.0,3K-6K,5400,Full Payment,Medium,No,4,Yes,Yes,High,High,4,61.6,48.9,62.6,81.1,69.1,58.4,71.5,High,Mid-Range,Medium Value,"It works as expected, neither impressed nor disappointed so far."
FT100037,25-34,Male,Working Professional,Tier 2,47800.0,25K-50K,Graduate,Muscle Gain,Beginner,1,Low,5400,7.1,Average,Low,Average,2.4,Low,No,No,No,No,Low,Medium,Medium,Minimal,Yes,No,Yes,No,Yes,Yes,Yes,High,Medium,Premium / Trusted,2770.0,3K-6K,4900,Full Payment,Medium,Yes,3,No,No,Low,High,3,44.8,33.2,47.2,21.4,71.4,49.3,32.9,Low,Budget,Medium Value,"Reasonable device for the price, a few features could be better."
FT100038,18-24,Male,Student,Tier 3,10400.0,< 25K,High School,Medical / Recovery,Advanced,5,High,8400,6.5,Average,Low,Average,1.9,Medium,Yes,Yes,No,No,High,High,Low,Minimal,No,Yes,No,No,No,No,No,High,Medium,Budget / Value,310.0,< 3K,1900,Full Payment,Low,No,4,Yes,No,Medium,Medium,0,32.8,65.3,32.5,60.0,57.5,63.5,44.3,Low,Budget,Medium Value,"Great value for money, the app is smooth and the design looks premium."
FT100039,35-44,Male,Working Professional,Tier 1,130300.0,1L-2L,Graduate,Stress Management,Intermediate,5,High,10800,6.4,Poor,High,Average,3.4,High,No,No,Yes,Yes,Medium,High,Low,Minimal,Yes,No,Yes,No,No,No,Yes,Medium,High,No Preference,8000.0,6K-10K,7600,Full Payment,Low,No,4,Yes,Yes,Low,Low,2,67.5,60.7,62.5,49.1,37.6,61.2,34.0,High,Mid-Range,Medium Value,"Affordable, lightweight and the companion app is very beginner friendly."
FT100040,25-34,Male,Working Professional,Tier 1,37900.0,25K-50K,High School,General Fitness,Beginner,3,Medium,8500,6.5,Poor,Medium,Average,2.1,Medium,No,Yes,Yes,Yes,High,Medium,Medium,Minimal,Yes,Yes,Yes,No,No,Yes,Yes,Medium,Medium,Budget / Value,1810.0,3K-6K,4700,Full Payment,High,No,4,Yes,Yes,Low,Medium,0,59.8,38.7,64.2,90.1,91.6,58.6,72.0,High,Budget,Medium Value,"Too expensive for the features offered, the price could be lower."
FT100041,35-44,Male,Working Professional,Tier 3,37000.0,25K-50K,High School,Muscle Gain,Advanced,7,High,9000,5.1,Poor,High,Poor,2.4,High,No,No,No,No,Low,Medium,Medium,Moderate,Yes,Yes,Yes,Yes,Yes,No,No,High,Low,Premium / Trusted,430.0,3K-6K,5200,Full Payment,Low,No,3,Yes,Yes,Low,Medium,0,72.6,74.1,78.0,21.0,51.9,53.0,39.8,High,Mid-Range,Medium Value,Customer support was slow and the device disconnects from the app often.
FT100042,35-44,Male,Homemaker,Tier 1,11900.0,< 25K,High School,Weight Loss,Beginner,2,Medium,6700,6.9,Average,Medium,Poor,1.1,Medium,No,No,No,Yes,Medium,Medium,High,Minimal,Yes,Yes,No,No,Yes,Yes,No,High,High,Budget / Value,100.0,3K-6K,4000,Full Payment,Medium,No,1,No,Yes,Low,Medium,0,63.5,32.0,57.7,27.5,74.7,12.5,30.8,Moderate,Budget,Low Value,Heart rate readings feel inaccurate during workouts and the strap is uncomfortable.
FT100043,25-34,Male,Student,Tier 1,26500.0,25K-50K,Graduate,Weight Loss,Beginner,3,Medium,4500,6.0,Poor,Medium,Average,2.7,Medium,No,Yes,No,No,Medium,Medium,High,Minimal,Yes,No,No,No,No,Yes,Yes,High,Medium,Premium / Trusted,810.0,6K-10K,6200,Full Payment,High,No,3,No,No,Low,Medium,1,64.6,33.1,61.4,44.9,81.5,50.5,47.6,High,Mid-Range,Medium Value,"Average experience overall, nothing special but works fine."
FT100044,35-44,Male,Working Professional,Tier 2,123800.0,1L-2L,Post Graduate,Weight Loss,Intermediate,3,Medium,6400,6.6,Average,Low,Average,1.9,Low,Yes,Yes,No,Yes,Medium,High,High,Moderate,Yes,No,Yes,No,Yes,No,Yes,High,Medium,Budget / Value,5110.0,3K-6K,5500,Full Payment,High,Yes,4,Yes,No,Low,Low,1,42.7,48.2,35.6,55.1,82.7,57.1,62.4,Low,Mid-Range,Medium Value,The battery life is excellent and lasts almost a week on a single charge.
FT100045,35-44,Male,Working Professional,Tier 1,84000.0,50K-1L,Graduate,General Fitness,Intermediate,3,Medium,7500,6.3,Poor,High,Average,3.1,High,Yes,Yes,No,No,High,High,Low,Minimal,Yes,Yes,Yes,No,No,No,Yes,High,Low,No Preference,5180.0,3K-6K,5900,Full Payment,Medium,Yes,4,Yes,Yes,Low,High,1,72.6,47.5,70.4,58.9,74.7,71.0,56.8,High,Mid-Range,Medium Value,"Affordable, lightweight and the companion app is very beginner friendly."
FT100046,25-34,Male,Working Professional,Tier 1,112600.0,1L-2L,Post Graduate,Weight Loss,Beginner,3,Medium,4800,6.7,Average,Medium,Poor,1.3,Medium,No,No,No,No,High,Medium,Medium,Minimal,Yes,Yes,No,Yes,Yes,Yes,No,Low,High,Premium / Trusted,970.0,6K-10K,9300,Full Payment,Low,No,2,No,No,Low,High,2,57.4,36.7,66.2,49.5,38.2,31.5,42.8,Moderate,Mid-Range,Low Value,"Reasonable device for the price, a few features could be better."
FT100047,18-24,Female,Student,Tier 1,35500.0,25K-50K,Graduate,General Fitness,Beginner,2,Medium,6600,5.7,Poor,High,Average,2.6,Medium,No,Yes,Yes,Yes,High,High,Medium,Moderate,No,Yes,No,Yes,No,Yes,Yes,Medium,Medium,Budget / Value,830.0,3K-6K,4900,Full Payment,Low,No,4,Yes,No,High,High,4,72.4,29.9,75.6,89.1,55.8,59.9,74.3,High,Budget,Medium Value,Heart rate monitoring feels reliable and the hydration reminders really help.
FT100048,35-44,Male,Working Professional,Tier 3,36100.0,25K-50K,Post Graduate,Muscle Gain,Beginner,1,Low,3200,6.0,Poor,Medium,Average,0.6,High,No,Yes,No,No,Medium,Medium,High,Minimal,Yes,Yes,Yes,No,No,Yes,No,High,Medium,No Preference,1870.0,< 3K,2200,Full Payment,Low,Yes,3,No,No,High,Low,0,67.7,16.3,70.4,49.5,51.0,36.7,53.5,High,Budget,Low Value,"Design is decent, battery is average, app could improve a little."
FT100049,18-24,Male,Student,Tier 1,36000.0,25K-50K,Post Graduate,Muscle Gain,Intermediate,2,Medium,4200,6.8,Good,Low,Good,2.8,Low,No,Yes,No,No,High,High,Low,Moderate,No,Yes,No,No,Yes,Yes,No,High,Low,Premium / Trusted,870.0,6K-10K,7200,Full Payment,High,Yes,3,No,No,Low,High,3,26.4,41.9,21.3,68.6,86.3,42.1,62.9,Low,Mid-Range,Low Value,The battery drains too quickly and charging takes very long.
FT100050,18-24,Male,Working Professional,Tier 2,65700.0,50K-1L,Graduate,Better Sleep,Advanced,5,High,9800,7.4,Good,Low,Average,2.2,Low,No,Yes,Yes,No,High,High,Medium,Minimal,No,Yes,Yes,Yes,No,No,Yes,High,Low,Budget / Value,2350.0,3K-6K,5500,Full Payment,Medium,No,3,No,No,Medium,High,0,22.3,70.0,23.2,86.5,65.0,50.9,66.4,Low,Mid-Range,Medium Value,"Reasonable device for the price, a few features could be better."
FT100051,18-24,Female,Self-Employed,Tier 3,40800.0,25K-50K,High School,Medical / Recovery,Beginner,1,Low,2600,7.0,Average,Low,Average,2.6,Low,Yes,No,Yes,Yes,High,High,Medium,Minimal,No,No,Yes,No,No,Yes,No,Medium,Medium,Premium / Trusted,1150.0,3K-6K,5700,Full Payment,Medium,Yes,3,No,Yes,Medium,High,3,45.0,22.4,46.5,63.7,76.5,42.0,34.9,Low,Mid-Range,Low Value,"Reasonable device for the price, a few features could be better."
FT100052,35-44,Male,Self-Employed,Tier 2,26500.0,25K-50K,High School,Better Sleep,Advanced,7,High,9100,5.8,Poor,Medium,Average,1.8,Medium,Yes,Yes,No,No,Low,Low,Medium,Moderate,Yes,No,No,Yes,No,Yes,Yes,High,Medium,Budget / Value,490.0,< 3K,1700,Full Payment,High,Yes,3,No,Yes,Medium,Medium,0,56.0,70.1,57.6,36.1,92.7,39.6,55.8,High,Budget,Low Value,"Average experience overall, nothing special but works fine."
FT100053,35-44,Female,Self-Employed,Tier 2,52500.0,50K-1L,Graduate,Muscle Gain,Beginner,2,Medium,7100,6.4,Average,Low,Average,1.5,High,No,No,Yes,Yes,Medium,Medium,Low,Moderate,No,Yes,Yes,Yes,No,No,Yes,Medium,Low,Premium / Trusted,490.0,3K-6K,5200,Full Payment,Medium,Yes,2,No,Yes,Low,Medium,0,42.0,37.9,44.9,46.2,68.8,31.2,44.3,Low,Mid-Range,Low Value,The app keeps crashing and the notifications are unreliable.
FT100054,35-44,Female,Working Professional,Tier 2,51300.0,50K-1L,Graduate,Weight Loss,Intermediate,2,Medium,5400,7.1,Average,Medium,Good,2.0,High,No,No,No,No,Low,Medium,Low,Minimal,Yes,No,Yes,No,Yes,Yes,No,Medium,Low,Budget / Value,1830.0,3K-6K,4200,Full Payment,Medium,No,3,No,No,Medium,Medium,1,43.9,38.6,44.0,15.7,63.2,43.5,26.6,Moderate,Budget,Low Value,Hard to set up for beginners and too many confusing notifications.
FT100055,35-44,Male,Working Professional,Tier 1,55700.0,50K-1L,Diploma,Medical / Recovery,Advanced,4,High,4800,6.2,Poor,Low,Poor,2.5,Medium,Yes,No,No,Yes,Medium,High,High,Frequent,No,No,Yes,No,Yes,No,No,Medium,High,Budget / Value,950.0,3K-6K,5500,Full Payment,Low,Yes,2,No,Yes,Low,Medium,0,56.9,49.9,55.5,37.0,51.9,32.5,39.5,Moderate,Mid-Range,Low Value,The app keeps crashing and the notifications are unreliable.
FT100056,25-34,Female,Working Professional,Tier 2,103600.0,1L-2L,Post Graduate,Weight Loss,Intermediate,2,Medium,6700,6.4,Poor,Medium,Average,2.8,Medium,No,Yes,No,No,High,High,Low,Frequent,No,No,Yes,No,Yes,No,Yes,Medium,Medium,Premium / Trusted,1100.0,6K-10K,8500,Full Payment,Low,Yes,3,No,No,Medium,Medium,2,62.5,37.3,59.3,71.9,48.7,50.8,71.0,High,Mid-Range,Medium Value,"Too expensive for the features offered, the price could be lower."
FT100057,25-34,Female,Working Professional,Tier 3,55800.0,50K-1L,Post Graduate,Weight Loss,Beginner,1,Low,3400,6.9,Average,Medium,Poor,2.5,High,No,No,Yes,No,High,Medium,Medium,Moderate,Yes,No,No,Yes,No,No,No,High,High,Budget / Value,1430.0,3K-6K,4300,Full Payment,Medium,No,3,No,No,High,Medium,1,71.6,19.2,68.2,60.3,70.2,42.0,40.7,Moderate,Budget,Low Value,"The watch is okay, does the basic job of counting steps."
FT100058,18-24,Male,Student,Tier 3,10200.0,< 25K,Diploma,General Fitness,Beginner,1,Low,1600,5.9,Poor,High,Poor,1.6,High,No,Yes,No,Yes,Medium,Medium,Medium,Minimal,No,No,Yes,Yes,Yes,No,No,Low,High,No Preference,690.0,3K-6K,4000,Full Payment,Low,No,3,No,No,High,Low,1,91.8,14.6,90.9,49.5,50.3,49.4,49.2,High,Budget,Medium Value,"Average experience overall, nothing special but works fine."
FT100059,18-24,Male,Working Professional,Tier 2,45000.0,25K-50K,Diploma,Muscle Gain,Beginner,3,Medium,1800,5.7,Poor,Medium,Poor,3.8,High,No,Yes,No,No,High,High,Medium,Minimal,No,Yes,No,Yes,Yes,Yes,Yes,Medium,Medium,No Preference,1840.0,3K-6K,5100,Full Payment,Low,Yes,3,No,No,Low,High,2,70.5,26.0,75.1,64.4,53.0,41.8,63.0,High,Mid-Range,Low Value,Customer support was slow and the device disconnects from the app often.
FT100060,35-44,Female,Working Professional,Tier 1,62700.0,50K-1L,Diploma,Stress Management,Intermediate,2,Medium,6800,5.4,Poor,High,Poor,2.6,High,No,Yes,No,No,High,High,Medium,Frequent,Yes,No,No,Yes,No,No,No,High,High,Budget / Value,1400.0,6K-10K,6400,Full Payment,High,Yes,4,Yes,Yes,Low,High,0,82.8,40.6,77.3,57.3,94.9,56.4,61.6,High,Mid-Range,Medium Value,"Design is decent, battery is average, app could improve a little."
FT100061,25-34,Other,Working Professional,Tier 3,40700.0,25K-50K,Graduate,Weight Loss,Advanced,7,High,9200,6.7,Poor,High,Poor,1.8,High,No,Yes,No,No,Medium,Low,Medium,Minimal,Yes,Yes,No,No,Yes,No,No,Low,Low,Budget / Value,1880.0,3K-6K,4700,Full Payment,Medium,No,4,Yes,No,Medium,High,5,81.1,69.3,78.1,54.0,70.0,72.7,50.8,High,Budget,Medium Value,The personalized health reports keep me motivated to stay consistent.
FT100062,25-34,Male,Working Professional,Tier 1,80300.0,50K-1L,Post Graduate,Stress Management,Beginner,0,Low,800,5.1,Poor,High,Poor,2.6,High,Yes,Yes,Yes,Yes,Medium,Medium,Medium,Minimal,Yes,Yes,No,Yes,No,No,No,High,Medium,Budget / Value,4610.0,6K-10K,7000,Full Payment,High,Yes,4,Yes,Yes,Medium,High,2,89.2,3.8,95.0,68.7,89.6,62.1,55.9,High,Mid-Range,Medium Value,"Reasonable device for the price, a few features could be better."
FT100063,35-44,Male,Homemaker,Tier 3,16900.0,< 25K,Graduate,Weight Loss,Beginner,0,Low,4200,5.9,Poor,Medium,Poor,2.5,Medium,No,No,No,No,High,Low,Low,Moderate,Yes,No,No,No,Yes,Yes,No,Medium,Medium,Premium / Trusted,1020.0,3K-6K,5900,Full Payment,Low,Yes,3,No,No,Medium,High,3,78.1,19.6,73.0,37.3,53.2,49.6,36.9,High,Mid-Range,Medium Value,Sleep tracking data seems wrong and the design feels cheap.
FT100064,25-34,Female,Working Professional,Tier 1,52100.0,50K-1L,High School,General Fitness,Beginner,4,High,8900,6.6,Poor,Medium,Poor,2.2,Medium,No,Yes,No,No,Medium,High,Medium,Minimal,No,Yes,Yes,Yes,Yes,No,No,Low,High,No Preference,3500.0,3K-6K,5500,Full Payment,High,Yes,4,Yes,No,High,Medium,0,71.4,45.6,58.5,49.3,87.9,57.6,53.4,High,Mid-Range,Medium Value,"Affordable, lightweight and the companion app is very beginner friendly."
FT100065,25-34,Male,Working Professional,Tier 2,53500.0,50K-1L,Graduate,General Fitness,Intermediate,5,High,7100,6.1,Poor,Medium,Poor,2.1,Medium,Yes,No,No,No,Medium,High,Medium,Minimal,Yes,Yes,Yes,No,No,No,Yes,Low,Medium,Budget / Value,2330.0,3K-6K,3500,Full Payment,High,No,2,No,No,Medium,High,2,65.7,48.6,68.2,33.1,89.3,31.8,32.7,High,Budget,Low Value,Customer support was slow and the device disconnects from the app often.
FT100066,25-34,Female,Working Professional,Tier 3,29800.0,25K-50K,High School,General Fitness,Intermediate,3,Medium,7900,6.9,Average,Medium,Average,3.1,Low,Yes,Yes,Yes,No,High,High,High,Minimal,Yes,Yes,No,No,No,No,Yes,High,Low,Budget / Value,890.0,3K-6K,3600,Full Payment,Medium,Yes,3,No,No,High,High,0,45.4,48.3,50.4,80.4,70.5,39.4,60.0,Moderate,Budget,Low Value,The battery drains too quickly and charging takes very long.
FT100067,25-34,Male,Working Professional,Tier 2,68700.0,50K-1L,Graduate,Stress Management,Beginner,2,Medium,8900,4.8,Poor,High,Good,3.7,Medium,No,Yes,No,No,Medium,High,Low,Moderate,Yes,Yes,Yes,No,No,Yes,Yes,High,High,No Preference,3300.0,3K-6K,4300,Full Payment,High,No,4,Yes,No,Medium,High,4,70.1,35.9,64.0,53.3,84.9,68.3,66.1,High,Budget,Medium Value,"It works as expected, neither impressed nor disappointed so far."
FT100068,18-24,Female,Self-Employed,Tier 1,70800.0,50K-1L,Graduate,Weight Loss,Intermediate,4,High,9800,5.9,Poor,High,Average,0.7,High,No,Yes,Yes,No,High,Medium,Medium,Minimal,Yes,Yes,Yes,Yes,Yes,No,No,High,Medium,Premium / Trusted,960.0,6K-10K,8900,Full Payment,Low,No,4,Yes,No,High,Low,2,73.5,56.1,68.8,84.6,48.1,65.5,70.0,High,Mid-Range,Medium Value,Step counting is accurate and syncing with the app is fast and seamless.
FT100069,25-34,Female,Working Professional,Tier 3,44200.0,25K-50K,Graduate,Weight Loss,Beginner,2,Medium,7300,6.9,Average,Medium,Poor,3.3,Medium,No,Yes,No,No,Medium,High,Low,Frequent,Yes,Yes,Yes,Yes,Yes,Yes,No,High,Medium,Budget / Value,2190.0,< 3K,2100,Full Payment,High,Yes,2,No,No,Medium,Low,2,59.6,37.1,57.8,53.1,93.4,33.1,77.3,Moderate,Budget,Low Value,Heart rate readings feel inaccurate during workouts and the strap is uncomfortable.
FT100070,18-24,Female,Working Professional,Tier 1,156300.0,1L-2L,Graduate,Weight Loss,Intermediate,2,Medium,5800,6.7,Average,Medium,Average,2.3,Medium,No,Yes,Yes,No,High,Medium,Low,Moderate,Yes,Yes,Yes,No,No,No,Yes,Medium,High,Budget / Value,3400.0,6K-10K,7800,Full Payment,Medium,No,4,Yes,No,Low,Medium,1,48.2,37.1,52.5,86.0,58.0,69.8,73.2,Moderate,Mid-Range,Medium Value,The personalized health reports keep me motivated to stay consistent.
FT100071,25-34,Female,Working Professional,Tier 1,187100.0,1L-2L,Post Graduate,Stress Management,Beginner,0,Low,2200,5.2,Poor,High,Average,2.5,High,No,Yes,No,No,High,High,Medium,Minimal,No,Yes,Yes,Yes,No,No,Yes,Medium,Medium,Budget / Value,9190.0,6K-10K,7800,Full Payment,Medium,No,4,Yes,No,Medium,High,3,80.9,5.9,75.1,63.4,54.1,68.6,58.3,High,Mid-Range,Medium Value,"Great value for money, the app is smooth and the design looks premium."
FT100072,45-54,Female,Self-Employed,Tier 2,27700.0,25K-50K,High School,Medical / Recovery,Beginner,0,Low,2900,6.3,Average,Low,Poor,3.4,Medium,Yes,Yes,Yes,Yes,Medium,High,High,Frequent,Yes,Yes,Yes,Yes,Yes,No,Yes,Medium,Low,Budget / Value,920.0,3K-6K,3100,Full Payment,High,Yes,2,No,Yes,Low,Medium,1,56.9,16.8,59.6,65.8,92.2,30.3,81.7,Low,Budget,Low Value,The app keeps crashing and the notifications are unreliable.
FT100073,18-24,Female,Student,Tier 2,20000.0,< 25K,Post Graduate,Muscle Gain,Intermediate,6,High,10400,7.0,Average,Low,Average,0.5,Low,No,Yes,No,No,High,High,Medium,Moderate,No,No,Yes,Yes,No,Yes,Yes,Low,Medium,Premium / Trusted,380.0,3K-6K,5500,Full Payment,Low,No,2,No,No,Low,Medium,0,29.9,67.0,36.8,60.0,60.1,21.0,64.1,Low,Mid-Range,Low Value,The battery drains too quickly and charging takes very long.
FT100074,18-24,Female,Student,Tier 2,10000.0,< 25K,High School,Muscle Gain,Intermediate,6,High,7300,5.3,Poor,Medium,Average,3.0,High,No,No,No,No,Medium,High,Low,Moderate,Yes,No,No,Yes,No,No,No,Low,High,Budget / Value,500.0,3K-6K,3700,Full Payment,Medium,Yes,2,No,No,High,Low,1,52.9,52.9,55.3,31.1,70.2,26.9,30.5,High,Budget,Low Value,The app keeps crashing and the notifications are unreliable.
FT100075,18-24,Male,Working Professional,Tier 1,94000.0,50K-1L,Diploma,Better Sleep,Beginner,1,Low,2700,6.9,Average,Medium,Average,3.3,Medium,No,Yes,No,No,Medium,Medium,High,Minimal,Yes,No,No,No,Yes,No,Yes,High,Medium,Budget / Value,5330.0,6K-10K,6900,Full Payment,Medium,No,4,Yes,No,High,Medium,2,54.8,27.3,58.8,50.3,67.4,72.3,49.5,Moderate,Mid-Range,Medium Value,Heart rate monitoring feels reliable and the hydration reminders really help.
FT100076,18-24,Female,Student,Tier 2,22700.0,< 25K,Post Graduate,Weight Loss,Intermediate,2,Medium,2600,6.4,Average,Medium,Average,1.7,Medium,No,Yes,No,No,High,High,Medium,Moderate,Yes,Yes,Yes,No,Yes,No,Yes,High,Low,No Preference,890.0,3K-6K,4900,Full Payment,Low,No,5,Yes,Yes,Low,Medium,0,55.1,29.4,51.7,68.4,56.8,83.1,71.4,Moderate,Budget,Medium Value,The personalized health reports keep me motivated to stay consistent.
FT100077,35-44,Male,Working Professional,Tier 3,48700.0,25K-50K,Graduate,Weight Loss,Beginner,2,Medium,5600,5.6,Poor,High,Average,1.2,Medium,No,Yes,No,Yes,Medium,High,Medium,Frequent,Yes,Yes,No,No,No,Yes,Yes,Low,Medium,Budget / Value,2800.0,< 3K,2200,Full Payment,Low,No,4,Yes,Yes,Medium,Medium,1,69.5,25.9,71.8,55.5,49.9,72.9,69.6,High,Budget,Medium Value,Step counting is accurate and syncing with the app is fast and seamless.
FT100078,25-34,Female,Self-Employed,Tier 1,83800.0,50K-1L,High School,General Fitness,Beginner,2,Medium,5300,5.5,Poor,Medium,Poor,3.6,Medium,No,Yes,No,Yes,High,High,High,Frequent,No,Yes,Yes,No,Yes,Yes,No,Medium,Low,No Preference,4860.0,6K-10K,7400,Full Payment,Low,No,3,No,No,High,Medium,0,71.1,33.9,70.3,63.5,51.5,48.7,72.4,High,Mid-Range,Medium Value,Step counting is accurate and syncing with the app is fast and seamless.
FT100079,35-44,Female,Homemaker,Tier 2,25300.0,25K-50K,Graduate,Weight Loss,Advanced,6,High,8400,6.2,Average,Medium,Poor,0.9,Medium,No,No,No,No,Medium,Medium,Medium,Moderate,No,No,Yes,No,Yes,No,Yes,High,High,Budget / Value,510.0,3K-6K,4100,Full Payment,Low,No,2,No,No,Low,Medium,1,54.6,69.4,56.1,32.8,56.9,26.9,35.3,Moderate,Budget,Low Value,Heart rate readings feel inaccurate during workouts and the strap is uncomfortable.
FT100080,35-44,Male,Working Professional,Tier 2,77200.0,50K-1L,Graduate,General Fitness,Advanced,2,Medium,6700,5.8,Average,Low,Good,2.6,Medium,No,No,No,No,Low,Medium,High,Moderate,Yes,Yes,Yes,No,No,No,No,Medium,Medium,Premium / Trusted,2930.0,3K-6K,5900,Full Payment,High,Yes,1,No,Yes,High,Medium,0,33.8,50.6,28.4,22.6,89.2,6.8,31.8,Low,Mid-Range,Low Value,Customer support was slow and the device disconnects from the app often.
FT100081,25-34,Male,Working Professional,Tier 3,63100.0,50K-1L,Post Graduate,General Fitness,Beginner,6,High,7700,6.8,Average,Medium,Average,3.1,Low,Yes,Yes,No,No,Low,Medium,Low,Frequent,No,Yes,No,Yes,No,Yes,Yes,High,Medium,No Preference,3790.0,3K-6K,4100,Full Payment,High,Yes,2,No,Yes,High,Medium,1,41.7,60.4,50.3,30.4,82.3,30.5,60.8,Moderate,Budget,Low Value,Hard to set up for beginners and too many confusing notifications.
FT100082,35-44,Male,Self-Employed,Tier 2,49900.0,25K-50K,Graduate,General Fitness,Advanced,6,High,8400,5.8,Poor,Medium,Average,2.6,Medium,No,Yes,No,No,Medium,High,Medium,Minimal,Yes,Yes,No,No,No,Yes,Yes,Medium,Low,Premium / Trusted,660.0,6K-10K,7400,Full Payment,Medium,Yes,4,Yes,No,High,Medium,3,58.5,65.5,55.3,48.1,67.5,57.5,53.0,High,Mid-Range,Medium Value,The battery drains too quickly and charging takes very long.
FT100083,18-24,Female,Student,Tier 3,12000.0,< 25K,High School,General Fitness,Intermediate,3,Medium,7700,6.4,Poor,Medium,Average,2.8,Medium,Yes,Yes,No,No,Low,Medium,Medium,Moderate,No,No,Yes,Yes,No,Yes,No,High,Medium,Budget / Value,520.0,< 3K,1200,Full Payment,Medium,No,4,Yes,No,High,Low,1,54.4,45.5,61.0,37.9,71.2,59.3,52.1,High,Budget,Medium Value,"The watch is okay, does the basic job of counting steps."
FT100084,18-24,Male,Working Professional,Tier 1,73700.0,50K-1L,Graduate,General Fitness,Beginner,0,Low,4700,6.6,Good,Medium,Average,2.1,Medium,No,Yes,Yes,No,High,Medium,High,Moderate,No,Yes,No,Yes,No,Yes,Yes,Medium,High,No Preference,1960.0,6K-10K,7300,Full Payment,Medium,No,4,Yes,No,Medium,High,3,47.2,26.7,50.8,85.6,69.9,54.7,73.1,Low,Mid-Range,Medium Value,"I love the sleep tracking, it is accurate and easy to understand."
FT100085,18-24,Male,Student,Tier 1,25600.0,25K-50K,High School,Weight Loss,Beginner,3,Medium,4900,7.0,Average,Medium,Poor,2.7,Low,No,No,No,No,High,High,Medium,Moderate,No,Yes,No,No,Yes,Yes,Yes,High,High,Premium / Trusted,740.0,6K-10K,7000,Full Payment,Low,No,3,No,No,High,High,0,56.0,34.2,60.6,54.8,56.7,42.1,47.3,Moderate,Mid-Range,Low Value,Customer support was slow and the device disconnects from the app often.
FT100086,35-44,Female,Self-Employed,Tier 3,22100.0,< 25K,High School,Better Sleep,Beginner,2,Medium,5600,6.4,Poor,Medium,Average,1.7,High,Yes,Yes,No,No,Low,Medium,Low,Minimal,No,Yes,Yes,Yes,Yes,No,No,Medium,Medium,No Preference,230.0,< 3K,1400,Full Payment,High,No,3,No,No,Low,Medium,1,64.7,23.3,63.6,40.1,91.0,38.3,50.2,High,Budget,Low Value,The battery drains too quickly and charging takes very long.
FT100087,25-34,Female,Working Professional,Tier 3,40700.0,25K-50K,Graduate,Stress Management,Intermediate,3,Medium,4900,6.6,Poor,High,Poor,1.8,Medium,No,No,Yes,No,Medium,High,High,Minimal,Yes,No,Yes,No,Yes,No,No,High,High,Budget / Value,1010.0,< 3K,2900,Full Payment,High,No,3,No,No,Low,Medium,1,82.5,37.1,77.3,46.9,88.9,35.7,33.3,High,Budget,Low Value,The app keeps crashing and the notifications are unreliable.
FT100088,18-24,Male,Student,Tier 2,19100.0,< 25K,Post Graduate,Weight Loss,Advanced,6,High,9200,6.7,Poor,High,Average,2.3,Medium,No,No,No,No,Medium,High,Medium,Minimal,Yes,Yes,Yes,No,No,No,No,High,Medium,Budget / Value,1110.0,< 3K,2500,Full Payment,Medium,No,2,No,No,Medium,Medium,1,66.2,68.8,62.1,30.3,82.0,24.7,27.5,High,Budget,Low Value,The battery drains too quickly and charging takes very long.
FT100089,25-34,Male,Working Professional,Tier 2,32100.0,25K-50K,High School,Weight Loss,Beginner,1,Low,4400,6.0,Poor,High,Average,1.1,Medium,No,No,Yes,Yes,Medium,Low,Medium,Frequent,Yes,No,Yes,No,Yes,No,Yes,High,Medium,No Preference,350.0,3K-6K,5500,Full Payment,Low,No,3,No,No,Low,Medium,0,82.9,26.9,78.7,56.4,53.2,37.8,54.9,High,Mid-Range,Low Value,"Average experience overall, nothing special but works fine."
FT100090,18-24,Female,Student,Tier 2,22600.0,< 25K,Post Graduate,Weight Loss,Beginner,2,Medium,6200,6.6,Poor,Medium,Poor,2.8,Medium,No,Yes,No,No,High,High,Low,Moderate,No,No,No,No,Yes,No,Yes,High,Medium,Premium / Trusted,570.0,6K-10K,6600,Full Payment,Medium,No,4,Yes,No,Medium,Low,2,70.3,27.9,70.7,59.1,74.5,58.9,55.3,High,Mid-Range,Medium Value,Heart rate monitoring feels reliable and the hydration reminders really help.
FT100091,35-44,Female,Homemaker,Tier 1,19500.0,< 25K,Graduate,Weight Loss,Beginner,2,Medium,5800,5.6,Poor,High,Poor,0.5,High,No,Yes,No,Yes,Medium,High,High,Frequent,Yes,No,Yes,Yes,Yes,Yes,Yes,High,High,Premium / Trusted,1370.0,6K-10K,7100,Full Payment,High,Yes,3,No,Yes,Medium,Low,2,83.6,32.2,84.1,44.2,91.4,40.9,74.2,High,Mid-Range,Low Value,Sleep tracking data seems wrong and the design feels cheap.
FT100092,25-34,Female,Homemaker,Tier 3,17000.0,< 25K,Graduate,Weight Loss,Intermediate,4,High,7900,5.9,Poor,Medium,Average,2.6,High,No,No,No,No,High,Low,Medium,Frequent,Yes,Yes,No,Yes,Yes,Yes,No,High,High,Premium / Trusted,250.0,3K-6K,4300,Full Payment,Low,No,3,No,No,Medium,High,0,58.7,51.9,55.0,39.7,59.4,38.6,53.3,High,Budget,Low Value,"The watch is okay, does the basic job of counting steps."
FT100093,25-34,Male,Working Professional,Tier 3,32000.0,25K-50K,Diploma,Weight Loss,Intermediate,4,High,5500,6.9,Average,Medium,Average,2.7,Low,No,Yes,Yes,Yes,High,High,High,Moderate,No,No,No,Yes,No,No,No,High,Low,Premium / Trusted,1570.0,3K-6K,5800,Full Payment,Low,No,4,Yes,No,Low,High,7,49.1,47.3,49.1,96.1,54.1,59.6,63.9,Moderate,Mid-Range,Medium Value,Heart rate monitoring feels reliable and the hydration reminders really help.
FT100094,25-34,Male,Working Professional,Tier 2,78800.0,50K-1L,Graduate,Better Sleep,Beginner,3,Medium,7000,7.5,Good,Low,Poor,1.7,Low,No,Yes,No,No,High,High,Medium,Moderate,No,No,Yes,Yes,Yes,No,Yes,High,High,No Preference,4670.0,3K-6K,5000,Full Payment,Medium,Yes,2,No,No,High,High,5,38.0,47.0,33.2,67.5,67.1,30.8,66.8,Low,Mid-Range,Low Value,The battery drains too quickly and charging takes very long.
FT100095,25-34,Male,Working Professional,Tier 1,63300.0,50K-1L,High School,Better Sleep,Intermediate,1,Low,5100,6.9,Good,Medium,Poor,1.3,Low,No,Yes,No,No,High,Medium,Low,Moderate,Yes,Yes,Yes,No,Yes,No,Yes,High,Medium,Budget / Value,3630.0,3K-6K,5900,Full Payment,Medium,No,3,No,Yes,Medium,Medium,0,55.0,41.1,64.2,59.1,69.0,40.9,68.1,Low,Mid-Range,Low Value,"The watch is okay, does the basic job of counting steps."
FT100096,25-34,Female,Working Professional,Tier 1,60500.0,50K-1L,Diploma,Stress Management,Beginner,0,Low,4200,5.7,Poor,Medium,Average,2.0,High,No,Yes,No,No,High,Medium,High,Frequent,No,No,No,Yes,Yes,Yes,No,High,High,No Preference,3470.0,6K-10K,7500,Full Payment,Low,Yes,4,Yes,No,Low,High,5,63.6,12.1,67.5,59.0,47.5,57.7,66.5,High,Mid-Range,Medium Value,"Affordable, lightweight and the companion app is very beginner friendly."
FT100097,18-24,Male,Student,Tier 1,20700.0,< 25K,Diploma,Muscle Gain,Intermediate,3,Medium,5000,7.2,Average,Medium,Good,2.8,Medium,Yes,Yes,No,Yes,High,High,Low,Moderate,Yes,No,No,Yes,No,No,Yes,High,High,Budget / Value,1260.0,3K-6K,4800,Full Payment,Medium,Yes,3,No,Yes,Medium,Low,0,44.4,43.3,46.3,58.4,69.2,37.2,59.3,Moderate,Budget,Low Value,I am worried about my health data privacy and how it is stored.
FT100098,18-24,Male,Working Professional,Tier 2,48300.0,25K-50K,Diploma,Stress Management,Intermediate,2,Medium,6800,5.6,Poor,High,Good,2.6,High,No,Yes,No,No,Medium,Medium,Low,Frequent,Yes,No,No,Yes,No,No,Yes,Low,Medium,Premium / Trusted,1090.0,3K-6K,5500,Full Payment,High,Yes,4,Yes,No,Medium,High,0,61.7,35.4,68.4,55.1,89.1,59.6,65.1,High,Mid-Range,Medium Value,The battery life is excellent and lasts almost a week on a single charge.
FT100099,55+,Female,Homemaker,Tier 2,23000.0,< 25K,High School,Stress Management,Intermediate,3,Medium,3900,5.5,Poor,High,Average,1.4,Medium,No,No,No,No,Medium,Medium,High,Frequent,Yes,No,Yes,Yes,No,No,Yes,High,High,No Preference,1500.0,3K-6K,3200,Full Payment,Medium,No,2,No,Yes,High,Medium,0,71.1,34.8,68.3,27.6,78.9,25.2,44.8,High,Budget,Low Value,"Too expensive for the features offered, the price could be lower."
FT100100,45-54,Female,Working Professional,Tier 1,58700.0,50K-1L,Diploma,Better Sleep,Beginner,3,Medium,5500,5.6,Poor,High,Average,2.4,High,No,No,No,No,Medium,High,High,Minimal,Yes,Yes,No,Yes,No,No,No,High,High,Premium / Trusted,2400.0,6K-10K,8400,EMI,Low,No,3,No,No,Medium,Medium,1,78.7,31.7,76.6,37.1,48.2,43.8,29.8,High,Mid-Range,Low Value,"Average experience overall, nothing special but works fine."
FT100101,35-44,Female,Working Professional,Tier 2,65300.0,50K-1L,Post Graduate,Stress Management,Intermediate,3,Medium,5800,7.0,Average,Medium,Average,2.5,Medium,Yes,No,No,No,Low,Low,High,Moderate,No,Yes,Yes,Yes,No,Yes,No,High,High,Premium / Trusted,800.0,6K-10K,7700,Full Payment,Low,No,1,No,No,Low,Medium,2,49.9,45.7,54.0,20.0,52.9,11.6,35.1,Moderate,Mid-Range,Low Value,"Too expensive for the features offered, the price could be lower."
FT100102,18-24,Male,Student,Tier 3,13400.0,< 25K,Post Graduate,Stress Management,Intermediate,1,Low,1800,4.8,Poor,High,Poor,2.5,High,Yes,Yes,Yes,Yes,High,Medium,Low,Minimal,Yes,No,No,Yes,Yes,No,Yes,High,Low,No Preference,860.0,3K-6K,3200,Full Payment,High,No,4,Yes,No,High,High,5,91.3,20.2,93.3,78.3,91.4,61.4,63.5,High,Budget,Medium Value,"Great value for money, the app is smooth and the design looks premium."
FT100103,55+,Male,Self-Employed,Tier 1,44500.0,25K-50K,Diploma,Stress Management,Intermediate,3,Medium,5800,4.7,Poor,High,Poor,2.3,High,Yes,No,Yes,Yes,Medium,High,High,Moderate,Yes,Yes,Yes,Yes,Yes,No,No,Medium,Medium,Budget / Value,680.0,6K-10K,6100,Full Payment,Low,Yes,4,Yes,Yes,Medium,High,5,79.9,36.7,81.2,53.0,43.5,67.7,51.0,High,Mid-Range,Medium Value,Step counting is accurate and syncing with the app is fast and seamless.
FT100104,35-44,Male,Working Professional,Tier 2,84400.0,50K-1L,Post Graduate,Muscle Gain,Intermediate,3,Medium,6700,8.1,Good,Medium,Poor,2.4,Medium,No,No,No,No,Medium,High,Medium,Minimal,No,No,No,No,No,Yes,No,Medium,Medium,Premium / Trusted,1350.0,3K-6K,5200,Full Payment,High,No,3,No,Yes,High,High,3,47.4,47.9,51.8,27.8,82.9,35.6,18.0,Low,Mid-Range,Low Value,Heart rate readings feel inaccurate during workouts and the strap is uncomfortable.
FT100105,35-44,Male,Working Professional,Tier 2,53900.0,50K-1L,Diploma,Weight Loss,Advanced,5,High,5200,7.1,Good,Medium,Good,2.3,Medium,No,Yes,No,No,Medium,High,Medium,Moderate,No,Yes,Yes,Yes,No,No,No,Medium,High,No Preference,310.0,3K-6K,3900,Full Payment,Medium,No,3,No,Yes,Medium,Medium,1,29.7,68.1,26.3,48.5,62.7,52.2,55.8,Low,Budget,Medium Value,I am worried about my health data privacy and how it is stored.
FT100106,25-34,Male,Working Professional,Tier 1,125600.0,1L-2L,Graduate,Weight Loss,Beginner,2,Medium,4500,5.9,Poor,Medium,Average,2.7,Low,No,No,No,Yes,High,High,Medium,Frequent,Yes,Yes,Yes,Yes,Yes,Yes,No,High,Medium,Premium / Trusted,3700.0,10K-18K,10300,EMI,Low,Yes,3,No,Yes,Medium,Medium,3,68.0,25.6,59.7,47.5,44.9,51.8,60.3,High,Mid-Range,Medium Value,"Affordable, lightweight and the companion app is very beginner friendly."
FT100107,18-24,Male,Student,Tier 2,32600.0,25K-50K,Post Graduate,General Fitness,Beginner,2,Medium,2100,5.5,Poor,Medium,Poor,2.6,High,Yes,Yes,No,No,High,High,Medium,Minimal,Yes,Yes,Yes,Yes,Yes,No,Yes,High,Medium,Budget / Value,1060.0,< 3K,2100,Full Payment,Low,Yes,3,No,No,Medium,High,2,73.3,23.0,70.3,66.1,45.0,48.6,67.8,High,Budget,Medium Value,I am worried about my health data privacy and how it is stored.
FT100108,18-24,Female,Working Professional,Tier 2,117800.0,1L-2L,Graduate,Weight Loss,Advanced,5,High,12200,5.5,Poor,Medium,Average,3.6,High,No,No,Yes,Yes,High,High,Medium,Minimal,No,No,No,Yes,No,Yes,No,Medium,Medium,No Preference,2510.0,6K-10K,7300,Full Payment,Medium,No,3,No,No,Medium,High,3,56.2,69.9,56.5,65.0,62.3,40.3,35.3,High,Mid-Range,Low Value,The battery drains too quickly and charging takes very long.
FT100109,45-54,Female,Working Professional,Tier 1,70800.0,50K-1L,Diploma,Weight Loss,Beginner,0,Low,3400,6.9,Average,Low,Poor,2.4,Low,No,Yes,Yes,Yes,Medium,Medium,Medium,Moderate,No,No,Yes,No,Yes,No,No,High,High,No Preference,3720.0,6K-10K,6900,Full Payment,Low,No,3,No,Yes,High,Low,0,50.6,20.4,59.3,70.6,45.0,46.5,59.3,Low,Mid-Range,Medium Value,"It works as expected, neither impressed nor disappointed so far."
FT100110,25-34,Other,Working Professional,Tier 1,85400.0,50K-1L,Graduate,Weight Loss,Advanced,4,High,7600,7.2,Average,Low,Average,1.6,Low,Yes,Yes,Yes,Yes,High,High,Low,Minimal,No,No,Yes,Yes,No,No,Yes,High,Medium,No Preference,4470.0,6K-10K,6400,Full Payment,High,No,3,No,No,Low,Medium,2,34.4,60.5,31.2,84.0,82.4,49.4,61.3,Low,Mid-Range,Medium Value,"The watch is okay, does the basic job of counting steps."
FT100111,18-24,Male,Student,Tier 3,10700.0,< 25K,Graduate,General Fitness,Intermediate,2,Medium,5600,6.7,Poor,High,Average,1.6,Medium,No,Yes,No,No,Medium,High,High,Minimal,Yes,Yes,Yes,No,No,Yes,Yes,High,Medium,Premium / Trusted,280.0,3K-6K,3400,Full Payment,Low,No,4,Yes,No,High,Medium,0,82.4,34.0,72.0,52.5,58.3,66.6,58.8,High,Budget,Medium Value,"I love the sleep tracking, it is accurate and easy to understand."
FT100112,25-34,Male,Student,Tier 1,34900.0,25K-50K,Graduate,Medical / Recovery,Advanced,5,High,9600,4.4,Poor,High,Good,2.4,High,Yes,Yes,No,No,Medium,Medium,High,Moderate,Yes,Yes,Yes,Yes,Yes,Yes,Yes,Medium,High,Budget / Value,1310.0,3K-6K,5500,Full Payment,Medium,Yes,3,No,Yes,High,Medium,1,63.9,65.0,58.4,49.6,70.9,46.8,73.4,High,Mid-Range,Medium Value,"It works as expected, neither impressed nor disappointed so far."
FT100113,25-34,Male,Working Professional,Tier 2,66600.0,50K-1L,Graduate,General Fitness,Intermediate,4,High,9200,4.7,Poor,High,Average,1.1,High,No,No,Yes,No,Low,Medium,Medium,Moderate,Yes,Yes,No,No,Yes,Yes,No,High,Medium,No Preference,4220.0,6K-10K,6600,Full Payment,Medium,Yes,2,No,No,Medium,Low,1,67.2,51.2,58.8,42.6,67.6,25.4,43.1,High,Mid-Range,Low Value,Hard to set up for beginners and too many confusing notifications.
FT100114,18-24,Male,Student,Tier 2,24500.0,< 25K,Graduate,Weight Loss,Intermediate,4,High,4600,6.1,Poor,Medium,Average,2.1,Medium,No,Yes,Yes,Yes,High,Medium,High,Moderate,Yes,Yes,Yes,No,Yes,No,Yes,High,High,No Preference,400.0,3K-6K,3800,Full Payment,High,Yes,3,No,No,Medium,High,0,49.5,44.2,49.8,84.8,91.4,47.2,77.1,High,Budget,Medium Value,The app keeps crashing and the notifications are unreliable.
FT100115,45-54,Male,Working Professional,Tier 3,27300.0,25K-50K,Diploma,General Fitness,Intermediate,4,High,9800,8.3,Good,Low,Poor,2.7,Low,No,No,No,No,Low,Medium,High,Minimal,No,No,No,Yes,Yes,No,Yes,Medium,Medium,Premium / Trusted,470.0,3K-6K,3800,Full Payment,High,Yes,2,No,No,Medium,High,1,29.8,68.9,33.5,20.7,89.9,24.3,24.1,Low,Budget,Low Value,Customer support was slow and the device disconnects from the app often.
FT100116,35-44,Male,Working Professional,Tier 2,70600.0,50K-1L,Graduate,General Fitness,Intermediate,3,Medium,8500,7.0,Average,Medium,Average,3.2,Low,No,Yes,No,No,Medium,High,High,Moderate,Yes,No,Yes,Yes,No,No,No,High,Medium,Budget / Value,1950.0,3K-6K,3900,Full Payment,High,No,2,No,No,Medium,Low,0,52.4,56.1,51.8,54.8,83.4,23.6,58.0,Moderate,Budget,Low Value,The app keeps crashing and the notifications are unreliable.
FT100117,35-44,Female,Working Professional,Tier 3,38200.0,25K-50K,Diploma,Muscle Gain,Beginner,3,Medium,6200,7.1,Good,Low,Good,1.1,Low,No,No,No,No,Low,High,High,Frequent,No,No,Yes,Yes,No,Yes,No,Medium,Low,No Preference,670.0,3K-6K,3400,Full Payment,Medium,Yes,2,No,Yes,High,Low,0,20.3,49.7,29.4,18.4,64.3,27.1,37.3,Low,Budget,Low Value,The battery drains too quickly and charging takes very long.
FT100118,25-34,Male,Self-Employed,Tier 2,72200.0,50K-1L,Post Graduate,Muscle Gain,Beginner,2,Medium,5000,6.4,Average,Low,Average,2.4,Low,No,No,Yes,Yes,High,Medium,Medium,Moderate,No,Yes,No,No,Yes,Yes,Yes,High,Medium,Premium / Trusted,580.0,6K-10K,7900,Full Payment,Medium,No,4,Yes,Yes,Low,Medium,4,42.3,29.3,38.3,57.6,68.7,58.2,48.3,Low,Mid-Range,Medium Value,"Great value for money, the app is smooth and the design looks premium."
FT100119,25-34,Female,Working Professional,Tier 2,54500.0,50K-1L,Graduate,Weight Loss,Beginner,2,Medium,800,4.8,Poor,Medium,Good,2.2,High,No,Yes,Yes,Yes,Medium,Medium,High,Moderate,No,No,Yes,No,Yes,No,Yes,High,High,Budget / Value,3160.0,3K-6K,4600,Full Payment,High,No,3,No,Yes,High,High,2,55.4,20.5,51.6,77.1,89.6,43.9,65.8,High,Budget,Low Value,The battery life is excellent and lasts almost a week on a single charge.
FT100120,25-34,Male,Working Professional,Tier 1,122700.0,1L-2L,Graduate,General Fitness,Advanced,6,High,7400,5.9,Poor,High,Good,2.3,High,No,No,Yes,No,High,Medium,Low,Moderate,Yes,Yes,No,No,No,No,Yes,High,Medium,Premium / Trusted,1210.0,6K-10K,9000,EMI,High,Yes,4,Yes,No,Low,High,1,67.6,63.7,50.9,72.7,85.3,64.5,49.3,High,Mid-Range,Medium Value,"Affordable, lightweight and the companion app is very beginner friendly."
FT100121,35-44,Male,Working Professional,Tier 1,152200.0,1L-2L,Graduate,Weight Loss,Beginner,1,Low,5000,5.2,Poor,High,Average,2.4,High,No,Yes,No,No,High,Medium,High,Minimal,Yes,Yes,Yes,No,No,No,Yes,Medium,High,No Preference,4590.0,6K-10K,9600,Full Payment,Low,No,4,Yes,No,Medium,High,5,81.7,22.8,79.0,63.4,40.5,72.9,58.3,High,Mid-Range,Medium Value,The battery life is excellent and lasts almost a week on a single charge.
FT100122,18-24,Male,Working Professional,Tier 2,30600.0,25K-50K,High School,Muscle Gain,Intermediate,0,Low,5200,6.1,Poor,Medium,Poor,2.3,High,No,Yes,No,No,Medium,Medium,Medium,Minimal,Yes,No,Yes,Yes,Yes,Yes,No,High,Medium,Premium / Trusted,390.0,3K-6K,4900,Full Payment,High,No,3,No,Yes,Medium,High,2,75.0,23.5,80.7,52.9,89.3,45.4,58.9,High,Budget,Medium Value,"Design is decent, battery is average, app could improve a little."
FT100123,25-34,Male,Student,Tier 1,27800.0,25K-50K,Diploma,Medical / Recovery,Beginner,1,Low,30000,6.4,Average,Low,Average,3.4,Low,Yes,Yes,Yes,Yes,High,High,Medium,Moderate,No,Yes,Yes,Yes,No,Yes,Yes,High,High,No Preference,700.0,6K-10K,6400,Full Payment,Medium,Yes,3,Yes,Yes,Low,Medium,2,43.7,28.3,50.6,84.0,71.5,53.7,76.8,Low,Mid-Range,Medium Value,"Reasonable device for the price, a few features could be better."
FT100124,18-24,Male,Working Professional,Tier 2,31500.0,25K-50K,Graduate,Better Sleep,Beginner,2,Medium,5100,5.8,Poor,Medium,Average,3.3,Medium,No,No,No,No,Medium,Medium,Medium,Minimal,Yes,No,Yes,No,No,Yes,No,High,Low,Premium / Trusted,410.0,6K-10K,7000,Full Payment,Medium,No,2,No,Yes,Low,Medium,0,62.3,20.4,58.6,32.8,74.0,34.2,28.3,High,Mid-Range,Low Value,Hard to set up for beginners and too many confusing notifications.
FT100125,25-34,Other,Working Professional,Tier 1,107700.0,1L-2L,Graduate,Weight Loss,Advanced,5,High,12000,5.6,Poor,Medium,Good,4.0,High,No,No,Yes,Yes,Low,Medium,Low,Moderate,Yes,No,No,Yes,No,No,Yes,High,Medium,Premium / Trusted,1360.0,6K-10K,8500,Full Payment,Low,Yes,3,No,No,High,Low,1,51.9,71.6,47.7,37.4,48.3,45.3,36.9,High,Mid-Range,Medium Value,"Design is decent, battery is average, app could improve a little."
FT100126,25-34,Male,Self-Employed,Tier 1,51000.0,50K-1L,Graduate,Stress Management,Beginner,1,Low,5900,7.0,Poor,Medium,Poor,2.3,Medium,No,Yes,Yes,No,High,High,Low,Moderate,Yes,Yes,Yes,Yes,Yes,No,No,Medium,High,Premium / Trusted,2380.0,6K-10K,9600,Full Payment,High,Yes,5,Yes,No,High,High,3,76.2,23.9,76.1,95.5,87.2,93.7,80.9,High,Mid-Range,Medium Value,"Great value for money, the app is smooth and the design looks premium."
FT100127,18-24,Male,Working Professional,Tier 1,96600.0,50K-1L,Post Graduate,Stress Management,Intermediate,2,Medium,4500,5.0,Poor,High,Average,2.0,High,No,Yes,Yes,No,High,Medium,Low,Moderate,No,Yes,Yes,Yes,Yes,No,No,High,Medium,Budget / Value,3340.0,6K-10K,7100,Full Payment,High,No,4,Yes,No,High,High,2,77.1,31.0,70.8,81.0,88.1,68.4,71.5,High,Mid-Range,Medium Value,"I love the sleep tracking, it is accurate and easy to understand."
FT100128,18-24,Female,Student,Tier 2,15000.0,< 25K,Graduate,Better Sleep,Beginner,0,Low,6900,6.6,Average,Low,Poor,1.5,Medium,No,Yes,Yes,Yes,High,High,Medium,Moderate,Yes,No,Yes,Yes,No,Yes,No,High,High,Budget / Value,330.0,3K-6K,3300,Full Payment,High,No,3,No,No,Low,Medium,0,51.0,32.6,57.4,88.6,92.5,40.5,74.2,Low,Budget,Low Value,"Too expensive for the features offered, the price could be lower."
FT100129,25-34,Male,Working Professional,Tier 2,61300.0,50K-1L,Graduate,Weight Loss,Beginner,3,Medium,4300,6.2,Poor,Medium,Average,1.9,High,Yes,Yes,No,No,Medium,High,Low,Minimal,No,No,Yes,No,Yes,Yes,No,Medium,High,No Preference,3900.0,3K-6K,4900,Full Payment,Low,Yes,3,No,No,Low,Medium,1,65.3,29.4,67.2,50.6,46.5,37.1,49.6,High,Budget,Low Value,Sleep tracking data seems wrong and the design feels cheap.
FT100130,18-24,Female,Working Professional,Tier 3,56600.0,50K-1L,Graduate,General Fitness,Beginner,1,Low,1500,6.4,Poor,High,Good,2.9,Medium,No,No,Yes,Yes,Medium,High,High,Moderate,No,No,Yes,Yes,No,Yes,No,High,Medium,Budget / Value,3750.0,3K-6K,4400,Full Payment,Low,No,2,No,Yes,Low,Low,1,72.2,11.5,71.8,48.6,47.1,29.9,40.9,High,Budget,Low Value,The battery drains too quickly and charging takes very long.
FT100131,45-54,Male,Working Professional,Tier 2,32200.0,25K-50K,Diploma,Weight Loss,Intermediate,3,Medium,5500,5.1,Poor,High,Average,3.0,High,No,Yes,Yes,Yes,Low,Medium,High,Moderate,Yes,No,Yes,Yes,Yes,No,Yes,Low,High,Premium / Trusted,1460.0,6K-10K,6100,Full Payment,Low,Yes,3,Yes,Yes,Medium,Medium,1,78.4,39.1,72.9,59.1,51.2,53.1,68.1,High,Mid-Range,Medium Value,"Average experience overall, nothing special but works fine."
FT100132,25-34,Female,Working Professional,Tier 3,26200.0,25K-50K,High School,Weight Loss,Beginner,1,Low,2700,6.7,Average,Medium,Average,2.8,Medium,Yes,No,No,Yes,Medium,High,Medium,Moderate,Yes,Yes,Yes,Yes,Yes,No,Yes,High,Medium,Budget / Value,480.0,3K-6K,3900,Full Payment,Low,Yes,4,Yes,Yes,Low,High,2,60.1,28.2,60.1,33.9,53.0,55.8,48.6,Moderate,Budget,Medium Value,"Affordable, lightweight and the companion app is very beginner friendly."
FT100133,25-34,Male,Working Professional,Tier 3,48700.0,25K-50K,Post Graduate,Muscle Gain,Intermediate,5,High,7800,5.4,Poor,High,Average,1.8,Medium,Yes,No,No,No,Medium,High,High,Frequent,Yes,Yes,Yes,No,No,Yes,Yes,High,Medium,No Preference,3090.0,3K-6K,3000,Full Payment,Medium,Yes,2,No,No,Medium,Medium,1,70.8,52.7,59.4,33.7,74.4,16.6,51.2,High,Budget,Low Value,The battery drains too quickly and charging takes very long.
FT100134,25-34,Male,Working Professional,Tier 1,163500.0,1L-2L,Post Graduate,General Fitness,Intermediate,4,High,8800,6.2,Poor,Medium,Average,1.8,Low,No,Yes,Yes,No,High,High,Medium,Frequent,No,Yes,Yes,Yes,No,No,Yes,High,High,Budget / Value,4570.0,10K-18K,10200,Full Payment,Medium,Yes,4,Yes,Yes,Low,Medium,1,60.2,53.6,55.7,86.4,64.4,64.4,80.4,High,Mid-Range,Medium Value,"Design is decent, battery is average, app could improve a little."
FT100135,18-24,Female,Student,Tier 3,19800.0,< 25K,Post Graduate,Weight Loss,Beginner,0,Low,2900,7.3,Good,Medium,Average,3.9,Medium,No,No,Yes,Yes,Medium,High,High,Moderate,No,Yes,No,No,Yes,Yes,No,High,Medium,Premium / Trusted,650.0,3K-6K,4900,Full Payment,High,Yes,3,No,Yes,Medium,Medium,0,45.7,22.4,45.3,50.7,91.4,47.8,41.6,Low,Budget,Medium Value,Sleep tracking data seems wrong and the design feels cheap.
FT100136,55+,Female,Homemaker,Tier 1,21100.0,< 25K,Diploma,Better Sleep,Beginner,3,Medium,6300,5.2,Poor,High,Poor,1.6,Medium,No,No,Yes,Yes,Low,High,High,Minimal,Yes,Yes,Yes,No,Yes,Yes,No,Medium,High,Budget / Value,1140.0,3K-6K,3200,Full Payment,Medium,No,3,No,No,Low,Low,2,81.9,35.5,81.0,42.9,67.4,41.3,40.4,High,Budget,Low Value,"Reasonable device for the price, a few features could be better."
FT100137,25-34,Male,Student,Tier 2,11500.0,< 25K,High School,General Fitness,Beginner,1,Low,4200,7.3,Good,Low,Poor,3.4,Low,No,Yes,Yes,Yes,Medium,Medium,High,Minimal,No,Yes,Yes,Yes,No,Yes,Yes,Medium,Low,Budget / Value,530.0,3K-6K,4600,Full Payment,Low,Yes,2,No,No,High,Medium,1,41.0,32.5,51.5,68.0,52.3,33.4,64.2,Low,Budget,Low Value,Heart rate readings feel inaccurate during workouts and the strap is uncomfortable.
FT100138,35-44,Female,Working Professional,Tier 3,67700.0,50K-1L,Graduate,Medical / Recovery,Intermediate,2,Medium,1000,7.0,Average,Medium,Good,2.6,Low,Yes,Yes,No,No,High,High,Low,Minimal,Yes,No,Yes,No,Yes,Yes,No,Medium,High,Budget / Value,2170.0,3K-6K,3600,Full Payment,Low,Yes,4,Yes,Yes,Low,Medium,2,49.4,30.4,43.0,59.6,47.2,56.7,57.0,Moderate,Budget,Medium Value,"Average experience overall, nothing special but works fine."
FT100139,18-24,Male,Student,Tier 1,42300.0,25K-50K,Post Graduate,Stress Management,Intermediate,3,Medium,3600,5.4,Poor,High,Average,1.7,High,No,No,No,No,Medium,Medium,High,Minimal,Yes,Yes,No,Yes,No,No,Yes,Medium,Medium,No Preference,1710.0,3K-6K,3500,Full Payment,Medium,Yes,2,No,No,Low,Low,3,76.0,33.3,75.4,31.5,71.6,30.6,32.2,High,Budget,Low Value,The battery drains too quickly and charging takes very long.
FT100140,25-34,Male,Working Professional,Tier 2,32100.0,25K-50K,High School,Better Sleep,Beginner,0,Low,2300,6.3,Average,Medium,Poor,1.4,High,Yes,No,Yes,Yes,Medium,Medium,High,Minimal,No,Yes,Yes,Yes,Yes,No,No,Medium,High,Budget / Value,2050.0,3K-6K,5300,Full Payment,Medium,No,3,No,Yes,Low,Medium,0,61.8,17.0,62.3,48.6,64.5,50.6,38.2,Moderate,Mid-Range,Medium Value,"Design is decent, battery is average, app could improve a little."
FT100141,25-34,Male,Working Professional,Tier 1,53300.0,50K-1L,High School,Stress Management,Intermediate,1,Low,2600,7.1,Average,High,Average,1.7,Medium,No,Yes,No,No,Medium,High,Low,Moderate,Yes,No,No,No,No,No,No,Medium,High,Budget / Value,1960.0,6K-10K,7600,Full Payment,Medium,Yes,4,Yes,No,Low,High,5,68.9,24.2,70.0,56.1,73.5,68.8,49.9,High,Mid-Range,Medium Value,Comfortable to wear all day and the stress tracking is genuinely useful.
FT100142,45-54,Female,Homemaker,Tier 1,21100.0,< 25K,High School,Weight Loss,Beginner,2,Medium,4800,6.5,Poor,Medium,Average,2.6,Medium,No,Yes,Yes,No,High,Medium,Low,Moderate,No,No,Yes,Yes,Yes,Yes,No,Low,High,Budget / Value,1020.0,3K-6K,5000,Full Payment,High,No,4,Yes,Yes,Medium,Medium,1,62.1,21.4,62.6,88.9,88.5,68.3,74.3,High,Mid-Range,Medium Value,"The watch is okay, does the basic job of counting steps."
FT100143,25-34,Male,Working Professional,Tier 1,79700.0,50K-1L,Graduate,Weight Loss,Intermediate,3,Medium,8800,6.2,Poor,High,Poor,1.6,Low,No,Yes,No,Yes,High,Medium,High,Minimal,Yes,No,No,No,Yes,No,No,High,High,Premium / Trusted,1640.0,6K-10K,9600,EMI,Low,Yes,4,Yes,Yes,Medium,High,0,83.0,42.2,72.9,67.3,48.3,67.7,51.1,High,Mid-Range,Medium Value,"I love the sleep tracking, it is accurate and easy to understand."
FT100144,25-34,Female,Working Professional,Tier 1,71800.0,50K-1L,Post Graduate,Better Sleep,Beginner,2,Medium,5100,5.4,Poor,High,Average,3.5,High,No,No,Yes,Yes,Medium,Medium,High,Moderate,Yes,Yes,No,Yes,Yes,Yes,Yes,Medium,High,Budget / Value,3240.0,6K-10K,6000,Full Payment,Medium,No,3,No,No,Medium,Medium,1,74.9,22.4,73.7,52.6,66.7,44.5,55.1,High,Mid-Range,Low Value,Heart rate readings feel inaccurate during workouts and the strap is uncomfortable.
FT100145,18-24,Male,Student,Tier 1,24700.0,< 25K,Graduate,Weight Loss,Beginner,2,Medium,2800,5.8,Poor,High,Poor,2.1,High,No,Yes,Yes,Yes,High,High,Medium,Frequent,No,Yes,Yes,Yes,Yes,Yes,Yes,High,Medium,Premium / Trusted,450.0,6K-10K,8300,EMI,Medium,Yes,4,Yes,No,Medium,High,0,78.4,20.8,72.0,90.4,69.8,66.2,90.4,High,Mid-Range,Medium Value,"Affordable, lightweight and the companion app is very beginner friendly."
FT100146,25-34,Female,Homemaker,Tier 2,22500.0,< 25K,High School,General Fitness,Beginner,2,Medium,3800,7.1,Good,Medium,Good,2.9,Low,No,No,No,No,High,High,Low,Minimal,Yes,Yes,Yes,No,No,Yes,Yes,High,Medium,Premium / Trusted,1410.0,3K-6K,4800,Full Payment,High,Yes,3,No,No,Medium,High,4,31.8,33.7,36.0,40.4,97.3,44.0,39.6,Low,Budget,Low Value,"Too expensive for the features offered, the price could be lower."
FT100147,25-34,Female,Working Professional,Tier 2,58800.0,50K-1L,Graduate,Muscle Gain,Intermediate,1,Low,7200,5.6,Poor,High,Average,2.8,High,No,Yes,Yes,Yes,High,High,Medium,Minimal,Yes,Yes,Yes,Yes,No,Yes,Yes,High,Medium,Premium / Trusted,2070.0,6K-10K,7700,Full Payment,Low,No,4,Yes,Yes,Medium,Low,0,79.9,31.4,80.5,78.9,47.6,57.7,72.3,High,Mid-Range,Medium Value,"The watch is okay, does the basic job of counting steps."
FT100148,25-34,Male,Self-Employed,Tier 2,56300.0,50K-1L,Graduate,Weight Loss,Intermediate,2,Medium,8000,5.1,Poor,Medium,Good,3.6,Medium,No,No,Yes,Yes,High,High,Low,Moderate,Yes,No,Yes,No,No,Yes,Yes,High,Medium,Budget / Value,2590.0,3K-6K,4200,Full Payment,Medium,No,4,Yes,No,Medium,High,4,61.7,44.3,52.9,62.7,65.1,57.0,50.1,High,Budget,Medium Value,"Great value for money, the app is smooth and the design looks premium."
FT100149,18-24,Male,Student,Tier 2,13500.0,< 25K,High School,Weight Loss,Beginner,2,Medium,6300,6.2,Poor,High,Average,1.9,Medium,No,Yes,No,Yes,High,High,High,Minimal,No,Yes,Yes,Yes,Yes,No,Yes,High,Medium,Premium / Trusted,160.0,3K-6K,5900,Full Payment,Medium,No,4,Yes,Yes,Low,High,3,70.0,28.9,72.7,59.8,75.9,61.1,61.4,High,Mid-Range,Medium Value,"The watch is okay, does the basic job of counting steps."
FT100150,35-44,Male,Working Professional,Tier 1,125600.0,1L-2L,Diploma,General Fitness,Beginner,0,Low,800,5.9,Poor,Medium,Good,2.4,Medium,No,Yes,No,No,Medium,Medium,Low,Minimal,Yes,Yes,Yes,Yes,No,No,No,High,Medium,Budget / Value,1580.0,3K-6K,5700,Full Payment,Medium,Yes,3,No,No,Low,High,3,64.3,11.0,68.0,56.8,64.6,46.4,56.0,High,Mid-Range,Medium Value,"It works as expected, neither impressed nor disappointed so far."
FT100151,45-54,Female,Self-Employed,Tier 1,81600.0,50K-1L,Graduate,General Fitness,Intermediate,4,High,8000,6.1,Poor,High,Average,1.2,High,Yes,No,No,Yes,Low,Medium,Medium,Moderate,Yes,Yes,Yes,Yes,No,No,No,Medium,Medium,No Preference,820.0,6K-10K,6800,Full Payment,Medium,Yes,2,No,No,Low,Low,0,74.7,44.9,63.5,14.5,65.3,31.6,33.2,High,Mid-Range,Low Value,"Too expensive for the features offered, the price could be lower."
FT100152,18-24,Male,Student,Tier 2,21600.0,< 25K,Diploma,Muscle Gain,Beginner,0,Low,3700,6.1,Poor,Medium,Poor,2.4,High,No,Yes,Yes,Yes,High,High,Medium,Moderate,Yes,No,No,Yes,Yes,Yes,No,Low,High,No Preference,670.0,3K-6K,4700,Full Payment,Medium,Yes,5,Yes,No,Low,High,2,79.2,16.4,73.9,92.4,73.6,87.5,75.5,High,Budget,Medium Value,"Affordable, lightweight and the companion app is very beginner friendly."
FT100153,25-34,Male,Self-Employed,Tier 3,42600.0,25K-50K,Post Graduate,Weight Loss,Intermediate,3,Medium,6300,8.2,Good,Low,Good,3.2,Low,No,No,No,No,Medium,Medium,Medium,Frequent,No,No,No,Yes,Yes,No,No,High,Medium,Budget / Value,670.0,3K-6K,3200,Full Payment,Low,No,3,No,Yes,Medium,Low,1,23.2,55.2,31.1,27.9,55.1,37.7,36.3,Low,Budget,Low Value,I am worried about my health data privacy and how it is stored.
FT100154,18-24,Male,Student,Tier 2,19500.0,< 25K,Graduate,General Fitness,Beginner,3,Medium,5300,4.9,Poor,High,Good,2.3,High,Yes,No,No,No,Medium,High,High,Minimal,Yes,Yes,No,Yes,No,Yes,No,High,High,Premium / Trusted,1040.0,6K-10K,6000,Full Payment,Medium,Yes,3,No,Yes,High,Medium,0,68.9,32.9,65.3,28.2,72.2,37.0,31.0,High,Mid-Range,Low Value,Step counting is accurate and syncing with the app is fast and seamless.
FT100155,35-44,Female,Self-Employed,Tier 1,81600.0,50K-1L,Graduate,Weight Loss,Beginner,2,Medium,4500,6.1,Poor,Medium,Good,4.2,Medium,No,Yes,No,No,Medium,Medium,Medium,Frequent,Yes,No,No,No,No,Yes,No,High,Medium,No Preference,4460.0,3K-6K,3900,Full Payment,High,Yes,3,No,No,Low,Medium,0,59.6,24.2,57.6,49.9,84.3,46.3,59.0,High,Budget,Medium Value,Customer support was slow and the device disconnects from the app often.
FT100156,18-24,Male,Working Professional,Tier 3,37800.0,25K-50K,Graduate,Muscle Gain,Intermediate,1,Low,2900,6.2,Average,Medium,Good,2.7,Medium,Yes,No,No,No,Medium,High,Low,Minimal,Yes,Yes,No,No,No,No,Yes,High,Medium,Budget / Value,770.0,3K-6K,3200,Full Payment,Low,Yes,3,No,No,High,Medium,1,55.8,29.7,46.2,31.3,54.9,34.8,27.8,Moderate,Budget,Low Value,"Average experience overall, nothing special but works fine."
FT100157,35-44,Male,Self-Employed,Tier 3,38900.0,25K-50K,Graduate,Weight Loss,Beginner,3,Medium,4200,5.9,Poor,Low,Average,1.9,Medium,Yes,No,No,No,Low,Medium,Low,Moderate,Yes,Yes,No,No,Yes,No,No,High,Medium,Budget / Value,1610.0,3K-6K,3400,Full Payment,Low,No,2,No,No,Medium,Medium,0,54.0,30.2,43.7,18.7,51.0,27.7,30.4,Moderate,Budget,Low Value,Sleep tracking data seems wrong and the design feels cheap.
FT100158,35-44,Other,Working Professional,Tier 2,50500.0,50K-1L,High School,Weight Loss,Intermediate,6,High,12100,6.7,Average,Medium,Average,2.7,Medium,No,Yes,No,No,High,Medium,Medium,Minimal,No,Yes,Yes,No,Yes,No,Yes,High,Medium,Premium / Trusted,1680.0,6K-10K,6100,Full Payment,Low,No,3,No,No,Low,Medium,0,46.7,73.6,42.0,57.3,47.2,49.7,56.2,Moderate,Mid-Range,Medium Value,"Affordable, lightweight and the companion app is very beginner friendly."
FT100159,35-44,Male,Self-Employed,Tier 1,66600.0,50K-1L,Graduate,Stress Management,Beginner,5,High,10100,5.4,Poor,Medium,Good,1.1,Medium,Yes,Yes,No,No,High,High,Low,Minimal,Yes,Yes,No,No,No,Yes,Yes,High,High,Budget / Value,1190.0,3K-6K,5200,Full Payment,High,No,4,Yes,No,High,High,3,55.7,54.8,46.6,63.0,87.0,71.8,58.2,High,Mid-Range,Medium Value,Heart rate monitoring feels reliable and the hydration reminders really help.
FT100160,18-24,Female,Self-Employed,Tier 1,64400.0,50K-1L,Diploma,Weight Loss,Beginner,2,Medium,4700,7.3,Good,Medium,Poor,1.7,Low,No,No,Yes,No,Medium,Low,Medium,Frequent,No,Yes,Yes,No,Yes,No,Yes,High,Medium,No Preference,2690.0,3K-6K,5500,Full Payment,Medium,No,2,No,No,Medium,Medium,0,48.7,34.4,50.0,46.1,64.2,32.9,51.3,Low,Mid-Range,Low Value,Customer support was slow and the device disconnects from the app often.
FT100161,45-54,Male,Working Professional,Tier 2,77200.0,50K-1L,Graduate,Stress Management,Beginner,0,Low,3600,6.3,Poor,High,Good,1.3,High,Yes,No,No,No,Low,Medium,Medium,Minimal,No,Yes,No,Yes,No,Yes,No,High,High,No Preference,4060.0,3K-6K,5600,Full Payment,Low,Yes,2,No,No,Medium,Low,0,75.5,17.8,70.0,20.2,47.1,20.8,23.9,High,Mid-Range,Low Value,Hard to set up for beginners and too many confusing notifications.
FT100162,18-24,Male,Student,Tier 3,12000.0,< 25K,Graduate,General Fitness,Beginner,2,Medium,5900,6.2,Poor,Medium,Good,2.3,Medium,No,Yes,No,No,Medium,Medium,Medium,Minimal,Yes,No,Yes,No,No,No,Yes,Medium,High,Premium / Trusted,660.0,3K-6K,4600,Full Payment,Medium,Yes,4,Yes,No,Low,Low,2,59.6,29.7,48.5,51.0,77.8,55.9,49.7,High,Budget,Medium Value,"Average experience overall, nothing special but works fine."
FT100163,18-24,Female,Working Professional,Tier 2,85100.0,50K-1L,Graduate,Weight Loss,Intermediate,5,High,12700,6.7,Poor,Medium,Average,2.3,Medium,No,Yes,No,No,High,High,Low,Moderate,No,No,No,Yes,Yes,Yes,Yes,Low,Medium,No Preference,2030.0,3K-6K,4300,Full Payment,Low,No,4,Yes,No,Low,High,3,56.2,65.1,55.2,59.0,41.6,56.7,63.8,High,Budget,Medium Value,The battery drains too quickly and charging takes very long.
FT100164,25-34,Female,Working Professional,Tier 1,92800.0,50K-1L,Graduate,General Fitness,Intermediate,3,Medium,7900,5.9,Poor,High,Average,3.3,Medium,No,Yes,No,No,High,High,High,Minimal,Yes,Yes,No,No,No,Yes,Yes,High,Medium,Budget / Value,1580.0,3K-6K,5700,Full Payment,Medium,No,3,No,No,High,Medium,0,84.6,44.2,71.3,76.0,64.6,48.4,62.7,High,Mid-Range,Medium Value,"Design is decent, battery is average, app could improve a little."
FT100165,25-34,Female,Self-Employed,Tier 2,34600.0,25K-50K,High School,Better Sleep,Advanced,6,High,11100,6.2,Poor,Medium,Average,2.2,High,Yes,Yes,No,No,Medium,Medium,Medium,Moderate,No,Yes,Yes,No,Yes,No,No,Medium,High,No Preference,2100.0,3K-6K,5000,Full Payment,Low,No,3,No,No,Medium,Low,1,58.6,75.3,48.0,48.7,54.5,47.8,55.9,High,Mid-Range,Medium Value,"Average experience overall, nothing special but works fine."
FT100166,35-44,Male,Self-Employed,Tier 3,24800.0,< 25K,Graduate,General Fitness,Beginner,0,Low,3100,6.5,Average,Medium,Good,1.5,Low,No,Yes,No,No,High,Medium,Medium,Frequent,No,No,No,No,No,Yes,Yes,Low,Medium,Budget / Value,1460.0,< 3K,2700,Full Payment,High,No,3,No,No,Medium,Medium,2,50.7,17.1,50.1,59.7,91.5,43.8,62.5,Moderate,Budget,Low Value,Hard to set up for beginners and too many confusing notifications.
FT100167,35-44,Male,Working Professional,Tier 2,46600.0,25K-50K,Diploma,Weight Loss,Beginner,2,Medium,4400,6.4,Poor,High,Poor,3.5,High,Yes,Yes,No,No,Medium,High,Medium,Minimal,Yes,No,Yes,Yes,Yes,No,Yes,High,Medium,No Preference,1190.0,6K-10K,6700,Full Payment,Medium,No,4,Yes,No,High,Medium,2,85.1,21.9,80.4,48.9,75.6,57.3,57.5,High,Mid-Range,Medium Value,Heart rate monitoring feels reliable and the hydration reminders really help.
FT100168,25-34,Male,Working Professional,Tier 3,60800.0,50K-1L,Post Graduate,Muscle Gain,Beginner,0,Low,5500,5.7,Poor,Medium,Average,0.5,Medium,No,Yes,No,No,High,High,Medium,Minimal,Yes,No,Yes,Yes,No,Yes,Yes,Medium,High,No Preference,620.0,3K-6K,4400,Full Payment,Medium,No,4,Yes,No,Medium,Medium,1,72.6,19.4,71.8,66.4,68.6,63.2,63.7,High,Budget,Medium Value,"It works as expected, neither impressed nor disappointed so far."
FT100169,55+,Male,Self-Employed,Tier 1,125900.0,1L-2L,Graduate,General Fitness,Advanced,4,High,8600,7.0,Average,Low,Average,2.3,Medium,No,No,No,No,Low,High,Medium,Moderate,Yes,Yes,No,No,No,No,No,High,Medium,Budget / Value,5390.0,3K-6K,4200,Full Payment,High,Yes,2,No,Yes,Medium,Medium,1,32.1,61.6,32.5,21.7,81.9,27.4,27.2,Low,Budget,Low Value,Customer support was slow and the device disconnects from the app often.
FT100170,18-24,Male,Student,Tier 1,40800.0,25K-50K,Post Graduate,Stress Management,Beginner,1,Low,2600,3.6,Poor,High,Good,2.5,High,No,Yes,No,No,High,High,High,Frequent,No,Yes,No,No,No,No,Yes,High,Medium,Budget / Value,1180.0,6K-10K,6200,Full Payment,Medium,No,4,Yes,No,High,Medium,0,70.1,17.7,74.5,59.5,76.2,55.7,62.4,High,Mid-Range,Medium Value,The personalized health reports keep me motivated to stay consistent.
FT100171,25-34,Male,Student,Tier 2,27600.0,25K-50K,Graduate,Medical / Recovery,Beginner,1,Low,4900,4.7,Poor,High,Average,2.3,High,Yes,No,Yes,Yes,Medium,High,Medium,Frequent,Yes,Yes,No,No,No,Yes,No,High,High,Budget / Value,1510.0,3K-6K,4600,Full Payment,Medium,No,3,No,No,Low,Medium,2,80.2,27.9,81.7,55.7,74.2,50.1,50.4,High,Budget,Medium Value,Customer support was slow and the device disconnects from the app often.
FT100172,18-24,Male,Student,Tier 2,18600.0,< 25K,Post Graduate,General Fitness,Intermediate,2,Medium,6700,5.9,Poor,High,Average,2.7,High,No,No,No,Yes,High,High,Low,Frequent,Yes,Yes,Yes,Yes,No,Yes,Yes,Low,Medium,Premium / Trusted,210.0,3K-6K,5300,Full Payment,Medium,Yes,3,No,Yes,Low,High,1,76.5,37.9,69.6,51.0,73.1,36.1,61.6,High,Mid-Range,Low Value,The battery drains too quickly and charging takes very long.
FT100173,45-54,Male,Working Professional,Tier 3,27800.0,25K-50K,High School,General Fitness,Beginner,1,Low,800,5.5,Poor,High,Poor,2.4,Medium,No,No,Yes,No,Low,Medium,High,Moderate,Yes,No,No,No,Yes,Yes,Yes,Low,High,No Preference,1020.0,3K-6K,4100,Full Payment,Medium,No,3,No,No,Low,Medium,1,86.0,13.2,89.8,41.1,70.4,41.3,42.5,High,Budget,Low Value,Sleep tracking data seems wrong and the design feels cheap.
FT100174,18-24,Male,Working Professional,Tier 2,69500.0,50K-1L,Diploma,General Fitness,Intermediate,4,High,5700,5.9,Poor,Medium,Average,2.7,High,No,Yes,Yes,Yes,High,High,Medium,Moderate,Yes,Yes,No,Yes,No,No,Yes,High,High,Premium / Trusted,1790.0,6K-10K,8000,Full Payment,Low,No,3,No,Yes,Low,High,2,58.0,48.7,58.0,82.1,47.6,51.4,71.9,High,Mid-Range,Medium Value,"Reasonable device for the price, a few features could be better."
FT100175,18-24,Male,Student,Tier 1,14700.0,< 25K,High School,Medical / Recovery,Beginner,1,Low,4800,7.1,Average,Low,Good,1.8,Low,Yes,No,No,No,High,High,Low,Frequent,Yes,Yes,Yes,No,No,No,Yes,Low,Medium,Premium / Trusted,600.0,6K-10K,6000,Full Payment,Low,No,3,No,No,High,High,4,39.0,29.1,43.8,48.6,55.7,37.6,52.2,Low,Mid-Range,Low Value,"Design is decent, battery is average, app could improve a little."
FT100176,25-34,Female,Self-Employed,Tier 1,64700.0,50K-1L,High School,General Fitness,Intermediate,3,Medium,2800,6.7,Average,Low,Average,1.1,Medium,No,Yes,No,No,Medium,Medium,Low,Frequent,Yes,No,No,No,No,No,No,Low,High,Premium / Trusted,2810.0,6K-10K,8000,Full Payment,Medium,No,3,No,No,Medium,Low,0,34.9,42.1,42.1,52.2,64.9,39.0,55.6,Low,Mid-Range,Low Value,I am worried about my health data privacy and how it is stored.
FT100177,55+,Female,Retired,Tier 2,57000.0,50K-1L,Post Graduate,Weight Loss,Intermediate,4,High,4200,5.7,Poor,Medium,Average,2.3,Medium,Yes,Yes,Yes,Yes,Low,Low,Medium,Minimal,Yes,Yes,Yes,No,No,No,No,Medium,Low,Budget / Value,3540.0,3K-6K,4000,Full Payment,Low,No,4,Yes,No,Medium,Low,3,60.1,39.6,54.2,62.7,54.9,56.2,53.8,High,Budget,Medium Value,"Reasonable device for the price, a few features could be better."
FT100178,45-54,Male,Working Professional,Tier 1,97600.0,50K-1L,Graduate,Medical / Recovery,Beginner,1,Low,3600,5.1,Poor,Medium,Average,1.5,High,Yes,Yes,Yes,Yes,Low,High,Medium,Moderate,Yes,Yes,Yes,No,No,Yes,No,Low,High,Premium / Trusted,2740.0,6K-10K,7500,Full Payment,Medium,No,3,No,Yes,Low,Medium,0,72.0,19.0,64.4,63.1,73.5,38.7,65.2,High,Mid-Range,Low Value,Customer support was slow and the device disconnects from the app often.
FT100179,35-44,Female,Working Professional,Tier 2,59600.0,50K-1L,Graduate,Medical / Recovery,Intermediate,5,High,9400,5.2,Poor,Medium,Average,1.7,High,Yes,No,No,No,High,High,High,Frequent,Yes,No,Yes,No,No,No,Yes,High,High,Budget / Value,830.0,3K-6K,4200,Full Payment,Low,Yes,3,No,No,Medium,High,3,58.7,54.8,58.1,43.7,49.3,36.8,46.2,High,Budget,Low Value,The app keeps crashing and the notifications are unreliable.
FT100180,45-54,Female,Self-Employed,Tier 1,63600.0,50K-1L,Graduate,General Fitness,Intermediate,2,Medium,6200,7.9,Good,Low,Average,3.2,Low,Yes,Yes,No,No,Medium,High,Low,Frequent,No,Yes,No,No,No,No,Yes,Medium,Medium,No Preference,3540.0,6K-10K,6300,Full Payment,Medium,No,3,No,No,Medium,Medium,1,30.5,49.1,27.9,51.9,61.3,47.2,59.7,Low,Mid-Range,Medium Value,The battery drains too quickly and charging takes very long.
FT100181,45-54,Male,Self-Employed,Tier 1,126800.0,1L-2L,Graduate,General Fitness,Beginner,4,High,10200,6.1,Poor,Medium,Good,3.5,Medium,No,Yes,No,No,Medium,Medium,Medium,Moderate,No,Yes,Yes,No,No,No,No,Medium,Medium,Premium / Trusted,4860.0,6K-10K,9600,EMI,Low,Yes,4,Yes,No,Low,Medium,0,50.1,48.9,46.5,55.5,44.9,61.1,54.0,High,Mid-Range,Medium Value,"Affordable, lightweight and the companion app is very beginner friendly."
FT100182,25-34,Male,Student,Tier 2,24300.0,< 25K,Graduate,Stress Management,Advanced,6,High,9700,6.8,Average,Medium,Average,3.2,High,No,No,No,No,Low,High,Low,Moderate,No,Yes,No,Yes,No,Yes,No,High,High,No Preference,1400.0,< 3K,2800,Full Payment,Medium,No,2,No,No,Low,Medium,0,45.7,77.0,47.8,17.5,73.0,31.3,30.0,Moderate,Budget,Low Value,Customer support was slow and the device disconnects from the app often.
FT100183,25-34,Male,Homemaker,Tier 1,47100.0,25K-50K,Post Graduate,Better Sleep,Intermediate,3,Medium,5600,6.4,Average,Low,Average,3.1,Low,No,Yes,No,No,High,High,Medium,Frequent,Yes,Yes,Yes,No,No,No,Yes,Medium,High,Budget / Value,2410.0,3K-6K,5100,Full Payment,High,No,3,Yes,Yes,Low,Low,0,41.8,46.7,38.0,66.2,91.9,52.8,73.3,Low,Mid-Range,Medium Value,"Great value for money, the app is smooth and the design looks premium."
FT100184,35-44,Male,Self-Employed,Tier 2,52100.0,50K-1L,Graduate,General Fitness,Advanced,5,High,6100,6.4,Poor,Medium,Average,2.3,High,No,No,Yes,No,Medium,Medium,High,Minimal,Yes,Yes,Yes,Yes,No,No,Yes,Medium,Medium,Premium / Trusted,1790.0,6K-10K,6300,Full Payment,Medium,No,2,No,No,High,Low,1,54.0,55.7,54.5,48.7,69.3,33.7,42.5,High,Mid-Range,Low Value,"Too expensive for the features offered, the price could be lower."
FT100185,35-44,Female,Self-Employed,Tier 2,58300.0,50K-1L,Graduate,General Fitness,Intermediate,3,Medium,5600,6.9,Good,Low,Good,3.1,Low,No,No,Yes,Yes,Low,Medium,Low,Moderate,No,Yes,No,Yes,No,Yes,Yes,Medium,High,Budget / Value,580.0,< 3K,2400,Full Payment,High,Yes,3,No,Yes,Medium,Medium,2,20.2,52.3,20.0,37.5,91.8,47.2,41.3,Low,Budget,Medium Value,"Average experience overall, nothing special but works fine."
FT100186,25-34,Other,Working Professional,Tier 2,53400.0,50K-1L,Diploma,General Fitness,Beginner,2,Medium,6500,6.7,Average,Medium,Poor,2.6,Medium,No,No,No,No,High,High,High,Frequent,Yes,Yes,Yes,Yes,Yes,Yes,No,High,Medium,Budget / Value,1250.0,3K-6K,4100,Full Payment,Medium,Yes,2,No,No,Medium,Medium,1,54.4,40.6,59.2,37.2,66.4,29.0,56.7,Moderate,Budget,Low Value,"Average experience overall, nothing special but works fine."
FT100187,18-24,Male,Working Professional,Tier 2,86400.0,50K-1L,Post Graduate,General Fitness,Beginner,3,Medium,7700,6.2,Poor,Medium,Poor,3.9,Medium,No,Yes,No,No,Medium,Medium,Low,Moderate,No,No,Yes,No,Yes,No,Yes,Medium,High,No Preference,4340.0,3K-6K,5000,Full Payment,High,Yes,5,Yes,No,Low,Medium,2,75.8,37.7,67.3,46.9,86.5,81.0,55.3,High,Mid-Range,Medium Value,Comfortable to wear all day and the stress tracking is genuinely useful.
FT100188,35-44,Female,Self-Employed,Tier 2,43400.0,25K-50K,High School,Weight Loss,Beginner,0,Low,3500,5.9,Poor,Medium,Average,1.6,High,No,Yes,No,No,Medium,High,High,Frequent,Yes,No,Yes,Yes,No,No,Yes,High,Medium,Premium / Trusted,2220.0,6K-10K,7900,Full Payment,High,Yes,3,No,No,Low,Medium,0,68.5,10.7,66.2,55.7,90.9,44.1,69.6,High,Mid-Range,Low Value,"It works as expected, neither impressed nor disappointed so far."
FT100189,18-24,Male,Working Professional,Tier 3,37700.0,25K-50K,Graduate,Stress Management,Beginner,2,Medium,6200,5.2,Poor,High,Good,2.8,High,Yes,Yes,Yes,No,High,High,Medium,Minimal,Yes,No,Yes,Yes,Yes,Yes,Yes,High,Low,Budget / Value,840.0,3K-6K,4600,Full Payment,Low,No,5,Yes,No,Low,High,3,73.9,26.6,66.2,88.4,53.4,77.9,75.7,High,Budget,Medium Value,Comfortable to wear all day and the stress tracking is genuinely useful.
FT100190,45-54,Female,Working Professional,Tier 1,76300.0,50K-1L,Post Graduate,Weight Loss,Beginner,0,Low,5300,5.9,Poor,High,Average,1.3,High,No,No,No,No,Low,Medium,Medium,Minimal,Yes,Yes,No,No,Yes,Yes,No,Medium,Medium,No Preference,3630.0,6K-10K,6800,Full Payment,Low,No,3,No,No,High,Low,2,81.0,19.6,81.0,12.3,50.6,51.6,25.4,High,Mid-Range,Medium Value,"Average experience overall, nothing special but works fine."
FT100191,18-24,Female,Student,Tier 1,23700.0,< 25K,Diploma,General Fitness,Beginner,1,Low,4200,7.6,Good,Low,Average,2.8,Low,Yes,Yes,No,No,High,Medium,High,Minimal,No,No,Yes,No,No,Yes,Yes,High,High,Budget / Value,270.0,< 3K,2400,Full Payment,High,No,3,No,Yes,Low,High,3,40.3,29.2,37.5,62.8,95.5,39.2,53.8,Low,Budget,Low Value,Customer support was slow and the device disconnects from the app often.
FT100192,18-24,Male,Working Professional,Tier 2,26100.0,25K-50K,High School,Better Sleep,Beginner,3,Medium,8800,7.9,Good,Low,Average,0.9,Low,No,Yes,No,No,High,High,Medium,Minimal,No,No,No,Yes,No,Yes,Yes,Medium,Medium,Premium / Trusted,440.0,6K-10K,6900,Full Payment,Low,No,3,No,No,Low,Medium,0,33.0,49.6,33.1,58.0,48.5,45.8,52.2,Low,Mid-Range,Medium Value,Sleep tracking data seems wrong and the design feels cheap.
FT100193,35-44,Male,Working Professional,Tier 2,59700.0,50K-1L,Graduate,General Fitness,Intermediate,1,Low,2800,6.6,Average,Low,Poor,1.3,Low,No,Yes,No,No,Low,Medium,High,Moderate,No,No,Yes,No,Yes,No,No,Low,High,Premium / Trusted,790.0,6K-10K,7500,Full Payment,Low,No,2,No,Yes,Medium,Low,0,50.3,28.7,55.4,32.6,52.5,21.5,46.0,Low,Mid-Range,Low Value,Sleep tracking data seems wrong and the design feels cheap.
FT100194,18-24,Female,Student,Tier 2,18300.0,< 25K,Graduate,General Fitness,Beginner,0,Low,2900,6.5,Average,Low,Good,1.3,Low,Yes,Yes,No,No,High,High,Medium,Moderate,No,No,No,Yes,No,Yes,Yes,High,Medium,Budget / Value,310.0,< 3K,2100,Full Payment,Low,No,5,Yes,No,Medium,High,3,39.7,20.5,39.5,67.6,54.7,89.1,62.5,Low,Budget,Medium Value,Heart rate monitoring feels reliable and the hydration reminders really help.
FT100195,18-24,Other,Self-Employed,Tier 2,78900.0,50K-1L,Post Graduate,Medical / Recovery,Beginner,2,Medium,4300,6.0,Poor,Medium,Average,2.5,Low,Yes,Yes,Yes,Yes,High,High,High,Minimal,Yes,No,Yes,No,No,No,No,Medium,Low,Budget / Value,1280.0,3K-6K,4700,Full Payment,Low,Yes,4,Yes,Yes,High,High,3,60.7,29.9,58.1,86.1,46.4,55.9,57.7,High,Budget,Medium Value,"Average experience overall, nothing special but works fine."
FT100196,25-34,Male,Working Professional,Tier 2,128300.0,1L-2L,Post Graduate,Weight Loss,Intermediate,5,High,9900,6.5,Poor,Low,Average,2.6,Medium,No,Yes,Yes,No,High,High,Low,Moderate,Yes,Yes,Yes,No,No,No,Yes,High,High,Budget / Value,5950.0,3K-6K,5600,Full Payment,Medium,No,5,Yes,No,High,Medium,4,48.2,53.6,42.5,95.9,62.0,81.5,76.7,Moderate,Mid-Range,Medium Value,"Great value for money, the app is smooth and the design looks premium."
FT100197,45-54,Male,Working Professional,Tier 1,56100.0,50K-1L,Graduate,Better Sleep,Intermediate,4,High,5600,6.7,Average,Low,Good,4.3,Low,No,No,No,No,Medium,High,Medium,Moderate,No,No,No,Yes,No,Yes,No,High,High,Budget / Value,3000.0,3K-6K,5800,Full Payment,Low,No,2,No,No,High,Medium,0,31.4,52.8,20.6,32.5,50.7,22.3,30.9,Low,Mid-Range,Low Value,"Too expensive for the features offered, the price could be lower."
FT100198,18-24,Male,Student,Tier 2,44400.0,25K-50K,Post Graduate,Weight Loss,Beginner,0,Low,2400,5.5,Poor,Medium,Average,2.2,Medium,Yes,Yes,No,No,Medium,High,High,Minimal,Yes,Yes,Yes,No,Yes,Yes,Yes,Medium,High,Budget / Value,2960.0,3K-6K,4700,Full Payment,High,No,3,No,No,High,High,3,74.9,15.0,74.8,51.9,89.9,35.8,62.9,High,Budget,Low Value,The battery drains too quickly and charging takes very long.
FT100199,25-34,Female,Working Professional,Tier 1,86000.0,50K-1L,Graduate,General Fitness,Intermediate,1,Low,800,4.8,Poor,High,Poor,2.9,High,Yes,No,No,No,High,High,Medium,Moderate,Yes,No,Yes,No,Yes,Yes,No,Medium,High,Budget / Value,2840.0,3K-6K,5500,Full Payment,Medium,No,3,No,No,Low,High,4,92.3,20.5,91.4,45.2,58.5,46.1,44.0,High,Mid-Range,Medium Value,"It works as expected, neither impressed nor disappointed so far."
FT100200,35-44,Female,Self-Employed,Tier 2,76100.0,50K-1L,Post Graduate,Muscle Gain,Intermediate,3,Medium,7400,6.1,Poor,Medium,Poor,2.4,High,No,Yes,No,No,High,Medium,High,Moderate,No,No,No,No,Yes,No,Yes,High,High,No Preference,4520.0,3K-6K,4400,Full Payment,Medium,Yes,4,Yes,No,Medium,High,1,72.0,43.0,77.6,62.3,67.3,55.6,56.4,High,Budget,Medium Value,"The watch is okay, does the basic job of counting steps."
FT100201,55+,Female,Working Professional,Tier 2,36000.0,25K-50K,Diploma,General Fitness,Intermediate,2,Medium,7400,3.7,Poor,High,Poor,2.9,High,No,Yes,No,No,Low,Medium,High,Minimal,Yes,Yes,No,Yes,No,No,No,High,High,Budget / Value,470.0,< 3K,2000,Full Payment,Low,Yes,3,No,No,Low,Low,1,83.7,41.6,84.2,35.1,51.2,43.8,44.1,High,Budget,Low Value,I am worried about my health data privacy and how it is stored.
FT100202,25-34,Female,Homemaker,Tier 2,32600.0,25K-50K,Graduate,Muscle Gain,Beginner,2,Medium,6800,6.9,Average,Low,Good,2.4,Low,No,Yes,Yes,Yes,High,High,Low,Frequent,Yes,Yes,Yes,Yes,No,Yes,Yes,Medium,Medium,Budget / Value,1160.0,< 3K,2200,Full Payment,Medium,Yes,3,Yes,Yes,Medium,High,3,33.1,37.1,34.5,83.7,73.0,53.8,88.0,Low,Budget,Medium Value,Step counting is accurate and syncing with the app is fast and seamless.
FT100203,18-24,Female,Working Professional,Tier 1,57600.0,50K-1L,High School,Weight Loss,Beginner,2,Medium,6700,5.4,Poor,High,Good,3.2,Medium,No,Yes,No,No,Low,High,Medium,Moderate,No,No,No,No,Yes,No,No,Low,High,Premium / Trusted,2550.0,6K-10K,7400,Full Payment,Low,Yes,3,No,Yes,High,Medium,1,75.1,30.2,58.0,42.4,49.3,48.4,45.1,High,Mid-Range,Medium Value,"Great value for money, the app is smooth and the design looks premium."
FT100204,18-24,Female,Working Professional,Tier 3,28200.0,25K-50K,High School,Muscle Gain,Intermediate,3,Medium,7800,6.5,Poor,High,Average,1.5,High,No,Yes,No,No,High,High,High,Moderate,No,Yes,No,Yes,No,Yes,Yes,High,Medium,Budget / Value,900.0,< 3K,2000,Full Payment,High,No,4,Yes,No,Medium,High,4,73.0,39.1,75.1,68.6,99.8,54.8,67.2,High,Budget,Medium Value,"Reasonable device for the price, a few features could be better."
FT100205,18-24,Male,Student,Tier 2,12800.0,< 25K,Graduate,Weight Loss,Beginner,4,High,8700,7.1,Average,Medium,Good,0.5,Low,No,Yes,No,No,High,High,Low,Minimal,Yes,No,No,No,No,Yes,Yes,High,Medium,Premium / Trusted,90.0,3K-6K,5400,Full Payment,High,Yes,3,No,Yes,Low,Medium,0,37.0,51.3,41.1,66.4,92.3,41.6,55.1,Moderate,Mid-Range,Low Value,"Average experience overall, nothing special but works fine."
FT100206,18-24,Female,Working Professional,Tier 2,41200.0,25K-50K,High School,Stress Management,Intermediate,4,High,8500,6.4,Average,High,Poor,2.6,Medium,No,No,No,No,Low,Medium,Low,Moderate,No,Yes,No,Yes,No,Yes,No,High,Medium,Premium / Trusted,1070.0,6K-10K,6800,Full Payment,Low,Yes,2,No,No,High,Low,2,61.7,60.7,60.4,16.8,45.3,31.3,29.7,High,Mid-Range,Low Value,Hard to set up for beginners and too many confusing notifications.
FT100207,35-44,Male,Working Professional,Tier 3,56700.0,50K-1L,Graduate,Muscle Gain,Intermediate,5,High,9700,6.6,Average,Low,Poor,0.9,Low,No,No,No,No,Medium,Medium,Low,Minimal,Yes,No,Yes,Yes,Yes,Yes,Yes,Medium,High,No Preference,360.0,3K-6K,3700,Full Payment,Medium,No,2,No,Yes,Low,Medium,0,44.4,59.4,44.5,29.7,68.5,23.9,40.1,Low,Budget,Low Value,Sleep tracking data seems wrong and the design feels cheap.
FT100208,18-24,Male,Student,Tier 2,19600.0,< 25K,Graduate,General Fitness,Intermediate,4,High,6200,5.8,Average,Medium,Poor,3.3,Low,No,No,No,No,Low,Medium,High,Frequent,No,No,No,No,No,Yes,Yes,Medium,Low,Budget / Value,1040.0,< 3K,2200,Full Payment,Medium,No,2,No,No,Low,Medium,1,56.0,48.5,53.7,21.5,71.3,34.5,34.1,Moderate,Budget,Low Value,The battery life is excellent and lasts almost a week on a single charge.
FT100209,25-34,Female,Homemaker,Tier 3,15100.0,< 25K,High School,Weight Loss,Advanced,5,High,8100,5.9,Poor,Medium,Good,1.9,High,No,No,No,No,Medium,Medium,High,Minimal,Yes,No,Yes,Yes,No,Yes,No,Medium,Medium,Budget / Value,960.0,< 3K,1800,Full Payment,Medium,Yes,1,No,No,Medium,Medium,0,53.4,59.4,46.8,26.0,74.4,10.7,30.2,High,Budget,Low Value,Customer support was slow and the device disconnects from the app often.
FT100210,35-44,Female,Homemaker,Tier 1,47500.0,25K-50K,Graduate,General Fitness,Intermediate,3,Medium,6400,5.9,Poor,High,Poor,1.5,High,No,Yes,No,No,High,Low,High,Minimal,No,Yes,Yes,Yes,Yes,No,No,High,Low,Budget / Value,1410.0,3K-6K,4200,Full Payment,High,No,3,No,No,Medium,High,2,83.5,40.4,82.4,60.0,87.4,51.3,57.1,High,Budget,Medium Value,"Great value for money, the app is smooth and the design looks premium."
FT100211,25-34,Female,Working Professional,Tier 1,77600.0,50K-1L,Graduate,Muscle Gain,Advanced,5,High,7900,4.6,Poor,High,Poor,4.5,High,No,No,No,No,High,Medium,Medium,Moderate,Yes,Yes,No,Yes,Yes,Yes,Yes,Medium,Medium,Premium / Trusted,4210.0,6K-10K,7400,Full Payment,High,No,3,No,No,Low,Medium,0,73.5,58.2,75.2,39.2,88.3,50.0,50.4,High,Mid-Range,Medium Value,"Design is decent, battery is average, app could improve a little."
FT100212,18-24,Male,Working Professional,Tier 1,164100.0,1L-2L,Post Graduate,Weight Loss,Intermediate,4,High,4600,6.6,Poor,High,Poor,2.3,High,No,Yes,Yes,Yes,High,High,Medium,Moderate,Yes,Yes,Yes,Yes,Yes,Yes,Yes,Medium,Medium,Budget / Value,10280.0,6K-10K,8200,EMI,Medium,Yes,5,Yes,Yes,Low,Medium,2,77.8,45.2,70.8,96.9,56.7,81.1,89.9,High,Mid-Range,Medium Value,Heart rate monitoring feels reliable and the hydration reminders really help.
FT100213,35-44,Male,Working Professional,Tier 1,73000.0,50K-1L,Diploma,Muscle Gain,Beginner,1,Low,1900,5.9,Poor,Medium,Average,2.1,High,No,Yes,No,Yes,Medium,High,Low,Moderate,Yes,Yes,Yes,No,No,Yes,Yes,Medium,Low,Premium / Trusted,1790.0,6K-10K,8900,EMI,Medium,No,3,No,Yes,High,Medium,0,73.0,21.2,71.5,54.9,68.5,50.3,66.6,High,Mid-Range,Medium Value,"Design is decent, battery is average, app could improve a little."
FT100214,35-44,Male,Working Professional,Tier 2,79100.0,50K-1L,Post Graduate,Weight Loss,Intermediate,5,High,8900,6.6,Average,Medium,Average,2.9,High,Yes,Yes,No,No,Medium,Medium,High,Minimal,Yes,No,Yes,Yes,Yes,No,Yes,Low,Medium,No Preference,3280.0,3K-6K,5800,Full Payment,Medium,Yes,3,No,No,Medium,Low,0,42.9,62.4,40.2,50.5,72.2,47.3,58.1,Moderate,Mid-Range,Medium Value,Hard to set up for beginners and too many confusing notifications.
FT100215,35-44,Male,Working Professional,Tier 1,112900.0,1L-2L,Post Graduate,Weight Loss,Intermediate,2,Medium,6800,5.6,Poor,Low,Poor,3.0,Medium,No,No,Yes,No,High,High,High,Frequent,Yes,No,No,Yes,Yes,Yes,Yes,Medium,Medium,Premium / Trusted,2330.0,6K-10K,8700,Full Payment,Low,Yes,3,No,Yes,Medium,Medium,2,55.1,35.9,61.3,64.9,43.6,52.0,62.1,Moderate,Mid-Range,Medium Value,"The watch is okay, does the basic job of counting steps."
FT100216,18-24,Male,Student,Tier 2,21200.0,< 25K,Graduate,Stress Management,Advanced,5,High,8500,5.6,Poor,Medium,Good,3.2,Medium,No,Yes,Yes,Yes,Medium,Medium,Medium,Moderate,Yes,No,No,No,No,Yes,Yes,High,High,Budget / Value,210.0,3K-6K,4000,Full Payment,Low,Yes,4,Yes,No,Low,Medium,0,53.0,62.2,47.9,76.3,48.3,64.7,65.6,High,Budget,Medium Value,Heart rate readings feel inaccurate during workouts and the strap is uncomfortable.
FT100217,18-24,Male,Student,Tier 1,15200.0,< 25K,Graduate,Weight Loss,Beginner,1,Low,9100,5.3,Poor,Medium,Good,1.2,Medium,No,Yes,No,No,High,High,Low,Moderate,Yes,No,Yes,Yes,Yes,No,No,High,Medium,Premium / Trusted,630.0,6K-10K,7900,Full Payment,Low,No,4,Yes,No,Medium,High,2,65.6,28.6,58.8,62.6,52.4,64.9,65.1,High,Mid-Range,Medium Value,"It works as expected, neither impressed nor disappointed so far."
FT100218,45-54,Male,Working Professional,Tier 1,87000.0,50K-1L,Graduate,Weight Loss,Beginner,1,Low,2400,6.5,Poor,High,Poor,2.7,Low,No,No,No,No,Medium,Medium,High,Minimal,No,Yes,No,No,No,Yes,No,High,Low,Budget / Value,2290.0,3K-6K,5500,Full Payment,High,No,3,No,No,Medium,Low,1,90.6,15.7,91.5,29.5,79.2,38.7,22.9,High,Mid-Range,Low Value,Heart rate readings feel inaccurate during workouts and the strap is uncomfortable.
FT100219,25-34,Female,Working Professional,Tier 3,39400.0,25K-50K,Post Graduate,Muscle Gain,Intermediate,6,High,10400,5.7,Poor,High,Good,2.1,High,No,Yes,Yes,Yes,Medium,High,High,Moderate,Yes,Yes,No,Yes,No,No,No,Medium,Medium,No Preference,2310.0,3K-6K,3900,Full Payment,Low,Yes,4,Yes,No,Medium,High,3,67.6,65.1,51.9,71.3,49.2,64.0,63.8,High,Budget,Medium Value,"Design is decent, battery is average, app could improve a little."
FT100220,25-34,Male,Working Professional,Tier 2,76900.0,50K-1L,Diploma,Stress Management,Beginner,1,Low,6400,5.8,Poor,High,Good,1.6,High,No,No,Yes,No,High,High,High,Moderate,Yes,Yes,Yes,No,No,No,Yes,High,Medium,Budget / Value,5100.0,3K-6K,5800,Full Payment,High,No,5,Yes,No,Low,High,1,75.7,27.7,72.3,67.2,71.8,77.3,51.7,High,Mid-Range,Medium Value,Comfortable to wear all day and the stress tracking is genuinely useful.
FT100221,25-34,Male,Homemaker,Tier 3,32400.0,25K-50K,Post Graduate,Weight Loss,Intermediate,3,Medium,8200,6.0,Poor,High,Good,2.3,High,No,No,No,No,Medium,High,Medium,Minimal,Yes,No,Yes,Yes,No,No,No,Medium,High,No Preference,560.0,3K-6K,3800,Full Payment,Low,No,2,No,Yes,Medium,High,3,64.6,47.2,65.1,25.8,55.7,19.2,25.9,High,Budget,Low Value,Hard to set up for beginners and too many confusing notifications.
FT100222,35-44,Female,Self-Employed,Tier 2,86300.0,50K-1L,Post Graduate,Weight Loss,Intermediate,2,Medium,6400,6.8,Average,Medium,Poor,2.3,Medium,No,No,No,No,Low,Medium,Medium,Minimal,Yes,Yes,No,No,Yes,No,No,Low,High,No Preference,1320.0,3K-6K,4800,Full Payment,High,No,3,No,Yes,Low,High,5,60.2,41.6,65.0,23.5,78.9,39.6,25.1,Moderate,Budget,Low Value,Sleep tracking data seems wrong and the design feels cheap.
FT100223,55+,Male,Working Professional,Tier 1,85900.0,50K-1L,Graduate,General Fitness,Beginner,1,Low,6000,6.3,Poor,Medium,Good,3.0,Medium,No,No,Yes,Yes,Low,Low,Medium,Moderate,Yes,No,No,Yes,Yes,Yes,Yes,Medium,Medium,Budget / Value,1610.0,3K-6K,4700,Full Payment,Medium,Yes,3,No,Yes,Low,Medium,0,66.9,25.2,63.0,34.2,68.5,48.4,44.4,High,Budget,Medium Value,"Design is decent, battery is average, app could improve a little."
FT100224,18-24,Female,Student,Tier 2,16200.0,< 25K,Graduate,Muscle Gain,Beginner,1,Low,4200,6.1,Poor,Medium,Average,2.1,Medium,No,No,No,No,Low,High,Medium,Minimal,Yes,Yes,Yes,No,No,Yes,Yes,High,Medium,No Preference,560.0,< 3K,2000,Full Payment,Medium,No,2,No,No,High,Low,0,67.4,19.5,61.9,20.0,70.9,33.9,32.4,High,Budget,Low Value,"It works as expected, neither impressed nor disappointed so far."
FT100225,45-54,Female,Self-Employed,Tier 2,49000.0,25K-50K,Graduate,General Fitness,Intermediate,2,Medium,8200,6.8,Good,Low,Poor,1.9,Low,No,No,No,No,High,High,High,Frequent,Yes,No,Yes,No,Yes,No,No,Medium,High,No Preference,1120.0,3K-6K,4000,Full Payment,High,No,3,No,Yes,Low,Medium,0,35.9,55.1,39.6,37.6,87.9,37.3,44.0,Low,Budget,Low Value,"Reasonable device for the price, a few features could be better."
FT100226,18-24,Male,Working Professional,Tier 1,148100.0,1L-2L,Graduate,Muscle Gain,Beginner,1,Low,6400,6.0,Average,High,Good,2.2,Low,No,Yes,No,No,Medium,High,Low,Minimal,Yes,Yes,No,No,No,Yes,No,Medium,Low,Premium / Trusted,6430.0,10K-18K,10400,EMI,Medium,No,4,Yes,No,Medium,Medium,5,56.7,33.0,66.4,57.2,65.1,68.7,51.9,High,Mid-Range,Medium Value,Comfortable to wear all day and the stress tracking is genuinely useful.
FT100227,25-34,Female,Working Professional,Tier 3,46600.0,25K-50K,Post Graduate,Stress Management,Intermediate,4,High,5900,6.2,Average,High,Poor,2.2,Medium,Yes,No,No,No,Medium,Medium,Medium,Minimal,Yes,No,Yes,Yes,No,No,Yes,High,High,No Preference,1600.0,< 3K,2200,Full Payment,High,No,3,No,No,Medium,Medium,0,64.2,55.4,63.3,29.9,88.0,37.5,31.6,High,Budget,Low Value,Sleep tracking data seems wrong and the design feels cheap.
FT100228,25-34,Female,Working Professional,Tier 2,22400.0,< 25K,High School,Medical / Recovery,Intermediate,5,High,9100,8.0,Good,Medium,Good,3.2,Medium,Yes,No,Yes,Yes,High,High,High,Minimal,No,Yes,No,No,No,No,Yes,High,High,Premium / Trusted,160.0,6K-10K,6600,Full Payment,High,No,3,No,No,High,High,4,34.4,68.4,24.9,69.8,88.1,35.6,37.0,Low,Mid-Range,Low Value,Customer support was slow and the device disconnects from the app often.
FT100229,18-24,Female,Student,Tier 2,16800.0,< 25K,High School,General Fitness,Intermediate,3,Medium,3500,6.9,Average,High,Average,1.4,Medium,No,No,No,No,High,High,Low,Moderate,No,Yes,No,Yes,No,No,No,High,High,Premium / Trusted,850.0,3K-6K,5600,Full Payment,Low,No,2,No,No,Low,Medium,2,62.3,37.9,61.8,38.0,52.1,21.5,32.9,High,Mid-Range,Low Value,"Too expensive for the features offered, the price could be lower."
FT100230,18-24,Female,Student,Tier 2,24000.0,< 25K,Diploma,Weight Loss,Beginner,1,Low,6800,5.5,Poor,Medium,Average,2.0,Low,No,No,No,Yes,High,Medium,Medium,Minimal,No,Yes,Yes,No,No,Yes,Yes,Medium,High,Premium / Trusted,670.0,3K-6K,4400,Full Payment,Medium,No,4,Yes,Yes,High,High,5,66.1,23.0,73.5,44.1,67.6,68.0,36.6,High,Budget,Medium Value,The personalized health reports keep me motivated to stay consistent.
FT100231,25-34,Female,Working Professional,Tier 2,118300.0,1L-2L,Post Graduate,Weight Loss,Beginner,1,Low,4500,5.7,Poor,High,Poor,2.1,High,No,No,No,No,Medium,Low,High,Minimal,Yes,Yes,No,No,Yes,No,Yes,Medium,Low,No Preference,1410.0,6K-10K,6500,Full Payment,Medium,No,1,No,Yes,Medium,Medium,1,94.1,21.8,85.2,24.7,65.3,13.9,29.8,High,Mid-Range,Low Value,Heart rate readings feel inaccurate during workouts and the strap is uncomfortable.
FT100232,55+,Female,Retired,Tier 1,71700.0,50K-1L,Graduate,Weight Loss,Intermediate,3,Medium,8700,6.7,Good,Low,Average,1.4,Low,No,Yes,No,No,Medium,Low,Medium,Minimal,No,Yes,Yes,No,No,No,No,Low,Medium,Premium / Trusted,3450.0,6K-10K,7400,Full Payment,High,No,3,No,No,Low,Medium,2,25.1,50.9,21.6,56.1,88.6,48.6,47.2,Low,Mid-Range,Medium Value,"Design is decent, battery is average, app could improve a little."
FT100233,25-34,Male,Working Professional,Tier 3,74800.0,50K-1L,Post Graduate,General Fitness,Beginner,0,Low,2800,6.9,Average,Medium,Poor,2.4,Medium,Yes,No,No,No,Medium,Medium,Medium,Minimal,Yes,No,No,No,Yes,No,No,Medium,Low,Budget / Value,980.0,3K-6K,3700,Full Payment,Low,No,3,No,No,High,Medium,0,65.7,17.8,66.6,31.5,46.4,41.7,23.6,Moderate,Budget,Low Value,The battery drains too quickly and charging takes very long.
FT100234,45-54,Female,Self-Employed,Tier 2,58500.0,50K-1L,Graduate,Better Sleep,Beginner,0,Low,800,6.4,Average,Medium,Good,1.7,Low,No,No,No,No,Low,Low,High,Minimal,Yes,No,Yes,Yes,Yes,Yes,No,Medium,Medium,Premium / Trusted,1410.0,6K-10K,7200,Full Payment,Low,Yes,1,No,No,Medium,Low,0,51.8,12.6,49.1,15.3,52.5,10.8,30.8,Moderate,Mid-Range,Low Value,Sleep tracking data seems wrong and the design feels cheap.
FT100235,35-44,Female,Working Professional,Tier 1,42900.0,25K-50K,Diploma,General Fitness,Advanced,4,High,12100,6.0,Poor,High,Average,1.2,High,Yes,Yes,No,No,Medium,Medium,Low,Moderate,No,Yes,No,No,Yes,Yes,Yes,Medium,High,No Preference,2700.0,6K-10K,7000,Full Payment,Low,Yes,5,Yes,No,Medium,Medium,2,68.0,63.5,67.2,44.6,53.6,83.6,58.8,High,Mid-Range,Medium Value,"I love the sleep tracking, it is accurate and easy to understand."
FT100236,25-34,Female,Working Professional,Tier 1,110900.0,1L-2L,Post Graduate,Weight Loss,Beginner,3,Medium,6500,5.3,Poor,Low,Poor,2.7,Medium,No,Yes,No,Yes,High,High,Medium,Moderate,Yes,No,Yes,Yes,Yes,Yes,Yes,High,High,No Preference,1580.0,6K-10K,7900,Full Payment,Medium,No,5,Yes,Yes,Medium,High,2,58.0,34.9,58.7,76.2,61.7,75.5,78.4,Moderate,Mid-Range,Medium Value,"Reasonable device for the price, a few features could be better."
FT100237,35-44,Female,Self-Employed,Tier 2,67500.0,50K-1L,Graduate,General Fitness,Beginner,1,Low,2300,6.3,Average,Low,Average,3.5,Low,No,Yes,No,No,Medium,Medium,High,Minimal,Yes,No,Yes,No,No,No,Yes,Medium,Medium,Budget / Value,2730.0,3K-6K,4100,Full Payment,Low,No,3,No,No,High,Medium,0,50.4,19.0,49.1,45.3,49.4,45.5,47.7,Low,Budget,Medium Value,The app keeps crashing and the notifications are unreliable.
FT100238,18-24,Male,Student,Tier 3,14300.0,< 25K,Graduate,Medical / Recovery,Advanced,5,High,10600,7.2,Average,High,Good,2.3,High,Yes,No,No,No,Medium,Medium,Low,Moderate,No,No,No,Yes,Yes,No,No,Medium,High,No Preference,260.0,< 3K,1200,Full Payment,Medium,No,2,No,No,High,Medium,1,49.9,67.9,52.4,26.1,72.7,19.5,28.7,High,Budget,Low Value,I am worried about my health data privacy and how it is stored.
FT100239,18-24,Female,Student,Tier 3,8800.0,< 25K,High School,Weight Loss,Beginner,1,Low,7800,6.4,Poor,Medium,Good,2.2,Medium,No,No,No,No,Medium,High,Low,Frequent,Yes,Yes,No,Yes,No,No,No,Medium,Medium,Premium / Trusted,280.0,3K-6K,5500,Full Payment,Low,Yes,4,Yes,No,Low,Low,0,67.4,30.4,58.2,31.1,52.4,60.0,41.7,High,Mid-Range,Medium Value,The battery life is excellent and lasts almost a week on a single charge.
FT100240,35-44,Other,Working Professional,Tier 2,31800.0,25K-50K,High School,Stress Management,Beginner,3,Medium,5900,5.2,Poor,High,Poor,2.2,High,No,No,No,No,Medium,High,Low,Moderate,Yes,Yes,No,No,Yes,No,No,Medium,Medium,No Preference,1710.0,3K-6K,4600,Full Payment,Low,Yes,4,Yes,No,Medium,Medium,0,83.6,32.0,83.9,30.4,42.2,66.7,34.5,High,Budget,Medium Value,Step counting is accurate and syncing with the app is fast and seamless.
FT100241,35-44,Male,Working Professional,Tier 3,22300.0,< 25K,High School,Better Sleep,Beginner,0,Low,2800,6.7,Average,Medium,Poor,1.9,High,No,Yes,Yes,Yes,Medium,High,High,Frequent,No,Yes,Yes,No,Yes,No,No,Medium,Low,Premium / Trusted,1270.0,3K-6K,5000,Full Payment,Low,No,4,Yes,Yes,Medium,Medium,1,65.4,20.0,70.0,67.0,52.3,56.9,69.3,Moderate,Mid-Range,Medium Value,Step counting is accurate and syncing with the app is fast and seamless.
FT100242,18-24,Male,Student,Tier 2,32900.0,25K-50K,Graduate,General Fitness,Intermediate,4,High,7800,5.2,Poor,High,Poor,3.2,High,Yes,Yes,Yes,Yes,High,High,Medium,Minimal,Yes,No,Yes,Yes,Yes,No,Yes,High,High,Budget / Value,1410.0,3K-6K,3600,Full Payment,Medium,No,5,Yes,Yes,High,Medium,2,72.0,49.3,70.0,83.6,71.5,83.8,69.7,High,Budget,Medium Value,"Great value for money, the app is smooth and the design looks premium."
FT100243,25-34,Male,Working Professional,Tier 1,145600.0,1L-2L,Graduate,Muscle Gain,Advanced,5,High,6500,5.8,Poor,High,Good,2.4,High,No,Yes,No,Yes,High,Medium,Medium,Moderate,No,Yes,Yes,Yes,No,Yes,Yes,High,Medium,Budget / Value,7950.0,6K-10K,9200,Full Payment,Low,No,4,Yes,No,Medium,Medium,0,65.3,58.7,61.6,63.7,34.0,65.8,69.7,High,Mid-Range,Medium Value,Step counting is accurate and syncing with the app is fast and seamless.
FT100244,25-34,Male,Working Professional,Tier 2,51200.0,50K-1L,Diploma,General Fitness,Intermediate,3,Medium,5100,5.3,Poor,Medium,Poor,0.6,Medium,No,No,Yes,No,High,Medium,High,Minimal,Yes,Yes,Yes,No,Yes,Yes,No,Low,Low,Budget / Value,3050.0,3K-6K,5300,Full Payment,Low,No,3,No,No,Low,Medium,0,70.5,38.9,66.6,62.1,53.6,50.2,47.2,High,Mid-Range,Medium Value,"It works as expected, neither impressed nor disappointed so far."
FT100245,45-54,Female,Homemaker,Tier 1,24000.0,< 25K,High School,Weight Loss,Advanced,5,High,11700,6.4,Average,Low,Poor,3.3,Low,Yes,No,No,No,Medium,Medium,Medium,Frequent,No,Yes,No,No,No,No,Yes,High,Medium,Premium / Trusted,260.0,6K-10K,7700,Full Payment,Low,No,2,No,No,Low,Medium,0,36.4,77.0,38.4,25.0,52.3,32.0,35.3,Low,Mid-Range,Low Value,I am worried about my health data privacy and how it is stored.
FT100246,25-34,Male,Student,Tier 1,18100.0,< 25K,Diploma,General Fitness,Beginner,1,Low,3900,5.6,Poor,High,Average,3.1,Medium,No,Yes,Yes,No,High,High,Medium,Frequent,Yes,Yes,No,No,Yes,No,Yes,Medium,Medium,Budget / Value,930.0,3K-6K,5600,Full Payment,High,Yes,5,Yes,No,Medium,High,4,81.3,24.9,76.5,98.0,94.1,82.2,84.4,High,Mid-Range,Medium Value,"Great value for money, the app is smooth and the design looks premium."
FT100247,25-34,Male,Working Professional,Tier 2,76000.0,50K-1L,Graduate,Weight Loss,Intermediate,4,High,5900,7.3,Average,Low,Good,2.8,Medium,No,Yes,Yes,Yes,Medium,Medium,High,Moderate,No,No,No,Yes,No,No,Yes,Low,High,No Preference,3130.0,3K-6K,5700,Full Payment,Low,No,4,Yes,Yes,High,High,2,26.9,51.4,24.1,72.4,48.5,54.5,59.9,Low,Mid-Range,Medium Value,Customer support was slow and the device disconnects from the app often.
FT100248,25-34,Female,Working Professional,Tier 1,171000.0,1L-2L,Post Graduate,Stress Management,Beginner,1,Low,3300,6.2,Poor,High,Average,0.5,Medium,No,Yes,Yes,Yes,High,High,Medium,Moderate,Yes,No,Yes,Yes,Yes,Yes,No,High,Medium,Budget / Value,2140.0,6K-10K,8000,Full Payment,Low,Yes,4,Yes,No,High,High,2,82.0,20.1,78.0,94.2,36.3,72.6,80.4,High,Mid-Range,Medium Value,Step counting is accurate and syncing with the app is fast and seamless.
FT100249,25-34,Female,Working Professional,Tier 3,31300.0,25K-50K,Graduate,Better Sleep,Advanced,7,High,12600,7.2,Good,Low,Average,2.3,Low,No,No,No,No,Medium,Medium,High,Moderate,No,No,Yes,No,No,No,Yes,High,Medium,Budget / Value,700.0,< 3K,2400,Full Payment,Low,Yes,1,No,No,Medium,Low,1,21.1,91.5,21.9,26.4,50.1,4.4,28.8,Low,Budget,Low Value,Sleep tracking data seems wrong and the design feels cheap.
FT100250,35-44,Female,Self-Employed,Tier 3,28700.0,25K-50K,High School,General Fitness,Advanced,5,High,4900,6.6,Average,Medium,Poor,3.0,Medium,No,No,No,No,Low,Medium,Medium,Frequent,No,No,Yes,No,Yes,No,Yes,Medium,Low,No Preference,750.0,3K-6K,3600,Full Payment,Low,No,2,No,No,Medium,Low,0,50.1,53.7,55.0,12.9,49.8,25.8,35.4,Moderate,Budget,Low Value,Customer support was slow and the device disconnects from the app often.
FT100251,45-54,Female,Self-Employed,Tier 1,93100.0,50K-1L,Graduate,Muscle Gain,Beginner,0,Low,3500,6.4,Poor,High,Average,2.3,Medium,No,No,No,No,Low,Medium,Medium,Moderate,Yes,Yes,No,No,No,Yes,No,High,High,Budget / Value,4470.0,6K-10K,6000,Full Payment,Low,Yes,3,No,No,Medium,Low,2,81.5,14.2,78.6,13.7,38.7,45.6,28.7,High,Mid-Range,Medium Value,"Great value for money, the app is smooth and the design looks premium."
FT100252,25-34,Female,Working Professional,Tier 2,89200.0,50K-1L,Post Graduate,Weight Loss,Intermediate,4,High,11800,5.6,Poor,Medium,Average,2.5,High,No,Yes,No,Yes,High,Medium,Low,Frequent,No,Yes,Yes,Yes,No,No,Yes,High,Low,Budget / Value,3370.0,3K-6K,5100,Full Payment,Medium,Yes,4,Yes,Yes,High,High,1,56.9,62.2,55.1,59.7,71.0,59.5,71.0,High,Mid-Range,Medium Value,"Great value for money, the app is smooth and the design looks premium."
FT100253,18-24,Female,Student,Tier 2,37900.0,25K-50K,Post Graduate,Weight Loss,Intermediate,4,High,11100,6.0,Poor,Medium,Good,3.0,Medium,No,No,Yes,Yes,High,High,High,Moderate,No,No,No,Yes,Yes,No,Yes,High,Medium,Budget / Value,2240.0,3K-6K,4000,Full Payment,High,No,2,No,Yes,Medium,High,0,51.1,58.0,49.0,70.1,91.4,31.2,48.4,High,Budget,Low Value,"It works as expected, neither impressed nor disappointed so far."
FT100254,18-24,Female,Student,Tier 1,58900.0,50K-1L,Post Graduate,Muscle Gain,Beginner,1,Low,5100,6.3,Average,Medium,Average,2.4,Low,No,Yes,No,No,Medium,High,Medium,Minimal,No,Yes,Yes,Yes,Yes,Yes,No,Medium,Medium,Premium / Trusted,850.0,6K-10K,8700,EMI,Medium,No,3,No,No,Low,Medium,0,53.6,27.2,63.1,53.3,64.6,52.1,59.1,Moderate,Mid-Range,Medium Value,"Average experience overall, nothing special but works fine."
FT100255,35-44,Male,Homemaker,Tier 1,40800.0,25K-50K,Post Graduate,Weight Loss,Intermediate,3,Medium,8700,6.2,Poor,Medium,Poor,3.3,Medium,No,No,Yes,Yes,Medium,Medium,High,Frequent,No,Yes,Yes,No,Yes,No,No,Medium,High,Budget / Value,1750.0,3K-6K,5600,Full Payment,Medium,Yes,2,No,Yes,Medium,Low,0,70.5,47.8,68.9,45.8,72.8,24.3,46.9,High,Mid-Range,Low Value,The battery drains too quickly and charging takes very long.
FT100256,35-44,Female,Homemaker,Tier 1,42400.0,25K-50K,Graduate,Stress Management,Advanced,2,Medium,7600,5.9,Poor,High,Average,2.4,Medium,Yes,No,No,No,High,Medium,Medium,Minimal,Yes,Yes,Yes,Yes,No,Yes,Yes,High,Medium,No Preference,640.0,3K-6K,4800,Full Payment,High,Yes,3,No,No,Medium,Medium,0,77.5,43.5,70.2,37.2,85.0,36.5,42.7,High,Budget,Low Value,Sleep tracking data seems wrong and the design feels cheap.
FT100257,18-24,Male,Student,Tier 1,36200.0,25K-50K,Post Graduate,General Fitness,Beginner,0,Low,2800,5.9,Poor,High,Poor,2.4,High,No,No,No,No,High,High,High,Frequent,Yes,No,Yes,Yes,No,Yes,No,Low,Low,Premium / Trusted,1410.0,6K-10K,6100,Full Payment,Medium,No,2,No,No,High,Low,0,89.0,15.1,90.2,43.2,73.5,22.2,50.3,High,Mid-Range,Low Value,Heart rate readings feel inaccurate during workouts and the strap is uncomfortable.
FT100258,18-24,Male,Student,Tier 1,15600.0,< 25K,High School,Better Sleep,Beginner,4,High,9100,7.3,Good,Medium,Poor,3.0,Low,No,Yes,No,No,High,High,Low,Moderate,Yes,No,No,No,Yes,Yes,Yes,High,High,Budget / Value,420.0,3K-6K,5400,Full Payment,Medium,No,4,Yes,No,Medium,Medium,0,41.5,54.7,48.3,57.6,75.1,53.9,63.3,Low,Mid-Range,Medium Value,Heart rate monitoring feels reliable and the hydration reminders really help.
FT100259,25-34,Male,Working Professional,Tier 1,117800.0,1L-2L,Post Graduate,General Fitness,Advanced,4,High,10600,6.8,Average,Medium,Good,2.3,Medium,No,No,No,No,Medium,Medium,High,Moderate,Yes,Yes,No,No,No,No,No,Medium,High,Premium / Trusted,2440.0,6K-10K,9000,EMI,Medium,No,3,No,No,Medium,Medium,2,35.2,68.9,37.2,29.6,59.3,35.9,29.9,Moderate,Mid-Range,Low Value,"It works as expected, neither impressed nor disappointed so far."
FT100260,18-24,Female,Working Professional,Tier 1,130300.0,1L-2L,Post Graduate,General Fitness,Beginner,3,Medium,4000,6.5,Average,Low,Average,1.4,Low,No,Yes,No,No,High,High,Medium,Minimal,Yes,No,Yes,No,No,Yes,Yes,High,High,No Preference,2750.0,6K-10K,7300,Full Payment,Medium,No,3,Yes,No,Low,Medium,1,37.2,31.6,41.2,67.7,54.2,52.5,59.8,Low,Mid-Range,Medium Value,"Average experience overall, nothing special but works fine."
FT100261,35-44,Female,Homemaker,Tier 3,23000.0,< 25K,Post Graduate,Stress Management,Beginner,0,Low,4000,4.8,Poor,High,Good,2.3,High,No,No,Yes,No,Medium,High,Low,Minimal,Yes,Yes,No,Yes,No,Yes,Yes,Medium,Medium,No Preference,320.0,< 3K,1600,Full Payment,Medium,No,4,Yes,No,High,High,2,73.0,16.5,70.9,51.5,70.6,55.4,43.5,High,Budget,Medium Value,"Reasonable device for the price, a few features could be better."
FT100262,25-34,Male,Working Professional,Tier 1,73100.0,50K-1L,Graduate,General Fitness,Intermediate,2,Medium,5900,6.1,Poor,Medium,Poor,2.8,Medium,No,No,No,No,High,Medium,Medium,Frequent,Yes,No,Yes,Yes,Yes,No,No,High,Medium,Budget / Value,1440.0,6K-10K,6500,Full Payment,Low,No,3,Yes,No,Low,High,4,73.2,28.6,68.4,44.7,48.1,53.1,50.8,High,Mid-Range,Medium Value,"The watch is okay, does the basic job of counting steps."
FT100263,18-24,Female,Student,Tier 1,31500.0,25K-50K,Post Graduate,Weight Loss,Intermediate,4,High,7600,5.0,Poor,High,Good,3.0,High,No,Yes,Yes,No,High,Medium,Low,Moderate,Yes,Yes,No,Yes,No,No,No,Low,Medium,No Preference,940.0,6K-10K,6200,Full Payment,Medium,No,5,Yes,No,Low,High,2,66.4,47.1,56.3,83.4,65.3,75.3,68.0,High,Mid-Range,Medium Value,The personalized health reports keep me motivated to stay consistent.
FT100264,45-54,Male,Working Professional,Tier 2,45700.0,25K-50K,Diploma,Better Sleep,Beginner,1,Low,4100,7.8,Good,Low,Good,3.0,Low,Yes,No,No,No,Low,Low,Low,Frequent,Yes,No,No,Yes,No,Yes,Yes,Low,Low,Budget / Value,340.0,< 3K,2900,Full Payment,Medium,No,3,No,No,Low,Medium,4,29.8,29.3,31.5,14.7,67.2,35.2,40.3,Low,Budget,Low Value,Heart rate readings feel inaccurate during workouts and the strap is uncomfortable.
FT100265,18-24,Female,Student,Tier 1,23700.0,< 25K,Graduate,General Fitness,Beginner,2,Medium,5600,5.9,Poor,High,Average,2.2,High,No,Yes,No,No,High,High,Medium,Moderate,Yes,Yes,Yes,No,No,Yes,No,Low,Medium,Budget / Value,900.0,3K-6K,4900,Full Payment,Medium,Yes,4,Yes,No,Low,Low,1,74.6,25.9,74.0,65.9,77.7,63.1,66.2,High,Budget,Medium Value,"Affordable, lightweight and the companion app is very beginner friendly."
FT100266,18-24,Female,Working Professional,Tier 2,70000.0,50K-1L,Graduate,Weight Loss,Intermediate,3,Medium,6900,6.3,Average,Low,Poor,2.2,Low,No,No,No,Yes,High,Medium,High,Minimal,Yes,Yes,Yes,No,Yes,No,Yes,High,High,Premium / Trusted,1170.0,6K-10K,8100,Full Payment,Medium,Yes,3,No,No,Low,High,0,50.7,38.1,52.3,42.4,67.0,50.3,40.3,Low,Mid-Range,Medium Value,"It works as expected, neither impressed nor disappointed so far."
FT100267,18-24,Female,Student,Tier 1,32500.0,25K-50K,Graduate,General Fitness,Beginner,1,Low,6100,6.2,Poor,Medium,Good,1.8,Medium,No,Yes,No,No,Medium,Medium,High,Minimal,Yes,No,Yes,No,No,Yes,Yes,Medium,High,No Preference,1280.0,3K-6K,3600,Full Payment,High,No,2,No,No,Low,High,4,65.2,22.9,58.3,51.4,100.0,28.6,54.1,High,Budget,Low Value,"Reasonable device for the price, a few features could be better."
FT100268,18-24,Female,Working Professional,Tier 2,82600.0,50K-1L,Graduate,Muscle Gain,Intermediate,2,Medium,6100,5.2,Poor,Medium,Good,2.5,High,No,No,Yes,Yes,High,Low,High,Moderate,No,Yes,Yes,No,No,No,Yes,Medium,Low,Premium / Trusted,1160.0,6K-10K,8000,Full Payment,High,No,3,No,Yes,High,Medium,0,51.5,37.1,54.2,57.8,86.8,46.2,44.1,High,Mid-Range,Medium Value,The personalized health reports keep me motivated to stay consistent.
FT100269,18-24,Male,Student,Tier 2,13300.0,< 25K,Diploma,Muscle Gain,Advanced,3,Medium,6000,6.0,Poor,High,Poor,1.0,High,Yes,No,Yes,Yes,High,High,Low,Moderate,Yes,Yes,No,No,Yes,No,Yes,High,High,Premium / Trusted,320.0,3K-6K,4900,Full Payment,High,Yes,4,Yes,No,Medium,High,2,87.3,44.7,78.6,62.5,92.1,56.1,50.0,High,Budget,Medium Value,Comfortable to wear all day and the stress tracking is genuinely useful.
FT100270,18-24,Male,Student,Tier 2,14200.0,< 25K,Diploma,Better Sleep,Beginner,3,Medium,4800,6.3,Average,Medium,Good,2.3,Medium,Yes,No,No,No,High,High,Low,Moderate,Yes,No,Yes,No,No,No,No,Medium,High,Budget / Value,710.0,< 3K,2100,Full Payment,Low,No,2,No,No,Low,Medium,2,45.2,37.9,43.2,38.6,50.7,32.7,33.1,Moderate,Budget,Low Value,The battery drains too quickly and charging takes very long.
FT100271,18-24,Female,Student,Tier 2,24300.0,< 25K,Diploma,Muscle Gain,Intermediate,5,High,7600,6.3,Poor,High,Good,4.6,Medium,No,No,No,No,Low,Low,Low,Minimal,No,Yes,Yes,Yes,No,No,Yes,Medium,High,Budget / Value,1610.0,< 3K,2800,Full Payment,Medium,No,2,No,No,Medium,Medium,0,66.8,55.3,57.9,21.8,67.8,16.6,28.8,High,Budget,Low Value,Heart rate readings feel inaccurate during workouts and the strap is uncomfortable.
FT100272,18-24,Female,Student,Tier 2,20000.0,< 25K,Graduate,Weight Loss,Intermediate,2,Medium,5700,6.9,Average,Medium,Poor,1.1,Low,No,No,Yes,Yes,Medium,High,High,Frequent,No,No,No,Yes,Yes,No,Yes,High,Medium,No Preference,540.0,3K-6K,5100,Full Payment,Medium,No,2,No,No,Medium,Medium,1,60.1,42.2,63.1,53.6,73.5,21.6,49.6,Moderate,Mid-Range,Low Value,"Too expensive for the features offered, the price could be lower."
FT100273,25-34,Male,Working Professional,Tier 1,91800.0,50K-1L,Graduate,Weight Loss,Advanced,4,High,6100,6.6,Average,Medium,Average,2.4,Medium,No,Yes,No,No,Medium,Medium,High,Minimal,No,Yes,Yes,Yes,No,No,No,Medium,Medium,Premium / Trusted,2920.0,6K-10K,8100,EMI,Low,Yes,3,No,Yes,High,Medium,0,42.2,59.0,44.1,54.3,43.6,39.4,50.9,Moderate,Mid-Range,Low Value,Hard to set up for beginners and too many confusing notifications.
FT100274,35-44,Male,Self-Employed,Tier 1,77900.0,50K-1L,Graduate,Weight Loss,Beginner,1,Low,5800,5.6,Poor,Medium,Average,2.6,Medium,No,No,No,No,High,High,Medium,Moderate,Yes,Yes,Yes,No,No,No,Yes,High,Medium,No Preference,2590.0,3K-6K,5700,Full Payment,High,Yes,2,No,No,Medium,Medium,1,67.9,25.1,69.8,39.4,84.3,31.7,41.9,High,Mid-Range,Low Value,The app keeps crashing and the notifications are unreliable.
FT100275,25-34,Male,Working Professional,Tier 2,53700.0,50K-1L,High School,Stress Management,Beginner,2,Medium,6000,5.7,Poor,High,Average,2.7,High,No,Yes,Yes,Yes,High,High,Medium,Moderate,Yes,Yes,Yes,Yes,Yes,Yes,Yes,Medium,High,Budget / Value,1530.0,3K-6K,3500,Full Payment,Medium,No,5,Yes,Yes,Medium,High,4,69.8,30.7,68.8,99.8,69.9,83.3,90.9,High,Budget,Medium Value,Step counting is accurate and syncing with the app is fast and seamless.
FT100276,25-34,Male,Working Professional,Tier 1,147600.0,1L-2L,Post Graduate,Weight Loss,Intermediate,3,Medium,8400,7.5,Good,Low,Good,1.5,Low,No,Yes,Yes,Yes,High,High,Low,Moderate,Yes,Yes,No,No,No,No,Yes,High,Medium,Budget / Value,2710.0,6K-10K,7900,Full Payment,Medium,Yes,4,Yes,No,Low,Medium,1,21.0,55.2,21.3,82.9,55.8,65.0,67.9,Low,Mid-Range,Medium Value,"I love the sleep tracking, it is accurate and easy to understand."
FT100277,25-34,Male,Working Professional,Tier 1,120400.0,1L-2L,Graduate,Muscle Gain,Advanced,6,High,8500,5.8,Poor,Medium,Good,2.7,High,No,Yes,No,No,Medium,Medium,Medium,Moderate,Yes,Yes,No,No,Yes,No,No,Medium,High,Budget / Value,5160.0,3K-6K,5400,Full Payment,High,No,4,Yes,No,High,Medium,1,52.5,63.4,46.2,50.4,84.3,64.2,56.5,High,Mid-Range,Medium Value,"Great value for money, the app is smooth and the design looks premium."
FT100278,45-54,Male,Working Professional,Tier 2,40700.0,25K-50K,High School,Muscle Gain,Advanced,5,High,7000,5.3,Poor,Medium,Poor,1.9,Medium,No,No,Yes,Yes,Low,Low,High,Frequent,Yes,No,No,No,Yes,No,Yes,Medium,Medium,No Preference,840.0,3K-6K,3800,Full Payment,Medium,Yes,2,No,Yes,High,Low,2,65.3,55.7,73.3,42.7,71.7,32.0,45.8,High,Budget,Low Value,"Too expensive for the features offered, the price could be lower."
FT100279,45-54,Female,Homemaker,Tier 1,22800.0,< 25K,Diploma,Stress Management,Beginner,1,Low,6100,6.0,Poor,High,Average,1.2,High,Yes,No,No,No,Medium,High,Medium,Moderate,Yes,Yes,Yes,Yes,No,Yes,No,High,Low,Budget / Value,800.0,3K-6K,4700,Full Payment,High,No,3,No,No,Low,High,3,79.2,27.0,76.6,27.5,89.5,50.0,42.1,High,Budget,Medium Value,Sleep tracking data seems wrong and the design feels cheap.
FT100280,18-24,Male,Self-Employed,Tier 1,131700.0,1L-2L,Graduate,Weight Loss,Intermediate,6,High,9800,6.6,Average,Low,Average,3.1,Low,No,Yes,Yes,Yes,High,Medium,Medium,Minimal,No,No,Yes,No,No,No,Yes,High,Medium,Premium / Trusted,3500.0,6K-10K,9200,EMI,Medium,No,3,No,No,Medium,High,3,33.4,65.5,34.5,91.8,61.3,42.8,59.7,Low,Mid-Range,Low Value,"Reasonable device for the price, a few features could be better."
FT100281,18-24,Male,Student,Tier 2,25800.0,25K-50K,Graduate,Weight Loss,Beginner,1,Low,3700,7.1,Average,Medium,Average,2.8,Medium,No,Yes,No,No,High,High,Medium,Minimal,No,No,No,Yes,No,Yes,Yes,Medium,High,Budget / Value,1280.0,3K-6K,4500,Full Payment,Low,No,5,Yes,No,High,High,5,57.6,24.5,59.7,70.6,43.9,85.7,56.6,Moderate,Budget,Medium Value,Step counting is accurate and syncing with the app is fast and seamless.
FT100282,18-24,Male,Working Professional,Tier 1,50800.0,50K-1L,High School,Better Sleep,Intermediate,5,High,9800,5.6,Poor,High,Average,1.5,High,Yes,Yes,Yes,Yes,High,High,Medium,Frequent,Yes,Yes,No,Yes,No,No,Yes,Low,Medium,Budget / Value,2890.0,6K-10K,6300,Full Payment,Low,No,5,Yes,Yes,Low,High,1,72.0,56.5,65.1,96.0,51.8,93.7,83.7,High,Mid-Range,Medium Value,Step counting is accurate and syncing with the app is fast and seamless.
FT100283,18-24,Male,Working Professional,Tier 3,51800.0,50K-1L,Diploma,Muscle Gain,Intermediate,5,High,9700,5.9,Poor,Medium,Average,1.9,High,No,Yes,No,No,High,High,Medium,Moderate,Yes,Yes,Yes,Yes,No,Yes,Yes,High,Medium,Premium / Trusted,400.0,3K-6K,5800,Full Payment,High,Yes,3,No,No,Low,Medium,2,56.2,58.1,52.7,60.6,90.1,44.4,72.9,High,Mid-Range,Low Value,I am worried about my health data privacy and how it is stored.
FT100284,25-34,Female,Homemaker,Tier 3,9800.0,< 25K,High School,General Fitness,Intermediate,4,High,5100,7.1,Average,Medium,Poor,1.8,High,No,No,Yes,Yes,Medium,High,High,Moderate,No,No,No,Yes,No,No,Yes,High,Medium,Premium / Trusted,380.0,3K-6K,3900,Full Payment,Medium,Yes,3,No,Yes,Low,Low,0,52.6,50.4,54.9,51.4,65.9,49.3,37.6,Moderate,Budget,Medium Value,"Average experience overall, nothing special but works fine."
FT100285,25-34,Male,Working Professional,Tier 3,40800.0,25K-50K,High School,Stress Management,Beginner,0,Low,5500,4.8,Poor,High,Average,1.0,High,No,Yes,Yes,Yes,High,High,Medium,Moderate,No,Yes,Yes,Yes,No,Yes,Yes,Medium,Medium,No Preference,570.0,3K-6K,4400,Full Payment,Medium,Yes,4,Yes,Yes,Low,Medium,1,77.4,21.2,76.3,85.3,63.2,54.3,77.3,High,Budget,Medium Value,"Too expensive for the features offered, the price could be lower."
FT100286,18-24,Female,Student,Tier 2,23800.0,< 25K,Diploma,Better Sleep,Advanced,5,High,7800,6.9,Poor,High,Good,2.9,Medium,Yes,No,No,No,Medium,High,Low,Moderate,Yes,Yes,Yes,Yes,No,No,Yes,High,Low,No Preference,280.0,3K-6K,3600,Full Payment,Medium,Yes,3,No,No,Low,Medium,0,60.3,54.7,58.6,36.3,71.3,35.1,45.1,High,Budget,Low Value,"Reasonable device for the price, a few features could be better."
FT100287,25-34,Female,Working Professional,Tier 1,87500.0,50K-1L,Post Graduate,Weight Loss,Beginner,1,Low,7200,4.9,Poor,High,Average,2.9,High,No,Yes,No,No,High,High,Medium,Moderate,Yes,Yes,Yes,No,No,Yes,Yes,Medium,Medium,Budget / Value,2520.0,6K-10K,6000,Full Payment,Medium,No,4,Yes,No,Medium,Low,4,84.6,28.6,77.3,61.1,62.8,59.9,68.8,High,Mid-Range,Medium Value,The battery life is excellent and lasts almost a week on a single charge.
FT100288,25-34,Male,Student,Tier 2,24000.0,< 25K,Graduate,Better Sleep,Beginner,1,Low,1700,6.3,Poor,Medium,Average,2.0,Medium,No,No,No,No,Medium,Medium,Low,Moderate,Yes,Yes,No,No,Yes,Yes,No,High,Medium,Budget / Value,270.0,3K-6K,3900,Full Payment,Medium,Yes,3,No,Yes,Low,Medium,0,73.9,14.6,71.5,33.6,72.3,35.0,39.9,High,Budget,Low Value,Heart rate readings feel inaccurate during workouts and the strap is uncomfortable.
FT100289,18-24,Female,Working Professional,Tier 2,78600.0,50K-1L,Graduate,Weight Loss,Intermediate,2,Medium,5800,6.8,Good,Low,Good,2.3,Low,No,No,Yes,No,Low,Low,Low,Frequent,No,Yes,No,Yes,Yes,No,No,High,High,Premium / Trusted,4120.0,3K-6K,5600,Full Payment,Medium,No,3,No,No,Medium,Medium,0,23.9,47.3,19.4,41.2,66.6,42.4,45.3,Low,Mid-Range,Low Value,"It works as expected, neither impressed nor disappointed so far."
FT100290,35-44,Female,Working Professional,Tier 2,124400.0,1L-2L,Graduate,Medical / Recovery,Intermediate,4,High,7100,5.7,Poor,High,Good,2.4,Medium,Yes,Yes,Yes,Yes,High,High,Low,Moderate,Yes,No,Yes,No,Yes,No,Yes,High,Medium,Budget / Value,5920.0,3K-6K,5500,Full Payment,Medium,No,5,Yes,Yes,High,Medium,1,63.0,46.2,57.2,83.1,67.3,78.7,72.2,High,Mid-Range,Medium Value,Step counting is accurate and syncing with the app is fast and seamless.
FT100291,18-24,Male,Student,Tier 1,24300.0,< 25K,Graduate,Weight Loss,Intermediate,4,High,3800,5.9,Poor,Medium,Average,2.5,Medium,No,Yes,Yes,Yes,High,High,High,Minimal,Yes,Yes,Yes,Yes,Yes,No,Yes,High,Medium,Budget / Value,1060.0,3K-6K,4800,Full Payment,Medium,Yes,3,No,Yes,High,High,1,56.7,37.1,51.1,89.1,71.0,44.1,75.9,High,Budget,Low Value,"Average experience overall, nothing special but works fine."
FT100292,45-54,Male,Self-Employed,Tier 1,72800.0,50K-1L,High School,Weight Loss,Intermediate,5,High,9700,6.2,Poor,Medium,Average,1.2,High,No,No,Yes,Yes,Low,Medium,Low,Moderate,Yes,No,Yes,Yes,Yes,Yes,No,Low,Medium,Premium / Trusted,1200.0,6K-10K,8800,EMI,High,Yes,3,No,Yes,Medium,Low,0,61.8,60.4,57.0,27.0,88.7,40.3,41.9,High,Mid-Range,Low Value,"Reasonable device for the price, a few features could be better."
FT100293,18-24,Female,Working Professional,Tier 1,72500.0,50K-1L,Diploma,Weight Loss,Beginner,1,Low,800,5.3,Poor,High,Average,2.7,High,Yes,Yes,Yes,Yes,High,Medium,High,Minimal,Yes,Yes,Yes,Yes,No,Yes,Yes,Medium,High,Premium / Trusted,4230.0,6K-10K,6800,Full Payment,High,No,3,Yes,No,Medium,High,3,69.5,12.0,81.5,92.9,84.4,53.4,77.2,High,Mid-Range,Medium Value,"Average experience overall, nothing special but works fine."
FT100294,45-54,Female,Working Professional,Tier 1,52900.0,50K-1L,Diploma,Stress Management,Beginner,0,Low,2500,7.2,Good,High,Average,1.4,Medium,No,No,Yes,Yes,Medium,Medium,Medium,Minimal,No,No,Yes,No,No,Yes,Yes,High,High,Budget / Value,1180.0,3K-6K,4800,Full Payment,High,No,3,No,Yes,Low,Medium,0,65.5,27.2,52.4,45.2,90.1,42.2,32.7,Moderate,Budget,Low Value,Customer support was slow and the device disconnects from the app often.
FT100295,45-54,Male,Self-Employed,Tier 1,79000.0,50K-1L,Graduate,Medical / Recovery,Intermediate,4,High,9400,6.3,Average,Medium,Average,2.8,Medium,Yes,No,No,No,High,Medium,Medium,Moderate,No,No,Yes,No,No,No,Yes,High,Low,No Preference,1640.0,3K-6K,5500,Full Payment,High,No,3,No,No,Medium,High,1,46.3,58.4,40.8,37.3,83.9,39.3,32.6,Moderate,Mid-Range,Low Value,"Design is decent, battery is average, app could improve a little."
FT100296,55+,Female,Retired,Tier 3,27900.0,25K-50K,Graduate,General Fitness,Intermediate,5,High,7500,7.0,Average,Medium,Poor,1.4,Medium,No,Yes,Yes,No,Low,Medium,High,Minimal,Yes,No,No,No,Yes,Yes,Yes,Medium,Medium,Budget / Value,1540.0,3K-6K,3600,Full Payment,Low,No,2,No,No,High,Low,0,45.5,58.4,56.0,55.6,47.6,34.0,55.6,Moderate,Budget,Low Value,I am worried about my health data privacy and how it is stored.
FT100297,35-44,Male,Working Professional,Tier 1,69900.0,50K-1L,Graduate,General Fitness,Beginner,1,Low,2500,6.9,Average,Medium,Average,1.3,High,No,No,No,No,Low,Medium,Low,Moderate,Yes,No,No,No,Yes,Yes,Yes,High,Medium,No Preference,3070.0,3K-6K,4700,Full Payment,High,Yes,2,No,Yes,Low,Low,0,64.7,20.5,58.1,22.0,84.1,33.7,35.8,Moderate,Budget,Low Value,"Too expensive for the features offered, the price could be lower."
FT100298,35-44,Female,Working Professional,Tier 2,69900.0,50K-1L,Graduate,General Fitness,Beginner,2,Medium,6600,6.0,Poor,High,Average,2.3,High,No,Yes,No,No,Medium,High,High,Moderate,Yes,Yes,No,Yes,No,Yes,No,Medium,Low,Budget / Value,3290.0,3K-6K,4000,Full Payment,High,No,3,No,No,Low,Medium,0,68.4,30.4,73.8,50.9,88.1,47.6,61.0,High,Budget,Medium Value,"The watch is okay, does the basic job of counting steps."
FT100299,35-44,Male,Self-Employed,Tier 3,62900.0,50K-1L,Post Graduate,Weight Loss,Beginner,1,Low,3700,6.9,Good,Low,Good,2.3,Low,No,No,No,No,Low,Low,Medium,Minimal,Yes,No,No,No,No,Yes,No,High,Medium,Premium / Trusted,3410.0,3K-6K,4800,Full Payment,Low,Yes,1,No,No,Low,Medium,0,22.1,33.4,31.7,18.2,44.2,15.4,18.9,Low,Budget,Low Value,The battery drains too quickly and charging takes very long.
FT100300,35-44,Male,Homemaker,Tier 1,30100.0,25K-50K,Diploma,Stress Management,Intermediate,3,Medium,5600,6.5,Average,Medium,Average,2.4,Low,No,Yes,No,No,Low,Medium,Low,Minimal,Yes,Yes,No,No,No,No,Yes,High,Medium,Premium / Trusted,860.0,6K-10K,6200,Full Payment,High,No,2,No,No,Medium,Medium,1,49.0,45.0,52.0,42.5,91.4,28.8,46.7,Moderate,Mid-Range,Low Value,The battery drains too quickly and charging takes very long.
FT100301,18-24,Female,Student,Tier 2,18200.0,< 25K,Graduate,Weight Loss,Beginner,2,Medium,7500,5.8,Poor,High,Poor,1.6,High,No,Yes,Yes,No,High,Medium,High,Moderate,Yes,Yes,No,Yes,No,No,No,Medium,High,Budget / Value,450.0,3K-6K,4400,Full Payment,Medium,Yes,4,Yes,No,Low,High,2,82.1,33.2,83.7,87.1,74.4,72.8,69.3,High,Budget,Medium Value,"Great value for money, the app is smooth and the design looks premium."
FT100302,25-34,Female,Working Professional,Tier 2,62300.0,50K-1L,Graduate,Medical / Recovery,Intermediate,3,Medium,4200,7.0,Good,Low,Average,2.5,Low,Yes,No,No,No,High,Medium,Low,Frequent,Yes,No,No,No,Yes,No,Yes,Medium,High,Budget / Value,1230.0,3K-6K,3900,Full Payment,High,Yes,3,No,No,High,High,0,32.9,52.3,28.7,40.0,88.8,46.2,44.9,Low,Budget,Medium Value,Sleep tracking data seems wrong and the design feels cheap.
FT100303,25-34,Female,Working Professional,Tier 1,91000.0,50K-1L,Graduate,Better Sleep,Beginner,2,Medium,4400,5.2,Poor,Medium,Average,2.5,Medium,No,Yes,Yes,No,High,High,Low,Moderate,Yes,Yes,Yes,No,No,Yes,No,Medium,Medium,No Preference,1670.0,6K-10K,7200,Full Payment,Low,Yes,5,Yes,Yes,Medium,High,3,62.7,21.7,60.2,94.1,48.7,82.6,76.1,High,Mid-Range,Medium Value,Heart rate monitoring feels reliable and the hydration reminders really help.
FT100304,45-54,Male,Working Professional,Tier 2,68300.0,50K-1L,Graduate,Weight Loss,Beginner,2,Medium,6800,4.3,Poor,High,Average,3.2,High,No,Yes,No,No,Low,Low,High,Minimal,Yes,No,Yes,Yes,Yes,Yes,Yes,High,Medium,No Preference,3980.0,3K-6K,5300,Full Payment,High,No,2,No,No,Medium,Low,0,73.2,28.1,68.9,41.1,94.9,31.6,59.1,High,Mid-Range,Low Value,Hard to set up for beginners and too many confusing notifications.
FT100305,25-34,Male,Working Professional,Tier 3,60500.0,50K-1L,Graduate,General Fitness,Beginner,2,Medium,3000,7.1,Good,Medium,Poor,2.4,Medium,No,No,No,No,Low,Medium,Medium,Frequent,Yes,Yes,Yes,No,Yes,Yes,No,High,Medium,Budget / Value,1340.0,3K-6K,4900,Full Payment,High,No,2,No,No,High,Low,0,47.3,34.2,52.3,23.6,82.6,27.0,47.7,Low,Budget,Low Value,The battery drains too quickly and charging takes very long.
FT100306,25-34,Female,Working Professional,Tier 2,54800.0,50K-1L,Diploma,Medical / Recovery,Beginner,2,Medium,8400,4.1,Poor,High,Good,2.3,High,Yes,No,No,No,High,Medium,High,Frequent,No,Yes,No,Yes,No,Yes,Yes,High,High,Premium / Trusted,750.0,3K-6K,5600,Full Payment,High,Yes,2,No,No,High,Low,0,68.7,29.5,60.6,42.1,86.8,17.0,49.9,High,Mid-Range,Low Value,Sleep tracking data seems wrong and the design feels cheap.
FT100307,25-34,Female,Working Professional,Tier 3,32300.0,25K-50K,Graduate,Better Sleep,Intermediate,2,Medium,4800,6.1,Poor,High,Good,1.2,High,No,No,No,No,Medium,Medium,Low,Frequent,Yes,Yes,Yes,Yes,No,No,No,High,Medium,No Preference,1760.0,3K-6K,3900,Full Payment,Low,No,4,Yes,No,Low,Medium,3,73.9,34.8,67.3,24.3,52.1,67.5,43.6,High,Budget,Medium Value,"Great value for money, the app is smooth and the design looks premium."
FT100308,18-24,Male,Student,Tier 3,15500.0,< 25K,Post Graduate,Stress Management,Beginner,0,Low,4600,5.7,Poor,High,Good,1.1,Medium,No,No,Yes,Yes,Medium,Medium,High,Minimal,Yes,Yes,Yes,No,No,No,Yes,Low,High,Budget / Value,1040.0,< 3K,2900,Full Payment,Low,Yes,2,No,No,Medium,Medium,2,78.4,14.8,69.9,52.3,52.2,27.6,39.4,High,Budget,Low Value,Sleep tracking data seems wrong and the design feels cheap.
FT100309,18-24,Female,Student,Tier 1,30500.0,25K-50K,Graduate,Weight Loss,Beginner,1,Low,5700,6.2,Poor,Medium,Average,2.6,High,No,Yes,Yes,Yes,High,High,Medium,Frequent,Yes,No,No,Yes,Yes,Yes,Yes,High,Medium,Premium / Trusted,1610.0,6K-10K,8600,Full Payment,Medium,No,5,Yes,Yes,Medium,High,2,67.5,22.7,70.0,87.9,76.5,84.3,85.2,High,Mid-Range,Medium Value,"I love the sleep tracking, it is accurate and easy to understand."
FT100310,25-34,Male,Self-Employed,Tier 2,92400.0,50K-1L,Post Graduate,Weight Loss,Advanced,5,High,8200,6.8,Good,Low,Good,2.9,Low,No,No,Yes,Yes,Medium,High,Low,Frequent,No,No,Yes,Yes,No,Yes,No,Medium,Medium,Premium / Trusted,2000.0,6K-10K,6300,Full Payment,High,Yes,2,No,No,Medium,Medium,2,16.7,74.8,15.5,55.9,89.0,28.3,50.4,Low,Mid-Range,Low Value,Customer support was slow and the device disconnects from the app often.
FT100311,25-34,Male,Working Professional,Tier 2,89500.0,50K-1L,Graduate,Stress Management,Beginner,1,Low,3200,6.1,Average,High,Average,1.6,Medium,No,No,Yes,No,Medium,High,High,Minimal,No,No,Yes,No,No,No,Yes,High,Medium,Budget / Value,1510.0,6K-10K,6000,Full Payment,Low,Yes,3,No,No,High,Low,1,63.6,20.5,71.4,52.6,54.8,39.3,31.0,High,Mid-Range,Low Value,"It works as expected, neither impressed nor disappointed so far."
FT100312,18-24,Male,Student,Tier 2,32400.0,25K-50K,Graduate,General Fitness,Beginner,2,Medium,5100,6.3,Poor,Medium,Average,2.5,High,Yes,Yes,Yes,Yes,Medium,Medium,High,Moderate,Yes,Yes,No,No,No,No,No,High,High,Budget / Value,1740.0,3K-6K,4000,Full Payment,Low,Yes,3,No,Yes,Medium,Medium,1,65.6,21.0,65.1,67.0,51.7,49.3,58.0,High,Budget,Medium Value,Step counting is accurate and syncing with the app is fast and seamless.
FT100313,25-34,Male,Student,Tier 2,21500.0,< 25K,Graduate,Muscle Gain,Beginner,3,Medium,7600,7.8,Good,Medium,Poor,2.2,Low,No,Yes,No,No,High,High,High,Minimal,No,No,Yes,Yes,No,Yes,Yes,High,Medium,No Preference,930.0,3K-6K,3800,Full Payment,Medium,Yes,3,No,No,Low,Medium,0,48.0,42.0,53.8,64.2,68.2,41.2,58.6,Low,Budget,Low Value,"The watch is okay, does the basic job of counting steps."
FT100314,25-34,Male,Working Professional,Tier 2,78300.0,50K-1L,Graduate,Stress Management,Beginner,3,Medium,4500,5.3,Poor,High,Poor,2.9,High,No,No,No,No,Medium,Medium,Medium,Moderate,Yes,Yes,Yes,No,Yes,No,Yes,High,Medium,Premium / Trusted,1540.0,6K-10K,7000,Full Payment,High,No,3,No,Yes,Low,Medium,1,83.8,30.7,78.1,33.5,84.7,49.2,44.2,High,Mid-Range,Medium Value,"Average experience overall, nothing special but works fine."
FT100315,25-34,Female,Working Professional,Tier 3,38500.0,25K-50K,Post Graduate,General Fitness,Beginner,3,Medium,4100,6.9,Average,Medium,Poor,3.0,Low,No,No,No,No,High,Medium,Medium,Moderate,No,No,No,No,Yes,No,Yes,Low,High,Premium / Trusted,2390.0,3K-6K,5200,Full Payment,High,No,2,No,No,Medium,High,1,60.6,37.4,64.6,37.5,86.3,33.3,32.7,Moderate,Mid-Range,Low Value,"It works as expected, neither impressed nor disappointed so far."
FT100316,25-34,Male,Working Professional,Tier 1,63400.0,50K-1L,High School,Weight Loss,Intermediate,1,Low,6800,4.9,Poor,High,Good,0.5,High,No,Yes,No,No,High,Medium,Low,Minimal,Yes,Yes,No,No,Yes,No,Yes,High,High,Premium / Trusted,2810.0,6K-10K,7100,Full Payment,High,No,3,No,No,Medium,High,0,79.9,30.4,73.6,64.5,90.7,48.1,58.7,High,Mid-Range,Medium Value,"It works as expected, neither impressed nor disappointed so far."
FT100317,35-44,Male,Self-Employed,Tier 2,44100.0,25K-50K,Graduate,General Fitness,Beginner,0,Low,1700,6.6,Average,High,Average,3.1,Low,No,No,No,No,High,Medium,Medium,Frequent,Yes,Yes,Yes,No,No,No,No,Medium,Medium,Premium / Trusted,1870.0,6K-10K,6300,Full Payment,Medium,Yes,3,No,No,High,High,4,68.0,19.6,67.1,40.0,73.3,43.8,44.9,High,Mid-Range,Low Value,The app keeps crashing and the notifications are unreliable.
FT100318,18-24,Male,Student,Tier 1,28800.0,25K-50K,Graduate,Better Sleep,Intermediate,3,Medium,6900,6.0,Poor,High,Good,2.5,Medium,No,Yes,No,No,High,High,Medium,Frequent,No,Yes,Yes,No,No,No,No,Medium,Medium,No Preference,890.0,6K-10K,6100,Full Payment,High,Yes,4,Yes,Yes,High,Medium,1,69.8,42.2,65.3,61.0,94.3,67.6,62.9,High,Mid-Range,Medium Value,Step counting is accurate and syncing with the app is fast and seamless.
FT100319,45-54,Male,Working Professional,Tier 2,166700.0,1L-2L,Post Graduate,General Fitness,Advanced,5,High,8100,6.4,Average,Medium,Average,1.9,Medium,Yes,No,No,No,Low,Medium,Medium,Frequent,Yes,Yes,Yes,Yes,No,No,No,High,High,No Preference,2980.0,3K-6K,5400,Full Payment,High,Yes,2,No,No,Medium,Medium,0,50.8,66.9,49.1,23.3,84.1,32.8,43.3,Moderate,Mid-Range,Low Value,"Design is decent, battery is average, app could improve a little."
FT100320,45-54,Male,Working Professional,Tier 2,69800.0,50K-1L,Graduate,Weight Loss,Beginner,1,Low,3800,6.4,Average,Medium,Poor,1.9,Medium,Yes,No,No,No,Low,High,Low,Minimal,Yes,Yes,Yes,Yes,Yes,Yes,No,High,Medium,Premium / Trusted,2880.0,6K-10K,6700,Full Payment,High,No,2,No,No,Medium,Low,1,63.8,28.4,64.6,14.7,86.7,24.0,34.9,Moderate,Mid-Range,Low Value,Heart rate readings feel inaccurate during workouts and the strap is uncomfortable.
FT100321,25-34,Female,Working Professional,Tier 3,44700.0,25K-50K,Post Graduate,Medical / Recovery,Intermediate,2,Medium,7800,7.4,Average,Medium,Average,2.3,Low,Yes,Yes,No,No,Medium,Medium,High,Moderate,No,Yes,No,Yes,No,No,Yes,High,Medium,Budget / Value,1340.0,3K-6K,3800,Full Payment,Medium,Yes,5,Yes,No,Low,High,2,51.4,40.9,48.7,47.1,67.6,75.0,55.3,Moderate,Budget,Medium Value,"Affordable, lightweight and the companion app is very beginner friendly."
FT100322,25-34,Male,Working Professional,Tier 2,86500.0,50K-1L,Post Graduate,Stress Management,Beginner,1,Low,3900,5.8,Poor,High,Poor,1.9,High,No,Yes,No,No,High,High,Low,Frequent,Yes,Yes,No,Yes,Yes,Yes,Yes,High,Medium,Budget / Value,1580.0,3K-6K,5500,Full Payment,Low,No,5,Yes,No,Medium,High,2,96.1,21.8,87.4,60.0,46.1,75.0,79.7,High,Mid-Range,Medium Value,The battery life is excellent and lasts almost a week on a single charge.
FT100323,25-34,Female,Working Professional,Tier 2,45000.0,25K-50K,Diploma,Muscle Gain,Beginner,2,Medium,4600,5.8,Poor,Medium,Good,1.6,Medium,Yes,No,No,No,Medium,Medium,Medium,Minimal,No,Yes,No,Yes,No,Yes,Yes,Medium,Medium,No Preference,340.0,3K-6K,3600,Full Payment,High,No,2,No,Yes,Medium,Medium,1,57.6,20.2,49.8,28.9,85.5,23.3,31.3,High,Budget,Low Value,The battery drains too quickly and charging takes very long.
FT100324,45-54,Female,Working Professional,Tier 1,86600.0,50K-1L,Post Graduate,Better Sleep,Intermediate,1,Low,3600,5.4,Poor,High,Poor,1.7,High,No,Yes,No,No,Medium,High,Medium,Moderate,Yes,Yes,Yes,Yes,No,No,No,Medium,Low,No Preference,5690.0,6K-10K,7100,Full Payment,Low,No,5,Yes,No,Medium,High,2,93.4,21.3,88.1,51.4,43.5,90.0,61.1,High,Mid-Range,Medium Value,Step counting is accurate and syncing with the app is fast and seamless.
FT100325,35-44,Male,Working Professional,Tier 1,186300.0,1L-2L,Post Graduate,General Fitness,Beginner,4,High,6500,7.0,Average,Medium,Poor,1.5,Low,No,No,No,Yes,High,High,Low,Minimal,Yes,No,No,No,Yes,Yes,No,High,Medium,Premium / Trusted,10990.0,6K-10K,9900,EMI,Medium,No,2,No,No,Medium,High,2,51.4,40.4,55.4,49.6,54.3,30.5,34.2,Moderate,Mid-Range,Low Value,I am worried about my health data privacy and how it is stored.
FT100326,35-44,Female,Self-Employed,Tier 1,84100.0,50K-1L,Diploma,Medical / Recovery,Advanced,5,High,7300,6.6,Poor,Medium,Average,3.4,Medium,Yes,No,Yes,Yes,Medium,Medium,Medium,Moderate,Yes,Yes,No,Yes,No,No,Yes,High,Medium,Budget / Value,1030.0,3K-6K,5500,Full Payment,Medium,Yes,2,No,Yes,Medium,Medium,1,56.7,60.6,55.0,50.5,67.7,32.2,45.8,High,Mid-Range,Low Value,Hard to set up for beginners and too many confusing notifications.
FT100327,25-34,Female,Working Professional,Tier 3,50000.0,50K-1L,Graduate,Better Sleep,Intermediate,5,High,7600,4.6,Poor,High,Good,2.3,High,Yes,No,Yes,No,Low,High,Low,Moderate,Yes,No,Yes,Yes,No,No,No,Medium,Medium,No Preference,1170.0,3K-6K,4900,Full Payment,High,No,3,Yes,No,High,Medium,1,58.0,54.5,55.3,40.3,85.5,52.6,38.0,High,Budget,Medium Value,"Affordable, lightweight and the companion app is very beginner friendly."
FT100328,25-34,Female,Working Professional,Tier 1,65400.0,50K-1L,Diploma,General Fitness,Beginner,1,Low,7100,6.5,Average,Medium,Average,4.1,Medium,No,No,Yes,No,Medium,High,Low,Frequent,Yes,Yes,No,No,No,No,Yes,Medium,Medium,Budget / Value,3190.0,3K-6K,5300,Full Payment,Medium,Yes,3,No,No,High,Medium,0,59.1,35.8,61.2,56.5,62.6,39.2,50.6,Moderate,Mid-Range,Low Value,"It works as expected, neither impressed nor disappointed so far."
FT100329,18-24,Female,Student,Tier 3,13600.0,< 25K,Graduate,General Fitness,Beginner,2,Medium,6500,4.8,Poor,High,Poor,2.6,High,No,No,No,No,Low,Low,High,Moderate,Yes,Yes,Yes,Yes,Yes,No,No,High,Medium,No Preference,660.0,3K-6K,3000,Full Payment,Low,Yes,3,No,No,Medium,Low,0,84.8,30.0,80.2,22.2,57.3,41.7,40.2,High,Budget,Low Value,"It works as expected, neither impressed nor disappointed so far."
FT100330,35-44,Female,Working Professional,Tier 1,83800.0,50K-1L,High School,General Fitness,Intermediate,3,Medium,5700,6.3,Average,High,Average,2.8,Medium,No,Yes,Yes,Yes,High,High,Medium,Frequent,No,Yes,No,No,No,No,No,Medium,Low,Premium / Trusted,2530.0,6K-10K,8100,EMI,Medium,No,5,Yes,Yes,High,High,2,63.9,44.4,59.6,86.5,62.3,76.7,67.6,High,Mid-Range,Medium Value,The personalized health reports keep me motivated to stay consistent.
FT100331,18-24,Female,Working Professional,Tier 2,69800.0,50K-1L,Graduate,Muscle Gain,Beginner,3,Medium,8100,5.8,Poor,Medium,Poor,1.5,High,No,No,No,No,High,Medium,Medium,Minimal,No,No,No,Yes,Yes,Yes,No,High,High,No Preference,1860.0,3K-6K,5600,Full Payment,Low,No,4,Yes,No,Medium,Medium,1,72.1,39.6,71.0,41.0,48.7,66.2,31.2,High,Mid-Range,Medium Value,"Design is decent, battery is average, app could improve a little."
FT100332,35-44,Female,Working Professional,Tier 2,29900.0,25K-50K,Graduate,Muscle Gain,Beginner,1,Low,1200,6.0,Poor,Medium,Average,2.1,Medium,Yes,Yes,No,No,Low,Medium,Low,Moderate,Yes,Yes,Yes,No,No,Yes,No,Medium,Low,Budget / Value,2010.0,< 3K,2700,Full Payment,Low,Yes,4,Yes,Yes,Medium,Medium,3,71.9,13.0,72.1,43.4,57.2,67.6,58.3,High,Budget,Medium Value,Heart rate monitoring feels reliable and the hydration reminders really help.
FT100333,45-54,Male,Working Professional,Tier 2,118500.0,1L-2L,Graduate,General Fitness,Beginner,3,Medium,8800,6.0,Poor,Medium,Average,2.4,Low,No,No,No,No,Low,Medium,Medium,Frequent,No,Yes,No,Yes,No,Yes,No,High,Medium,Premium / Trusted,1530.0,6K-10K,7800,Full Payment,Low,No,2,No,No,Medium,Medium,1,59.3,40.3,59.8,20.5,45.9,32.8,38.0,High,Mid-Range,Low Value,Sleep tracking data seems wrong and the design feels cheap.
FT100334,18-24,Female,Working Professional,Tier 2,42300.0,25K-50K,High School,Medical / Recovery,Beginner,0,Low,5300,8.0,Good,Low,Poor,1.8,Low,Yes,Yes,No,No,Medium,High,Low,Moderate,No,No,Yes,Yes,No,Yes,No,Medium,High,No Preference,2150.0,< 3K,1700,Full Payment,Medium,Yes,3,No,No,High,Medium,1,42.1,29.7,52.8,49.1,72.8,39.2,56.0,Low,Budget,Low Value,"Reasonable device for the price, a few features could be better."
FT100335,25-34,Female,Self-Employed,Tier 2,62900.0,50K-1L,Graduate,General Fitness,Advanced,6,High,13600,6.4,Poor,Medium,Average,1.9,Medium,No,Yes,No,No,High,Medium,Low,Frequent,No,Yes,Yes,Yes,Yes,Yes,Yes,Medium,High,Budget / Value,1850.0,3K-6K,4700,Full Payment,Low,Yes,4,Yes,No,Medium,High,2,63.1,77.6,54.7,65.6,53.3,55.4,81.7,High,Budget,Medium Value,"The watch is okay, does the basic job of counting steps."
FT100336,18-24,Female,Working Professional,Tier 3,60200.0,50K-1L,Graduate,Stress Management,Beginner,2,Medium,7000,6.0,Poor,High,Poor,2.6,High,No,Yes,Yes,Yes,High,High,Medium,Moderate,Yes,Yes,Yes,No,Yes,No,No,Medium,Medium,No Preference,470.0,3K-6K,4900,Full Payment,Medium,Yes,4,Yes,No,High,High,4,81.8,37.3,81.1,92.4,69.4,59.8,75.5,High,Budget,Medium Value,"Reasonable device for the price, a few features could be better."
FT100337,35-44,Male,Working Professional,Tier 2,72700.0,50K-1L,Graduate,Muscle Gain,Beginner,0,Low,3800,7.8,Good,High,Poor,2.3,Medium,No,Yes,No,Yes,Low,Medium,Medium,Moderate,Yes,Yes,No,Yes,Yes,Yes,No,High,Medium,Budget / Value,3890.0,3K-6K,3700,Full Payment,Medium,No,3,No,No,Medium,Low,0,61.6,29.1,69.3,37.3,62.6,49.8,60.5,Moderate,Budget,Medium Value,"Affordable, lightweight and the companion app is very beginner friendly."
FT100338,18-24,Male,Student,Tier 1,28000.0,25K-50K,Diploma,General Fitness,Intermediate,6,High,11900,5.9,Poor,High,Average,1.2,High,No,Yes,Yes,No,High,High,Low,Frequent,Yes,Yes,Yes,No,No,No,Yes,High,High,Premium / Trusted,1870.0,6K-10K,7100,Full Payment,Medium,No,4,Yes,No,Low,High,1,73.2,68.2,63.3,92.5,81.9,55.8,82.5,High,Mid-Range,Medium Value,"Great value for money, the app is smooth and the design looks premium."
FT100339,45-54,Male,Self-Employed,Tier 1,45700.0,25K-50K,High School,Weight Loss,Intermediate,6,High,8500,7.4,Good,Medium,Poor,2.5,Low,Yes,No,No,No,Medium,Medium,Low,Moderate,No,Yes,No,Yes,Yes,No,No,Medium,Medium,Premium / Trusted,2350.0,6K-10K,6600,Full Payment,Low,No,3,No,Yes,Medium,Low,1,43.0,68.9,40.7,25.6,52.6,35.7,32.8,Low,Mid-Range,Low Value,"Too expensive for the features offered, the price could be lower."
FT100340,18-24,Male,Student,Tier 2,15300.0,< 25K,Graduate,Muscle Gain,Advanced,2,Medium,4500,5.3,Poor,High,Poor,2.7,High,No,Yes,No,No,High,High,High,Moderate,No,Yes,Yes,Yes,Yes,Yes,Yes,High,High,No Preference,710.0,3K-6K,5100,Full Payment,Low,No,3,No,No,Medium,Medium,2,82.5,39.6,86.6,70.7,56.2,39.4,76.5,High,Mid-Range,Low Value,"Reasonable device for the price, a few features could be better."
FT100341,55+,Male,Retired,Tier 2,50900.0,50K-1L,Post Graduate,Muscle Gain,Advanced,5,High,8400,7.3,Average,Medium,Average,1.8,Medium,No,No,No,No,Low,Medium,Low,Moderate,Yes,No,Yes,No,Yes,Yes,No,Medium,Medium,No Preference,2400.0,3K-6K,3300,Full Payment,Medium,No,2,No,No,Medium,Low,0,44.9,70.3,41.0,3.0,70.2,27.9,29.2,Moderate,Budget,Low Value,The battery drains too quickly and charging takes very long.
FT100342,35-44,Male,Self-Employed,Tier 2,65400.0,50K-1L,Diploma,Weight Loss,Beginner,2,Medium,7700,5.9,Average,Medium,Average,1.7,Low,No,No,No,No,Medium,High,Low,Frequent,No,No,Yes,Yes,No,No,Yes,High,Low,No Preference,1460.0,6K-10K,6300,Full Payment,Low,No,3,No,No,High,Low,1,54.5,39.4,55.2,32.6,41.8,34.8,42.3,Moderate,Mid-Range,Low Value,"It works as expected, neither impressed nor disappointed so far."
FT100343,25-34,Male,Working Professional,Tier 2,55000.0,50K-1L,Graduate,Stress Management,Beginner,2,Medium,3700,6.5,Poor,Medium,Good,2.7,Low,No,No,No,No,Medium,High,High,Moderate,Yes,Yes,Yes,No,No,No,No,High,Medium,Premium / Trusted,1230.0,6K-10K,7700,Full Payment,Medium,Yes,3,No,No,Low,High,4,56.0,22.3,59.2,32.7,65.6,42.6,35.3,High,Mid-Range,Low Value,Heart rate readings feel inaccurate during workouts and the strap is uncomfortable.
FT100344,35-44,Male,Working Professional,Tier 1,47500.0,25K-50K,High School,General Fitness,Intermediate,5,High,6800,6.6,Average,Medium,Good,0.5,Low,No,Yes,No,No,High,High,Low,Moderate,Yes,Yes,No,No,No,No,No,Medium,Low,Premium / Trusted,2530.0,6K-10K,7400,Full Payment,Medium,No,2,No,No,Medium,Medium,1,44.4,51.6,34.9,59.8,76.4,23.8,55.5,Moderate,Mid-Range,Low Value,Heart rate readings feel inaccurate during workouts and the strap is uncomfortable.
FT100345,35-44,Male,Working Professional,Tier 2,87800.0,50K-1L,Graduate,General Fitness,Beginner,3,Medium,6700,6.5,Average,Medium,Average,2.3,Medium,No,No,No,No,Medium,Medium,Medium,Minimal,No,No,Yes,No,No,No,Yes,High,Medium,Premium / Trusted,3490.0,6K-10K,8600,Full Payment,Medium,No,3,No,No,Medium,Low,0,52.0,39.7,53.4,31.5,57.7,43.4,23.6,Moderate,Mid-Range,Low Value,Hard to set up for beginners and too many confusing notifications.
FT100346,45-54,Female,Working Professional,Tier 2,45700.0,25K-50K,Diploma,Better Sleep,Intermediate,4,High,8700,5.1,Poor,High,Average,3.6,High,Yes,Yes,No,No,Medium,Medium,High,Frequent,Yes,Yes,No,No,No,No,No,Medium,Medium,No Preference,1570.0,3K-6K,5800,Full Payment,Medium,No,3,No,Yes,High,Medium,1,73.0,52.8,67.1,44.4,69.6,48.2,57.1,High,Mid-Range,Medium Value,"Design is decent, battery is average, app could improve a little."
FT100347,18-24,Male,Student,Tier 2,18800.0,< 25K,Graduate,General Fitness,Beginner,4,High,6100,5.3,Poor,High,Average,2.3,Medium,No,No,No,No,High,High,Medium,Moderate,Yes,Yes,No,Yes,No,No,Yes,High,High,No Preference,860.0,3K-6K,3800,Full Payment,High,No,3,No,No,Medium,High,1,72.7,33.9,67.1,38.4,93.4,37.6,41.6,High,Budget,Low Value,"It works as expected, neither impressed nor disappointed so far."
FT100348,25-34,Male,Student,Tier 2,18900.0,< 25K,Graduate,Muscle Gain,Advanced,6,High,10800,7.3,Good,Low,Good,3.0,Low,No,Yes,No,No,High,High,Medium,Moderate,Yes,No,Yes,Yes,Yes,Yes,No,Medium,Medium,Budget / Value,450.0,< 3K,2300,Full Payment,Medium,No,3,No,No,Low,Medium,1,14.2,86.9,15.9,69.8,71.7,49.7,71.9,Low,Budget,Medium Value,"It works as expected, neither impressed nor disappointed so far."
FT100349,18-24,Male,Student,Tier 3,9100.0,< 25K,High School,Muscle Gain,Intermediate,3,Medium,8800,6.6,Average,Low,Average,2.7,Low,No,Yes,Yes,Yes,Medium,High,Medium,Minimal,No,Yes,Yes,Yes,Yes,No,No,High,Low,No Preference,500.0,3K-6K,3400,Full Payment,Low,Yes,4,Yes,Yes,Low,Medium,1,41.2,53.4,39.8,73.4,63.1,56.5,61.8,Low,Budget,Medium Value,"I love the sleep tracking, it is accurate and easy to understand."
FT100350,25-34,Male,Working Professional,Tier 2,34600.0,25K-50K,Diploma,Weight Loss,Intermediate,2,Medium,7400,5.1,Poor,High,Good,1.1,High,No,Yes,Yes,Yes,High,Medium,Low,Moderate,Yes,Yes,Yes,No,No,No,No,High,Medium,Budget / Value,840.0,3K-6K,4700,Full Payment,Low,Yes,4,Yes,Yes,Medium,High,4,68.8,43.3,66.9,83.8,45.9,56.1,68.2,High,Budget,Medium Value,"Design is decent, battery is average, app could improve a little."
FT100351,18-24,Male,Student,Tier 3,12900.0,< 25K,Graduate,General Fitness,Beginner,3,Medium,6900,6.5,Average,Medium,Average,2.7,Low,No,No,No,Yes,High,High,Low,Moderate,No,Yes,No,No,No,Yes,No,High,High,Budget / Value,200.0,< 3K,1300,Full Payment,High,Yes,3,No,Yes,Medium,High,1,53.7,41.0,46.6,40.7,90.1,41.6,33.8,Moderate,Budget,Low Value,"Too expensive for the features offered, the price could be lower."
FT100352,25-34,Female,Working Professional,Tier 1,96500.0,50K-1L,Graduate,Weight Loss,Advanced,4,High,7200,5.6,Poor,High,Average,3.1,Medium,No,Yes,No,No,High,High,High,Moderate,Yes,Yes,No,Yes,No,No,Yes,Low,Low,No Preference,1710.0,6K-10K,8500,EMI,High,Yes,4,Yes,No,High,Medium,0,69.8,47.6,59.0,68.7,84.9,63.1,67.2,High,Mid-Range,Medium Value,Heart rate monitoring feels reliable and the hydration reminders really help.
FT100353,25-34,Female,Working Professional,Tier 2,82600.0,50K-1L,Post Graduate,Weight Loss,Intermediate,3,Medium,9400,7.0,Average,Low,Good,1.4,Low,No,Yes,No,No,Medium,Medium,Low,Moderate,Yes,No,Yes,Yes,Yes,No,Yes,High,High,Premium / Trusted,4390.0,6K-10K,7500,Full Payment,Medium,Yes,2,No,No,Medium,Low,0,28.2,52.9,33.8,47.8,67.5,28.3,64.2,Low,Mid-Range,Low Value,I am worried about my health data privacy and how it is stored.
FT100354,25-34,Male,Homemaker,Tier 2,33900.0,25K-50K,Graduate,Muscle Gain,Intermediate,3,Medium,6300,6.9,Average,Medium,Poor,1.7,Low,No,Yes,Yes,Yes,High,High,High,Moderate,Yes,Yes,Yes,No,Yes,Yes,No,Medium,High,Premium / Trusted,830.0,3K-6K,5200,Full Payment,High,Yes,4,Yes,No,Medium,Low,2,61.1,44.8,59.9,82.4,91.1,54.5,76.3,Moderate,Mid-Range,Medium Value,"Average experience overall, nothing special but works fine."
FT100355,25-34,Female,Working Professional,Tier 2,123800.0,1L-2L,Post Graduate,Weight Loss,Intermediate,4,High,9100,6.5,Poor,Medium,Good,2.3,Medium,Yes,Yes,No,No,High,High,Medium,Minimal,Yes,Yes,No,No,Yes,No,Yes,Medium,High,Budget / Value,7440.0,6K-10K,6100,Full Payment,Medium,Yes,4,Yes,No,Medium,Medium,1,45.4,49.1,47.5,60.7,62.4,63.9,57.4,High,Mid-Range,Medium Value,Heart rate monitoring feels reliable and the hydration reminders really help.
FT100356,35-44,Male,Working Professional,Tier 1,133000.0,1L-2L,Graduate,Medical / Recovery,Beginner,1,Low,7600,5.4,Poor,High,Average,3.1,High,Yes,No,No,No,Medium,Medium,Medium,Frequent,Yes,No,No,Yes,No,Yes,Yes,Medium,Medium,Budget / Value,1280.0,6K-10K,7100,Full Payment,Low,Yes,3,No,Yes,Low,Medium,0,81.6,29.7,76.8,24.7,38.5,47.6,43.8,High,Mid-Range,Medium Value,"The watch is okay, does the basic job of counting steps."
FT100357,35-44,Male,Homemaker,Tier 2,20000.0,< 25K,High School,General Fitness,Beginner,0,Low,4500,6.7,Average,Low,Average,1.9,Medium,No,Yes,No,No,Medium,Medium,Medium,Moderate,Yes,No,Yes,Yes,Yes,Yes,No,Medium,Medium,Premium / Trusted,180.0,3K-6K,5800,Full Payment,High,Yes,3,No,No,Medium,Medium,1,51.1,20.0,50.4,47.8,90.9,42.5,64.2,Low,Mid-Range,Low Value,"Reasonable device for the price, a few features could be better."
FT100358,25-34,Male,Working Professional,Tier 1,69500.0,50K-1L,Diploma,General Fitness,Beginner,3,Medium,4500,7.5,Good,Low,Average,2.3,Low,Yes,Yes,No,No,High,High,Medium,Minimal,No,Yes,Yes,Yes,No,Yes,No,High,Medium,Budget / Value,3400.0,3K-6K,5500,Full Payment,Medium,Yes,3,No,No,Low,High,2,33.5,36.5,34.8,80.0,63.2,40.5,64.1,Low,Mid-Range,Low Value,Customer support was slow and the device disconnects from the app often.
FT100359,25-34,Male,Homemaker,Tier 3,15400.0,< 25K,Graduate,Better Sleep,Intermediate,3,Medium,4100,6.1,Poor,Medium,Poor,1.8,Medium,No,Yes,No,No,Medium,High,Medium,Moderate,Yes,Yes,Yes,Yes,Yes,Yes,Yes,Medium,Medium,Premium / Trusted,490.0,3K-6K,3800,Full Payment,Medium,No,3,No,No,Medium,Medium,1,71.9,33.8,70.7,48.0,75.1,42.4,72.8,High,Budget,Low Value,"Design is decent, battery is average, app could improve a little."
FT100360,45-54,Female,Working Professional,Tier 1,72500.0,50K-1L,Diploma,General Fitness,Intermediate,6,High,9100,5.6,Poor,High,Average,2.3,Medium,Yes,No,No,No,Medium,Medium,Medium,Frequent,Yes,Yes,No,Yes,No,Yes,Yes,High,Low,Premium / Trusted,3570.0,6K-10K,8500,EMI,High,No,3,No,Yes,High,Medium,2,68.5,62.7,61.0,25.0,79.5,36.2,48.2,High,Mid-Range,Low Value,"The watch is okay, does the basic job of counting steps."
FT100361,18-24,Female,Student,Tier 1,41000.0,25K-50K,Post Graduate,Muscle Gain,Beginner,2,Medium,6500,4.8,Poor,High,Average,3.1,Medium,No,Yes,Yes,Yes,High,High,High,Frequent,Yes,Yes,No,No,No,Yes,No,High,Medium,Premium / Trusted,1790.0,6K-10K,9700,EMI,Medium,Yes,5,Yes,Yes,High,High,0,75.4,29.2,75.1,87.4,65.2,76.2,76.4,High,Mid-Range,Medium Value,Heart rate monitoring feels reliable and the hydration reminders really help.
FT100362,18-24,Female,Self-Employed,Tier 2,70900.0,50K-1L,Graduate,Stress Management,Advanced,7,High,11500,6.2,Poor,Medium,Average,2.4,Medium,No,No,No,No,Medium,Medium,High,Frequent,No,No,Yes,Yes,No,No,Yes,Low,High,Budget / Value,3330.0,3K-6K,3800,Full Payment,Medium,Yes,3,No,Yes,Medium,Low,0,61.3,74.3,49.2,35.4,70.8,37.1,43.2,High,Budget,Low Value,Customer support was slow and the device disconnects from the app often.
FT100363,18-24,Male,Student,Tier 1,34200.0,25K-50K,Graduate,Better Sleep,Beginner,2,Medium,9200,6.0,Poor,High,Poor,2.0,Medium,No,No,Yes,Yes,High,High,Low,Frequent,Yes,Yes,No,No,No,Yes,Yes,Low,Low,Budget / Value,1370.0,3K-6K,4500,Full Payment,High,Yes,4,Yes,No,High,High,2,80.2,35.0,77.0,64.5,88.3,54.0,57.7,High,Budget,Medium Value,"The watch is okay, does the basic job of counting steps."
FT100364,35-44,Female,Working Professional,Tier 1,88400.0,50K-1L,Graduate,Weight Loss,Intermediate,5,High,9300,4.7,Poor,High,Good,2.3,High,No,Yes,No,No,Medium,Medium,Low,Moderate,Yes,Yes,No,Yes,No,No,Yes,Medium,Low,Budget / Value,4300.0,6K-10K,6500,Full Payment,High,Yes,3,No,Yes,Low,Low,0,65.3,59.6,59.8,50.6,94.2,43.7,60.9,High,Mid-Range,Low Value,"It works as expected, neither impressed nor disappointed so far."
FT100365,25-34,Male,Working Professional,Tier 2,78700.0,50K-1L,Graduate,Weight Loss,Beginner,2,Medium,4600,5.0,Poor,High,Good,1.7,High,No,No,No,No,High,High,High,Moderate,Yes,Yes,Yes,No,Yes,Yes,Yes,High,Low,Premium / Trusted,3220.0,6K-10K,6700,Full Payment,Medium,Yes,3,No,No,Medium,High,1,67.0,27.0,61.1,40.4,64.5,35.6,50.9,High,Mid-Range,Low Value,"It works as expected, neither impressed nor disappointed so far."
FT100366,35-44,Male,Self-Employed,Tier 2,79100.0,50K-1L,Graduate,Medical / Recovery,Beginner,2,Medium,3200,5.7,Poor,Medium,Poor,1.5,Medium,Yes,No,No,No,Medium,Medium,Low,Frequent,Yes,No,Yes,Yes,Yes,No,No,High,Medium,No Preference,2470.0,6K-10K,6100,Full Payment,Low,Yes,4,Yes,No,Low,High,2,69.9,23.8,68.0,30.3,45.3,62.7,45.7,High,Mid-Range,Medium Value,"I love the sleep tracking, it is accurate and easy to understand."
FT100367,35-44,Male,Working Professional,Tier 1,71000.0,50K-1L,High School,Weight Loss,Beginner,3,Medium,8400,7.3,Good,Low,Good,3.3,Low,Yes,Yes,No,No,High,High,High,Moderate,No,No,No,Yes,No,Yes,No,Medium,Medium,No Preference,2870.0,3K-6K,5500,Full Payment,High,Yes,2,No,No,Low,High,3,21.9,51.3,25.2,71.8,91.8,25.8,59.7,Low,Mid-Range,Low Value,"Design is decent, battery is average, app could improve a little."
FT100368,25-34,Female,Working Professional,Tier 2,40100.0,25K-50K,High School,Stress Management,Intermediate,6,High,9600,4.7,Poor,High,Good,3.6,High,No,Yes,No,Yes,Medium,High,Low,Moderate,Yes,Yes,No,Yes,No,No,No,High,High,No Preference,560.0,3K-6K,3600,Full Payment,Medium,No,4,Yes,Yes,Medium,Medium,1,65.2,56.4,60.3,56.5,74.6,56.7,58.6,High,Budget,Medium Value,"Average experience overall, nothing special but works fine."
FT100369,45-54,Other,Self-Employed,Tier 2,37100.0,25K-50K,Diploma,Muscle Gain,Intermediate,3,Medium,3600,6.4,Poor,Medium,Poor,0.9,Medium,Yes,No,No,No,Low,Low,Low,Moderate,No,Yes,Yes,No,No,No,Yes,Low,Low,No Preference,860.0,3K-6K,3400,Full Payment,Medium,Yes,2,No,No,Medium,Medium,1,72.3,34.1,72.0,22.1,70.3,34.0,31.6,High,Budget,Low Value,"It works as expected, neither impressed nor disappointed so far."
FT100370,35-44,Male,Self-Employed,Tier 2,29100.0,25K-50K,High School,Muscle Gain,Beginner,2,Medium,5200,6.7,Average,Medium,Good,2.8,Medium,No,Yes,No,No,High,Medium,Low,Minimal,No,No,No,No,No,Yes,No,Medium,High,Budget / Value,490.0,3K-6K,3100,Full Payment,High,Yes,4,Yes,Yes,Low,High,2,52.2,35.9,48.0,59.2,90.9,59.6,44.0,Moderate,Budget,Medium Value,"Great value for money, the app is smooth and the design looks premium."
FT100371,18-24,Female,Student,Tier 1,24700.0,< 25K,Graduate,Stress Management,Beginner,1,Low,2300,6.4,Average,Medium,Poor,2.3,Medium,No,Yes,No,No,Medium,High,Low,Moderate,No,Yes,Yes,No,Yes,No,No,Medium,High,Premium / Trusted,1390.0,6K-10K,6900,Full Payment,Medium,No,3,Yes,No,High,Medium,4,63.8,15.3,65.9,50.5,76.5,53.4,56.5,Moderate,Mid-Range,Medium Value,Hard to set up for beginners and too many confusing notifications.
FT100372,25-34,Female,Working Professional,Tier 1,60700.0,50K-1L,High School,Medical / Recovery,Intermediate,4,High,6600,6.0,Poor,Medium,Good,1.3,Medium,Yes,Yes,Yes,Yes,High,High,High,Minimal,Yes,Yes,No,Yes,Yes,No,Yes,High,Medium,No Preference,2540.0,3K-6K,5600,Full Payment,Low,Yes,3,No,No,Low,High,0,53.1,39.9,44.4,95.3,50.0,47.8,73.8,High,Mid-Range,Medium Value,"Average experience overall, nothing special but works fine."
FT100373,25-34,Female,Working Professional,Tier 3,32600.0,25K-50K,High School,Weight Loss,Beginner,1,Low,4100,6.1,Poor,High,Average,1.9,High,No,No,Yes,Yes,Low,Medium,Medium,Minimal,No,Yes,No,Yes,No,No,Yes,High,Low,Premium / Trusted,240.0,3K-6K,5900,Full Payment,Low,No,4,Yes,Yes,Low,Medium,3,84.7,16.8,75.2,42.9,51.0,64.2,31.9,High,Mid-Range,Medium Value,"The watch is okay, does the basic job of counting steps."
FT100374,18-24,Male,Student,Tier 2,17600.0,< 25K,Post Graduate,Muscle Gain,Intermediate,0,Low,1400,6.9,Average,Medium,Good,1.8,Medium,No,Yes,No,Yes,High,High,High,Moderate,Yes,Yes,Yes,No,No,No,Yes,Medium,Low,No Preference,930.0,< 3K,1700,Full Payment,High,No,3,No,Yes,Medium,High,0,51.2,20.2,51.3,70.0,91.8,50.7,67.6,Moderate,Budget,Medium Value,The battery life is excellent and lasts almost a week on a single charge.
FT100375,18-24,Female,Student,Tier 1,31200.0,25K-50K,Post Graduate,Stress Management,Beginner,1,Low,3200,5.7,Poor,High,Average,3.8,Medium,Yes,Yes,Yes,Yes,High,High,Medium,Minimal,No,Yes,No,Yes,Yes,Yes,No,Medium,Low,Premium / Trusted,760.0,6K-10K,8100,EMI,High,Yes,4,Yes,No,Medium,High,2,81.5,18.0,79.8,96.3,98.9,72.9,69.8,High,Mid-Range,Medium Value,The battery life is excellent and lasts almost a week on a single charge.
FT100376,45-54,Female,Working Professional,Tier 3,48700.0,25K-50K,Graduate,General Fitness,Advanced,6,High,8300,4.1,Poor,High,Average,3.6,High,No,No,No,No,Low,Low,Medium,Minimal,Yes,Yes,No,Yes,No,Yes,No,Medium,Medium,Premium / Trusted,360.0,6K-10K,6000,Full Payment,Medium,No,2,No,No,Medium,Medium,2,71.8,61.4,72.3,15.3,68.5,19.2,26.5,High,Mid-Range,Low Value,"Too expensive for the features offered, the price could be lower."
FT100377,25-34,Female,Working Professional,Tier 1,72800.0,50K-1L,Graduate,Better Sleep,Intermediate,2,Medium,3900,7.2,Average,Medium,Good,1.6,Medium,Yes,Yes,No,No,Medium,High,Medium,Minimal,No,Yes,Yes,No,No,No,No,High,Medium,Budget / Value,760.0,3K-6K,4400,Full Payment,High,Yes,3,No,No,Medium,High,1,43.7,38.3,45.8,56.4,85.0,43.4,47.3,Moderate,Budget,Low Value,"Design is decent, battery is average, app could improve a little."
FT100378,25-34,Male,Working Professional,Tier 3,61800.0,50K-1L,Post Graduate,General Fitness,Beginner,3,Medium,4500,5.9,Poor,High,Average,1.1,Medium,No,Yes,No,No,Medium,Low,Medium,Moderate,Yes,Yes,Yes,No,Yes,Yes,No,Low,Medium,Budget / Value,2550.0,3K-6K,3300,Full Payment,High,Yes,3,No,No,Medium,High,2,76.2,36.2,66.9,51.3,87.4,48.2,65.4,High,Budget,Medium Value,"The watch is okay, does the basic job of counting steps."
FT100379,35-44,Female,Self-Employed,Tier 2,33400.0,25K-50K,High School,Weight Loss,Intermediate,3,Medium,5400,6.1,Poor,Medium,Average,2.9,Medium,No,Yes,No,No,Medium,Medium,High,Frequent,Yes,Yes,No,No,Yes,No,No,High,Medium,Budget / Value,580.0,< 3K,2900,Full Payment,High,Yes,3,No,No,Medium,Medium,2,61.3,36.9,64.9,55.6,91.0,44.0,65.3,High,Budget,Low Value,Heart rate readings feel inaccurate during workouts and the strap is uncomfortable.
FT100380,25-34,Male,Working Professional,Tier 3,38300.0,25K-50K,Graduate,Better Sleep,Beginner,1,Low,2500,5.1,Poor,Medium,Average,2.7,Medium,No,No,No,No,Low,Low,Medium,Moderate,Yes,No,No,No,Yes,No,No,High,High,Budget / Value,1710.0,< 3K,1900,Full Payment,High,No,1,No,Yes,Low,Low,0,68.3,12.1,66.0,22.9,87.2,8.2,27.6,High,Budget,Low Value,"Too expensive for the features offered, the price could be lower."
FT100381,45-54,Female,Homemaker,Tier 3,11400.0,< 25K,High School,Medical / Recovery,Advanced,6,High,10700,6.4,Poor,Medium,Average,3.3,Medium,Yes,Yes,No,No,Low,Medium,Medium,Moderate,No,No,No,Yes,No,No,No,High,Low,Premium / Trusted,660.0,3K-6K,4000,Full Payment,High,No,3,No,No,Low,High,3,64.5,69.6,50.6,38.4,99.6,47.5,43.7,High,Budget,Medium Value,"Average experience overall, nothing special but works fine."
FT100382,35-44,Male,Homemaker,Tier 1,39500.0,25K-50K,Graduate,Weight Loss,Intermediate,4,High,7800,5.9,Poor,Medium,Poor,1.5,Medium,No,No,Yes,Yes,Medium,Medium,Medium,Moderate,Yes,Yes,Yes,No,Yes,Yes,No,Medium,High,Budget / Value,1220.0,3K-6K,4600,Full Payment,Medium,No,3,No,Yes,High,Low,0,64.7,50.1,66.4,50.9,69.3,50.5,50.2,High,Budget,Medium Value,"Design is decent, battery is average, app could improve a little."
FT100383,25-34,Male,Working Professional,Tier 2,63200.0,50K-1L,Post Graduate,Stress Management,Beginner,2,Medium,7400,5.0,Poor,High,Poor,2.9,High,No,Yes,Yes,Yes,Medium,Medium,Medium,Moderate,Yes,No,Yes,Yes,Yes,No,No,High,Low,Budget / Value,3960.0,3K-6K,4200,Full Payment,Medium,No,4,Yes,Yes,Low,Medium,0,83.3,32.5,83.3,66.2,70.2,54.9,66.3,High,Budget,Medium Value,"I love the sleep tracking, it is accurate and easy to understand."
FT100384,25-34,Male,Homemaker,Tier 1,33700.0,25K-50K,Graduate,Weight Loss,Intermediate,5,High,11900,6.6,Average,Medium,Poor,1.7,High,Yes,Yes,Yes,Yes,Medium,Medium,Low,Frequent,Yes,No,Yes,Yes,Yes,No,Yes,Medium,Medium,Premium / Trusted,600.0,6K-10K,7100,Full Payment,High,No,4,Yes,No,Medium,Medium,0,45.2,70.6,56.5,70.2,97.3,60.5,79.0,Moderate,Mid-Range,Medium Value,"Design is decent, battery is average, app could improve a little."
FT100385,55+,Male,Working Professional,Tier 2,87800.0,50K-1L,Post Graduate,Weight Loss,Beginner,2,Medium,6400,6.1,Poor,Medium,Poor,2.8,Low,No,Yes,No,No,Low,Low,Medium,Moderate,Yes,No,No,Yes,Yes,Yes,No,Medium,High,No Preference,4040.0,6K-10K,6500,Full Payment,High,Yes,3,No,No,High,Medium,2,72.0,28.8,68.4,41.3,83.3,39.5,57.6,High,Mid-Range,Low Value,"Reasonable device for the price, a few features could be better."
FT100386,35-44,Male,Working Professional,Tier 2,53500.0,50K-1L,Graduate,Weight Loss,Advanced,3,Medium,7100,6.1,Average,Medium,Average,2.3,Medium,No,Yes,No,Yes,Medium,Medium,High,Moderate,Yes,No,No,No,No,No,Yes,Low,High,Budget / Value,3040.0,3K-6K,4300,Full Payment,Medium,No,4,Yes,No,Medium,Low,0,51.6,56.6,50.7,51.4,70.9,57.6,52.6,Moderate,Budget,Medium Value,"The watch is okay, does the basic job of counting steps."
FT100387,55+,Male,Homemaker,Tier 1,23700.0,< 25K,Graduate,Better Sleep,Advanced,5,High,9800,7.0,Average,Medium,Average,3.8,Low,Yes,No,No,Yes,Low,Medium,High,Frequent,Yes,Yes,No,No,No,No,No,Medium,High,Premium / Trusted,860.0,6K-10K,6500,Full Payment,Low,Yes,1,No,Yes,High,Low,0,43.6,78.2,47.2,15.8,48.5,11.1,32.1,Moderate,Mid-Range,Low Value,Heart rate readings feel inaccurate during workouts and the strap is uncomfortable.
FT100388,18-24,Male,Student,Tier 1,20000.0,< 25K,Graduate,Weight Loss,Intermediate,1,Low,4900,6.4,Average,Medium,Average,2.7,Medium,No,Yes,Yes,Yes,High,Medium,High,Moderate,Yes,No,No,Yes,No,No,No,Low,High,Budget / Value,1050.0,6K-10K,6100,Full Payment,Low,No,4,Yes,Yes,High,Medium,1,60.6,33.7,55.6,83.7,50.7,54.4,63.9,Moderate,Mid-Range,Medium Value,"It works as expected, neither impressed nor disappointed so far."
FT100389,45-54,Male,Self-Employed,Tier 1,73300.0,50K-1L,Graduate,Weight Loss,Intermediate,4,High,7500,7.0,Average,Low,Poor,2.0,Low,No,No,No,No,Low,Low,Medium,Moderate,Yes,No,Yes,Yes,Yes,No,No,High,Low,No Preference,2830.0,6K-10K,6800,Full Payment,Low,No,2,No,No,High,Medium,0,39.3,53.8,49.4,22.5,48.4,22.6,36.0,Low,Mid-Range,Low Value,The app keeps crashing and the notifications are unreliable.
FT100390,25-34,Female,Working Professional,Tier 1,65500.0,50K-1L,Graduate,Stress Management,Intermediate,4,High,7300,5.2,Poor,High,Good,2.4,High,No,Yes,Yes,No,High,High,Medium,Moderate,Yes,Yes,Yes,No,Yes,No,Yes,High,Medium,Premium / Trusted,1040.0,6K-10K,9600,Full Payment,Low,Yes,4,Yes,No,Medium,High,7,59.0,48.7,59.2,91.9,47.1,60.5,79.6,High,Mid-Range,Medium Value,"The watch is okay, does the basic job of counting steps."
FT100391,18-24,Female,Student,Tier 1,21300.0,< 25K,Diploma,General Fitness,Beginner,3,Medium,4500,6.0,Poor,Medium,Poor,2.2,High,No,No,No,No,High,High,High,Minimal,Yes,No,Yes,No,Yes,No,Yes,High,Medium,Premium / Trusted,1330.0,6K-10K,6800,Full Payment,High,Yes,4,Yes,No,High,High,4,69.4,37.0,70.2,42.1,95.2,55.5,35.9,High,Mid-Range,Medium Value,"Reasonable device for the price, a few features could be better."
FT100392,25-34,Female,Working Professional,Tier 3,69500.0,50K-1L,Graduate,Weight Loss,Beginner,2,Medium,6700,6.9,Average,Low,Poor,1.4,Low,No,No,No,No,High,High,Medium,Moderate,Yes,No,No,Yes,Yes,No,No,High,High,Premium / Trusted,1210.0,6K-10K,6400,Full Payment,Medium,Yes,4,Yes,No,Medium,High,8,44.8,38.9,48.1,42.3,65.4,55.5,38.7,Low,Mid-Range,Medium Value,"Average experience overall, nothing special but works fine."
FT100393,35-44,Male,Homemaker,Tier 2,14300.0,< 25K,Diploma,Weight Loss,Advanced,6,High,9500,7.0,Good,Low,Good,3.8,Low,No,Yes,No,No,Low,Low,High,Frequent,No,No,No,No,Yes,No,No,High,High,No Preference,630.0,3K-6K,3700,Full Payment,Medium,No,2,No,No,High,Low,0,18.0,79.6,8.1,34.4,72.7,19.9,49.3,Low,Budget,Low Value,Customer support was slow and the device disconnects from the app often.
FT100394,18-24,Male,Student,Tier 3,13700.0,< 25K,Graduate,Stress Management,Beginner,0,Low,5600,5.3,Poor,High,Poor,3.6,Medium,No,Yes,No,No,High,High,Medium,Moderate,No,Yes,No,No,No,No,No,Medium,Medium,Premium / Trusted,180.0,6K-10K,6600,Full Payment,Low,Yes,5,Yes,No,Low,High,3,87.3,17.9,90.0,58.0,52.0,100.0,50.6,High,Mid-Range,Medium Value,"I love the sleep tracking, it is accurate and easy to understand."
FT100395,25-34,Female,Working Professional,Tier 3,48800.0,25K-50K,High School,Muscle Gain,Beginner,1,Low,5700,6.6,Average,High,Good,2.2,High,No,Yes,Yes,Yes,High,Medium,Medium,Minimal,Yes,No,Yes,Yes,No,No,No,High,High,No Preference,1720.0,3K-6K,3400,Full Payment,Medium,Yes,4,Yes,Yes,Low,Medium,3,60.2,33.8,59.6,77.4,74.3,68.0,58.9,High,Budget,Medium Value,"I love the sleep tracking, it is accurate and easy to understand."
FT100396,35-44,Male,Working Professional,Tier 2,71600.0,50K-1L,Graduate,Stress Management,Beginner,0,Low,1900,6.4,Average,High,Average,2.9,High,No,No,Yes,Yes,Medium,Medium,Medium,Moderate,Yes,No,No,Yes,No,Yes,Yes,Medium,Medium,Budget / Value,3030.0,3K-6K,4700,Full Payment,Low,No,4,Yes,No,Medium,High,3,70.8,16.4,68.3,49.4,47.2,60.7,45.4,High,Budget,Medium Value,Step counting is accurate and syncing with the app is fast and seamless.
FT100397,18-24,Male,Student,Tier 1,21200.0,< 25K,Diploma,Weight Loss,Advanced,5,High,10700,4.2,Poor,High,Good,3.9,High,No,Yes,No,No,High,High,Low,Frequent,No,Yes,No,No,Yes,No,No,High,High,No Preference,1000.0,3K-6K,5900,Full Payment,Medium,Yes,4,Yes,No,Medium,Medium,1,67.5,71.1,57.2,58.1,70.4,59.6,61.9,High,Mid-Range,Medium Value,Hard to set up for beginners and too many confusing notifications.
FT100398,25-34,Female,Student,Tier 3,11200.0,< 25K,Diploma,General Fitness,Advanced,7,High,6100,5.7,Poor,High,Poor,3.3,Medium,No,No,No,No,Medium,High,Low,Moderate,Yes,Yes,Yes,Yes,Yes,No,No,Medium,Medium,Budget / Value,570.0,< 3K,1900,Full Payment,High,No,4,Yes,No,Medium,High,2,78.9,63.6,71.2,30.0,89.8,58.6,42.9,High,Budget,Medium Value,"Reasonable device for the price, a few features could be better."
FT100399,25-34,Female,Self-Employed,Tier 2,64300.0,50K-1L,Graduate,Stress Management,Beginner,3,Medium,9800,7.0,Good,Medium,Average,2.1,Medium,No,Yes,No,No,High,High,High,Frequent,No,Yes,No,Yes,No,Yes,Yes,High,High,Budget / Value,580.0,3K-6K,4100,Full Payment,High,Yes,3,No,No,High,Medium,0,41.7,51.4,44.3,63.2,83.0,46.0,72.3,Low,Budget,Medium Value,"I love the sleep tracking, it is accurate and easy to understand."
FT100400,25-34,Male,Working Professional,Tier 2,61800.0,50K-1L,High School,Weight Loss,Beginner,2,Medium,2800,6.5,Poor,Medium,Average,2.2,High,No,No,No,No,Medium,Medium,Medium,Minimal,No,No,Yes,Yes,No,No,No,High,Low,Premium / Trusted,1590.0,6K-10K,7500,Full Payment,Low,No,2,No,No,High,Medium,1,63.5,16.9,59.0,25.6,51.9,25.8,21.5,High,Mid-Range,Low Value,Hard to set up for beginners and too many confusing notifications.
FT100401,45-54,Female,Working Professional,Tier 3,48500.0,25K-50K,Post Graduate,Weight Loss,Intermediate,3,Medium,7200,5.2,Poor,High,Average,0.9,High,No,No,No,No,Medium,High,Low,Moderate,Yes,Yes,No,Yes,Yes,No,Yes,High,High,Budget / Value,2360.0,< 3K,2100,Full Payment,Medium,No,3,No,Yes,Low,Medium,1,77.4,44.4,67.2,26.4,69.5,42.8,41.7,High,Budget,Low Value,"Too expensive for the features offered, the price could be lower."
FT100402,35-44,Male,Working Professional,Tier 2,53500.0,50K-1L,Graduate,General Fitness,Beginner,0,Low,3800,6.1,Poor,Medium,Good,2.9,Medium,No,Yes,No,No,Medium,Medium,High,Minimal,Yes,Yes,No,No,No,Yes,Yes,Medium,Medium,Budget / Value,1530.0,3K-6K,5000,Full Payment,Low,No,3,No,No,Low,Medium,0,61.6,9.6,61.2,53.2,61.8,41.9,54.8,High,Mid-Range,Low Value,"Average experience overall, nothing special but works fine."
FT100403,18-24,Female,Student,Tier 2,14700.0,< 25K,Graduate,General Fitness,Advanced,5,High,10500,6.2,Average,Medium,Poor,3.3,High,No,Yes,Yes,No,Medium,High,High,Moderate,No,No,No,No,No,No,Yes,High,High,Budget / Value,470.0,< 3K,2600,Full Payment,Medium,Yes,3,No,No,Medium,High,0,55.6,75.9,51.5,76.9,71.5,38.3,57.2,Moderate,Budget,Low Value,"It works as expected, neither impressed nor disappointed so far."
FT100404,55+,Male,Homemaker,Tier 3,11600.0,< 25K,High School,Weight Loss,Advanced,6,High,9000,7.2,Average,Low,Average,3.3,Low,No,Yes,No,No,Low,Low,Medium,Frequent,Yes,No,No,No,Yes,Yes,No,Medium,Low,Budget / Value,130.0,< 3K,1500,Full Payment,Medium,Yes,3,No,No,Medium,Low,2,30.4,68.6,28.1,32.6,67.8,44.9,57.3,Low,Budget,Low Value,"Reasonable device for the price, a few features could be better."
FT100405,45-54,Male,Self-Employed,Tier 2,49100.0,25K-50K,Post Graduate,Medical / Recovery,Intermediate,4,High,3500,5.4,Poor,Medium,Poor,2.9,Medium,Yes,No,Yes,No,Medium,High,Low,Moderate,Yes,Yes,No,No,No,Yes,No,Low,High,Premium / Trusted,2040.0,3K-6K,5300,Full Payment,Low,Yes,3,No,No,Low,Medium,0,59.9,33.0,59.6,44.8,49.7,48.0,39.5,High,Mid-Range,Medium Value,"It works as expected, neither impressed nor disappointed so far."
FT100406,18-24,Female,Student,Tier 3,13100.0,< 25K,Graduate,General Fitness,Beginner,0,Low,2400,5.9,Poor,Medium,Good,2.6,Low,No,No,Yes,Yes,High,High,Low,Moderate,Yes,No,No,No,No,Yes,No,Medium,High,Budget / Value,340.0,< 3K,2000,Full Payment,Medium,No,3,No,Yes,Low,High,1,65.1,11.6,61.5,70.0,82.9,51.6,44.1,High,Budget,Medium Value,"The watch is okay, does the basic job of counting steps."
FT100407,35-44,Male,Self-Employed,Tier 1,64800.0,50K-1L,Graduate,Muscle Gain,Intermediate,3,Medium,5900,8.2,Good,Low,Good,1.5,Low,No,Yes,Yes,Yes,High,High,High,Frequent,No,No,Yes,Yes,No,No,Yes,Low,Medium,No Preference,720.0,6K-10K,6400,Full Payment,Medium,No,4,Yes,No,Low,Medium,1,20.1,53.9,25.2,77.3,69.4,64.3,72.9,Low,Mid-Range,Medium Value,Heart rate monitoring feels reliable and the hydration reminders really help.
FT100408,18-24,Female,Student,Tier 1,30300.0,25K-50K,Diploma,Weight Loss,Advanced,3,Medium,2600,6.3,Poor,Medium,Poor,2.6,Medium,Yes,Yes,No,No,Medium,High,Low,Moderate,Yes,Yes,No,Yes,Yes,No,No,High,Medium,Budget / Value,1130.0,3K-6K,4800,Full Payment,Medium,Yes,4,Yes,No,Low,Medium,1,68.4,38.7,74.4,54.7,71.6,60.2,62.3,High,Budget,Medium Value,"Design is decent, battery is average, app could improve a little."
FT100409,55+,Male,Self-Employed,Tier 2,50900.0,50K-1L,Graduate,Muscle Gain,Beginner,2,Medium,5300,7.9,Good,Low,Poor,1.8,Low,No,Yes,No,No,Low,Medium,Low,Moderate,No,Yes,Yes,No,Yes,Yes,No,Medium,Medium,No Preference,1370.0,3K-6K,4200,Full Payment,Low,No,4,Yes,No,Low,Low,1,33.2,40.7,44.5,35.6,48.2,55.9,55.6,Low,Budget,Medium Value,"Reasonable device for the price, a few features could be better."
FT100410,35-44,Female,Working Professional,Tier 1,121600.0,1L-2L,Post Graduate,Muscle Gain,Advanced,4,High,5500,7.8,Average,High,Good,2.7,Low,No,No,Yes,No,Medium,Medium,Low,Moderate,Yes,Yes,Yes,No,No,Yes,No,High,Medium,Premium / Trusted,5150.0,6K-10K,9800,EMI,Low,Yes,3,No,No,High,Medium,0,53.8,57.1,48.8,44.9,41.1,37.1,43.9,High,Mid-Range,Low Value,Heart rate readings feel inaccurate during workouts and the strap is uncomfortable.
FT100411,35-44,Female,Self-Employed,Tier 3,27400.0,25K-50K,Graduate,Medical / Recovery,Beginner,0,Low,4200,6.6,Good,Low,Good,1.7,Low,Yes,No,No,No,Low,Medium,Medium,Moderate,No,No,No,No,No,Yes,No,High,Low,No Preference,470.0,< 3K,2300,Full Payment,High,No,1,No,Yes,High,Medium,1,26.5,29.3,29.6,8.7,96.2,7.3,18.3,Low,Budget,Low Value,Sleep tracking data seems wrong and the design feels cheap.
FT100412,18-24,Male,Student,Tier 1,18900.0,< 25K,High School,General Fitness,Advanced,6,High,9200,5.2,Poor,High,Average,2.7,High,No,Yes,Yes,No,Medium,Low,Medium,Moderate,Yes,Yes,Yes,Yes,No,Yes,No,High,High,Premium / Trusted,310.0,6K-10K,6300,Full Payment,Medium,Yes,4,Yes,No,Low,Medium,2,74.2,72.1,63.4,72.5,69.8,62.9,72.8,High,Mid-Range,Medium Value,The personalized health reports keep me motivated to stay consistent.
FT100413,45-54,Female,Homemaker,Tier 2,11800.0,< 25K,High School,Stress Management,Intermediate,4,High,10900,5.9,Poor,Medium,Average,3.4,High,Yes,Yes,Yes,Yes,Medium,Low,High,Moderate,Yes,Yes,Yes,Yes,Yes,Yes,No,High,High,Budget / Value,310.0,3K-6K,4200,Full Payment,Medium,Yes,3,No,No,Medium,Medium,0,60.4,53.6,55.8,64.7,74.1,52.2,74.4,High,Budget,Medium Value,"Average experience overall, nothing special but works fine."
FT100414,18-24,Male,Student,Tier 1,16500.0,< 25K,High School,General Fitness,Beginner,2,Medium,4700,7.3,Good,Medium,Good,2.6,Low,No,Yes,No,No,High,High,High,Minimal,No,No,No,No,No,Yes,Yes,Medium,Medium,Premium / Trusted,900.0,6K-10K,7400,Full Payment,Medium,No,3,No,Yes,High,High,1,36.0,37.4,38.2,74.4,74.0,51.8,53.6,Low,Mid-Range,Medium Value,"I love the sleep tracking, it is accurate and easy to understand."
FT100415,18-24,Male,Student,Tier 3,25600.0,25K-50K,Graduate,Muscle Gain,Beginner,4,High,8200,7.2,Average,Medium,Poor,2.6,Low,No,Yes,No,No,High,High,High,Minimal,Yes,Yes,Yes,No,Yes,No,Yes,Low,Low,Budget / Value,480.0,< 3K,1200,Full Payment,High,No,4,Yes,No,Medium,High,3,57.9,42.6,54.9,64.2,91.7,59.1,62.9,Moderate,Budget,Medium Value,Heart rate monitoring feels reliable and the hydration reminders really help.
FT100416,18-24,Male,Student,Tier 1,44700.0,25K-50K,Post Graduate,Better Sleep,Beginner,2,Medium,4800,7.2,Poor,High,Good,3.0,Medium,No,Yes,No,No,Medium,Medium,Low,Minimal,Yes,Yes,No,Yes,No,No,Yes,Medium,High,No Preference,1090.0,6K-10K,7000,Full Payment,Medium,No,5,Yes,No,Medium,Medium,2,66.8,30.1,63.1,53.0,69.0,97.7,54.7,High,Mid-Range,Medium Value,The battery life is excellent and lasts almost a week on a single charge.
FT100417,35-44,Female,Working Professional,Tier 1,106600.0,1L-2L,Post Graduate,Muscle Gain,Beginner,1,Low,1200,5.6,Poor,High,Good,3.7,High,No,Yes,No,No,Medium,High,Medium,Frequent,Yes,Yes,Yes,Yes,Yes,Yes,Yes,Medium,Medium,No Preference,5920.0,6K-10K,6800,Full Payment,Medium,No,3,No,No,Low,Low,0,75.6,12.2,72.1,47.7,57.5,39.2,79.7,High,Mid-Range,Low Value,Customer support was slow and the device disconnects from the app often.
FT100418,18-24,Female,Student,Tier 1,78800.0,50K-1L,Post Graduate,Stress Management,Advanced,6,High,9200,6.3,Average,Medium,Good,2.2,Medium,No,No,No,No,Medium,High,Medium,Frequent,No,Yes,Yes,No,No,Yes,No,Medium,High,Budget / Value,3600.0,3K-6K,4200,Full Payment,Medium,No,2,No,No,Medium,Medium,0,33.2,73.5,36.2,35.6,67.3,24.9,43.3,Moderate,Budget,Low Value,"Design is decent, battery is average, app could improve a little."
FT100419,45-54,Female,Working Professional,Tier 2,32200.0,25K-50K,High School,Better Sleep,Beginner,1,Low,5500,6.3,Poor,Low,Good,2.7,Low,No,No,No,Yes,Low,Low,High,Moderate,No,No,No,Yes,No,No,Yes,High,Medium,Premium / Trusted,920.0,3K-6K,4200,Full Payment,Medium,No,2,No,Yes,Low,Low,1,49.8,22.3,44.2,0.7,70.5,20.2,19.8,Moderate,Budget,Low Value,"Too expensive for the features offered, the price could be lower."
FT100420,35-44,Female,Self-Employed,Tier 3,66200.0,50K-1L,Post Graduate,Better Sleep,Advanced,7,High,11800,4.2,Poor,High,Good,3.5,High,No,No,Yes,Yes,Medium,High,Medium,Frequent,No,No,No,Yes,No,No,No,Medium,Medium,Budget / Value,3570.0,< 3K,2000,Full Payment,Medium,No,4,Yes,No,Medium,Low,3,60.0,75.7,56.9,44.9,72.7,56.9,38.0,High,Budget,Medium Value,"Reasonable device for the price, a few features could be better."
FT100421,18-24,Female,Student,Tier 3,8000.0,< 25K,Diploma,Weight Loss,Beginner,2,Medium,4700,6.2,Poor,Medium,Poor,2.8,High,No,Yes,No,Yes,High,Medium,Medium,Minimal,Yes,Yes,No,Yes,No,Yes,Yes,High,High,Budget / Value,420.0,< 3K,1700,Full Payment,High,No,4,Yes,Yes,Medium,High,2,73.4,28.0,69.0,62.2,92.9,54.3,62.2,High,Budget,Medium Value,"Average experience overall, nothing special but works fine."
FT100422,18-24,Male,Working Professional,Tier 1,67900.0,50K-1L,Diploma,Weight Loss,Intermediate,4,High,4800,5.4,Poor,Medium,Good,0.7,High,No,No,No,No,High,Medium,Medium,Frequent,No,Yes,Yes,Yes,Yes,No,Yes,High,Medium,Budget / Value,1550.0,3K-6K,4800,Full Payment,Low,Yes,3,No,No,High,Low,0,55.9,43.2,49.4,41.6,48.2,39.5,54.0,High,Budget,Low Value,Customer support was slow and the device disconnects from the app often.
FT100423,18-24,Female,Working Professional,Tier 2,46200.0,25K-50K,Graduate,Muscle Gain,Advanced,3,Medium,7500,6.9,Average,Medium,Poor,1.7,Medium,No,No,No,No,Medium,Medium,Medium,Minimal,Yes,Yes,Yes,Yes,Yes,No,Yes,High,Medium,Premium / Trusted,1960.0,3K-6K,5400,Full Payment,Low,No,2,No,Yes,High,Medium,0,57.9,54.9,56.9,28.4,51.4,33.2,39.7,Moderate,Mid-Range,Low Value,The battery drains too quickly and charging takes very long.
FT100424,25-34,Female,Working Professional,Tier 1,60700.0,50K-1L,High School,Medical / Recovery,Intermediate,3,Medium,7100,4.9,Poor,High,Average,2.9,High,Yes,Yes,Yes,Yes,Medium,Medium,Low,Minimal,No,Yes,Yes,Yes,No,No,No,High,Medium,No Preference,1440.0,6K-10K,6300,Full Payment,Low,Yes,5,Yes,Yes,Medium,Medium,1,82.5,47.8,69.0,72.5,51.1,73.9,57.2,High,Mid-Range,Medium Value,"I love the sleep tracking, it is accurate and easy to understand."
FT100425,35-44,Male,Working Professional,Tier 2,79300.0,50K-1L,Post Graduate,General Fitness,Advanced,5,High,10000,5.0,Poor,High,Average,2.0,High,No,Yes,No,No,Medium,Medium,Medium,Minimal,No,No,No,Yes,No,No,No,Medium,High,Budget / Value,3020.0,6K-10K,6500,Full Payment,Low,Yes,4,Yes,No,Low,High,2,67.5,67.5,68.2,47.9,39.9,55.0,40.1,High,Mid-Range,Medium Value,"Design is decent, battery is average, app could improve a little."
FT100426,18-24,Female,Student,Tier 2,23300.0,< 25K,Post Graduate,General Fitness,Advanced,4,High,6900,6.3,Average,Medium,Poor,3.5,Low,Yes,Yes,No,No,High,High,Medium,Moderate,Yes,Yes,No,No,Yes,No,No,High,High,Premium / Trusted,730.0,3K-6K,5700,Full Payment,Low,Yes,4,Yes,Yes,Medium,High,5,49.5,64.3,50.5,66.4,54.6,66.0,62.1,Moderate,Mid-Range,Medium Value,"It works as expected, neither impressed nor disappointed so far."
FT100427,45-54,Male,Working Professional,Tier 1,144700.0,1L-2L,Post Graduate,Muscle Gain,Intermediate,3,Medium,3300,5.9,Poor,High,Average,3.8,High,No,Yes,Yes,Yes,Medium,Medium,Medium,Moderate,Yes,Yes,Yes,Yes,No,No,Yes,Medium,High,Budget / Value,5240.0,6K-10K,7100,Full Payment,High,No,5,Yes,No,Medium,High,3,74.0,28.1,69.9,68.0,71.4,78.1,71.2,High,Mid-Range,Medium Value,"I love the sleep tracking, it is accurate and easy to understand."
FT100428,18-24,Male,Working Professional,Tier 2,67800.0,50K-1L,Post Graduate,Weight Loss,Intermediate,4,High,8400,6.2,Poor,Medium,Average,1.8,Medium,No,No,Yes,Yes,High,High,Low,Minimal,No,Yes,Yes,Yes,No,No,No,Medium,Medium,Premium / Trusted,4210.0,6K-10K,7400,Full Payment,High,Yes,3,No,Yes,Medium,High,0,59.2,48.0,56.0,65.9,85.4,48.2,39.9,High,Mid-Range,Medium Value,"Average experience overall, nothing special but works fine."
FT100429,35-44,Male,Homemaker,Tier 3,19600.0,< 25K,Graduate,Weight Loss,Beginner,1,Low,4100,8.1,Good,Low,Poor,1.5,Low,No,No,No,No,Medium,High,Medium,Moderate,No,No,Yes,No,Yes,No,Yes,High,Medium,Budget / Value,980.0,3K-6K,3500,Full Payment,Medium,No,3,No,No,Medium,Medium,0,44.7,34.2,50.1,24.8,75.6,39.7,32.5,Low,Budget,Low Value,"It works as expected, neither impressed nor disappointed so far."
FT100430,45-54,Male,Self-Employed,Tier 1,62400.0,50K-1L,High School,Weight Loss,Beginner,0,Low,5500,7.6,Average,Low,Average,2.0,Medium,No,No,No,No,Medium,Medium,Low,Moderate,No,No,No,Yes,No,Yes,Yes,High,High,Budget / Value,2540.0,3K-6K,5200,Full Payment,Low,No,2,No,Yes,Low,Medium,1,47.8,21.3,52.2,30.3,57.3,29.9,34.5,Low,Mid-Range,Low Value,"The watch is okay, does the basic job of counting steps."
FT100431,35-44,Male,Working Professional,Tier 1,76000.0,50K-1L,Post Graduate,Weight Loss,Beginner,1,Low,4200,6.2,Poor,Medium,Average,2.0,Low,No,Yes,No,No,Medium,High,Low,Frequent,Yes,No,No,No,Yes,Yes,Yes,Medium,High,Budget / Value,1410.0,3K-6K,5700,Full Payment,High,No,4,Yes,No,Medium,Medium,0,68.3,19.0,67.4,45.9,82.0,59.0,66.2,High,Mid-Range,Medium Value,Comfortable to wear all day and the stress tracking is genuinely useful.
FT100432,35-44,Female,Self-Employed,Tier 1,67500.0,50K-1L,Graduate,Stress Management,Intermediate,3,Medium,6200,6.8,Average,High,Average,3.5,Medium,No,Yes,No,No,Medium,Medium,Medium,Minimal,Yes,No,No,No,No,No,Yes,High,High,Premium / Trusted,970.0,6K-10K,8500,EMI,High,No,3,No,No,Medium,Medium,0,67.0,43.4,61.1,48.0,83.6,43.4,44.4,High,Mid-Range,Low Value,"Too expensive for the features offered, the price could be lower."
FT100433,35-44,Female,Self-Employed,Tier 1,99700.0,50K-1L,Post Graduate,General Fitness,Intermediate,3,Medium,7100,6.9,Poor,High,Average,1.5,Medium,Yes,No,No,No,Low,Medium,Low,Minimal,Yes,Yes,No,Yes,Yes,Yes,Yes,High,High,Premium / Trusted,4620.0,6K-10K,9000,EMI,Medium,No,2,No,No,Medium,Medium,2,74.0,43.8,71.5,23.5,57.3,27.9,37.9,High,Mid-Range,Low Value,The battery drains too quickly and charging takes very long.
FT100434,18-24,Male,Student,Tier 1,21400.0,< 25K,High School,Weight Loss,Intermediate,3,Medium,5200,5.9,Poor,High,Average,2.9,High,No,Yes,Yes,No,High,High,Medium,Moderate,Yes,Yes,Yes,No,Yes,No,Yes,Low,Medium,Budget / Value,1410.0,3K-6K,3600,Full Payment,Medium,Yes,5,Yes,No,High,High,4,84.3,37.2,70.2,88.4,69.9,81.5,78.4,High,Budget,Medium Value,"Affordable, lightweight and the companion app is very beginner friendly."
FT100435,18-24,Male,Working Professional,Tier 2,73100.0,50K-1L,Diploma,General Fitness,Advanced,4,High,6200,6.4,Average,Medium,Good,3.4,Medium,No,Yes,Yes,No,High,High,Medium,Moderate,No,No,No,No,No,No,Yes,High,Medium,Budget / Value,640.0,3K-6K,3600,Full Payment,High,Yes,3,No,No,Medium,Medium,0,43.3,54.8,38.3,77.7,95.4,38.7,57.5,Moderate,Budget,Low Value,"Average experience overall, nothing special but works fine."
FT100436,18-24,Male,Student,Tier 1,27800.0,25K-50K,Graduate,General Fitness,Beginner,1,Low,3900,6.4,Poor,Medium,Average,3.0,Medium,No,Yes,No,No,Low,Medium,Medium,Moderate,No,No,Yes,No,No,Yes,No,Medium,Medium,Premium / Trusted,1810.0,6K-10K,7500,Full Payment,Medium,No,3,No,No,High,Low,1,63.3,24.8,67.5,30.7,65.8,35.7,45.3,High,Mid-Range,Low Value,Sleep tracking data seems wrong and the design feels cheap.
FT100437,25-34,Male,Working Professional,Tier 2,59800.0,50K-1L,Graduate,General Fitness,Advanced,5,High,6800,5.7,Poor,Medium,Poor,2.3,High,No,No,No,No,High,Medium,Low,Moderate,Yes,Yes,Yes,Yes,No,Yes,No,High,Medium,Premium / Trusted,2060.0,6K-10K,6100,Full Payment,High,Yes,3,No,No,Low,High,5,63.6,59.5,59.6,40.8,75.3,44.6,46.7,High,Mid-Range,Low Value,Hard to set up for beginners and too many confusing notifications.
FT100438,35-44,Female,Working Professional,Tier 3,44600.0,25K-50K,Post Graduate,General Fitness,Beginner,3,Medium,5900,6.4,Average,Low,Average,2.2,Low,No,Yes,No,Yes,Medium,Medium,Low,Moderate,Yes,No,Yes,No,No,Yes,No,Medium,Medium,Budget / Value,1170.0,< 3K,1900,Full Payment,Low,Yes,4,Yes,Yes,Medium,Medium,2,37.5,40.7,35.7,54.8,54.5,70.2,58.0,Low,Budget,Medium Value,"Affordable, lightweight and the companion app is very beginner friendly."
FT100439,25-34,Male,Working Professional,Tier 3,60200.0,50K-1L,Post Graduate,Weight Loss,Beginner,2,Medium,8700,7.5,Good,Low,Average,3.8,Medium,No,No,No,No,Medium,High,Medium,Moderate,Yes,No,No,No,Yes,No,No,High,High,No Preference,2530.0,< 3K,2800,Full Payment,High,No,3,No,No,Medium,Medium,1,35.7,46.9,31.9,25.0,91.2,42.4,28.3,Low,Budget,Low Value,Comfortable to wear all day and the stress tracking is genuinely useful.
FT100440,45-54,Female,Homemaker,Tier 2,18700.0,< 25K,Diploma,Stress Management,Intermediate,5,High,10400,6.0,Poor,High,Poor,2.1,High,No,Yes,No,No,Medium,Low,Low,Frequent,Yes,Yes,No,No,No,No,No,High,High,Premium / Trusted,1270.0,6K-10K,6700,Full Payment,Low,Yes,3,No,No,Low,Medium,0,74.2,61.5,75.6,48.1,54.1,41.8,58.4,High,Mid-Range,Low Value,I am worried about my health data privacy and how it is stored.
FT100441,18-24,Female,Student,Tier 1,27400.0,25K-50K,Graduate,Weight Loss,Beginner,3,Medium,6900,5.9,Poor,Medium,Good,3.1,High,No,Yes,No,No,High,Medium,Low,Frequent,Yes,No,Yes,Yes,No,No,No,Medium,Medium,No Preference,490.0,3K-6K,5200,Full Payment,High,Yes,3,No,No,Low,High,1,50.9,36.8,51.9,61.2,91.9,44.0,67.3,High,Mid-Range,Low Value,The app keeps crashing and the notifications are unreliable.
FT100442,35-44,Female,Working Professional,Tier 1,55600.0,50K-1L,High School,Weight Loss,Intermediate,5,High,11300,5.7,Poor,Medium,Poor,2.2,Medium,No,No,No,No,Low,Low,High,Moderate,No,No,Yes,No,Yes,No,No,High,Medium,No Preference,3600.0,3K-6K,5200,Full Payment,Medium,No,3,No,No,High,Medium,0,68.2,55.6,59.3,14.9,72.1,48.7,24.8,High,Mid-Range,Medium Value,The battery drains too quickly and charging takes very long.
FT100443,18-24,Female,Student,Tier 1,26600.0,25K-50K,Diploma,Weight Loss,Intermediate,5,High,7000,5.7,Poor,Medium,Good,0.8,High,Yes,Yes,Yes,Yes,High,High,Low,Minimal,No,No,No,Yes,Yes,No,Yes,Medium,High,Premium / Trusted,340.0,3K-6K,5500,Full Payment,High,No,5,Yes,No,High,High,2,43.5,56.9,51.6,100.0,94.7,89.0,66.9,High,Mid-Range,Medium Value,The personalized health reports keep me motivated to stay consistent.
FT100444,18-24,Male,Student,Tier 3,12800.0,< 25K,Graduate,General Fitness,Intermediate,5,High,13000,5.8,Poor,High,Poor,2.1,High,Yes,Yes,No,Yes,Medium,Medium,Medium,Frequent,Yes,No,No,Yes,Yes,Yes,No,Low,High,Budget / Value,730.0,3K-6K,3000,Full Payment,Low,Yes,4,Yes,No,Low,Medium,2,76.0,70.4,72.7,53.2,50.5,63.0,68.8,High,Budget,Medium Value,The personalized health reports keep me motivated to stay consistent.
FT100445,35-44,Female,Working Professional,Tier 3,37800.0,25K-50K,Graduate,Weight Loss,Beginner,0,Low,2200,6.7,Average,Medium,Average,2.2,Medium,No,No,No,No,Medium,Medium,Low,Minimal,Yes,No,Yes,Yes,No,Yes,Yes,High,Medium,Premium / Trusted,1800.0,3K-6K,4000,Full Payment,Medium,Yes,3,No,No,Low,Low,0,59.7,16.1,61.2,27.7,66.0,38.0,35.1,Moderate,Budget,Low Value,"It works as expected, neither impressed nor disappointed so far."
FT100446,55+,Female,Retired,Tier 1,61600.0,50K-1L,Graduate,General Fitness,Beginner,2,Medium,8800,6.2,Average,Low,Poor,2.2,Medium,No,Yes,No,No,Low,Medium,Low,Frequent,Yes,Yes,No,No,Yes,Yes,Yes,Low,Medium,Premium / Trusted,2040.0,6K-10K,8100,EMI,Medium,Yes,3,No,No,Low,Medium,0,45.7,36.5,52.9,37.7,64.3,51.2,67.6,Low,Mid-Range,Medium Value,Comfortable to wear all day and the stress tracking is genuinely useful.
FT100447,25-34,Female,Working Professional,Tier 1,42800.0,25K-50K,Graduate,Weight Loss,Beginner,3,Medium,9900,6.9,Average,Medium,Good,1.8,Medium,No,Yes,No,No,Medium,Medium,High,Moderate,No,Yes,Yes,Yes,No,Yes,No,High,Low,Budget / Value,1580.0,3K-6K,5100,Full Payment,Medium,No,3,No,No,High,Medium,0,50.0,45.1,48.5,57.1,67.4,43.5,63.1,Moderate,Mid-Range,Low Value,"The watch is okay, does the basic job of counting steps."
FT100448,18-24,Female,Student,Tier 2,17900.0,< 25K,Graduate,Weight Loss,Beginner,3,Medium,3100,6.4,Poor,Medium,Good,2.8,Medium,No,Yes,No,No,High,Medium,High,Moderate,Yes,No,No,No,Yes,Yes,No,Medium,Medium,Budget / Value,1130.0,< 3K,2800,Full Payment,Medium,No,3,No,No,Medium,High,0,58.9,23.3,53.8,60.8,76.1,35.6,60.1,High,Budget,Low Value,Customer support was slow and the device disconnects from the app often.
FT100449,25-34,Female,Self-Employed,Tier 1,73700.0,50K-1L,Post Graduate,Better Sleep,Beginner,0,Low,5600,6.3,Poor,Medium,Poor,2.9,Low,No,No,No,No,Medium,Medium,Low,Moderate,No,No,No,No,Yes,Yes,No,High,Low,Budget / Value,3980.0,3K-6K,3800,Full Payment,High,No,3,No,No,High,Medium,1,73.6,20.3,73.0,30.9,90.4,50.0,30.4,High,Budget,Medium Value,"The watch is okay, does the basic job of counting steps."
FT100450,18-24,Other,Student,Tier 3,15800.0,< 25K,Diploma,General Fitness,Beginner,2,Medium,4700,6.9,Average,Medium,Poor,2.1,Medium,No,Yes,Yes,Yes,High,Medium,Low,Moderate,No,No,No,No,Yes,No,Yes,High,Medium,Premium / Trusted,1020.0,6K-10K,6200,Full Payment,High,No,4,Yes,Yes,High,High,2,59.4,30.7,54.5,90.3,91.4,56.9,66.2,Moderate,Mid-Range,Medium Value,"It works as expected, neither impressed nor disappointed so far."
FT100451,45-54,Male,Self-Employed,Tier 1,57700.0,50K-1L,Diploma,Weight Loss,Intermediate,3,Medium,5300,6.9,Average,Medium,Average,2.0,Low,No,No,No,No,Medium,High,Medium,Minimal,No,Yes,Yes,No,Yes,No,Yes,High,Low,Premium / Trusted,750.0,6K-10K,8000,Full Payment,Low,No,3,No,No,Low,Medium,0,57.0,42.8,50.7,35.6,50.6,47.1,33.6,Moderate,Mid-Range,Medium Value,"The watch is okay, does the basic job of counting steps."
FT100452,35-44,Female,Self-Employed,Tier 1,70700.0,50K-1L,Graduate,General Fitness,Advanced,7,High,11600,5.5,Poor,Medium,Poor,1.5,Low,No,No,No,No,High,Medium,Medium,Minimal,No,No,Yes,No,No,No,No,High,Medium,No Preference,2150.0,3K-6K,4800,Full Payment,High,No,3,No,Yes,Low,Medium,0,65.9,79.3,68.3,38.9,86.2,36.7,21.9,High,Budget,Low Value,"It works as expected, neither impressed nor disappointed so far."
FT100453,18-24,Female,Student,Tier 2,24800.0,< 25K,Post Graduate,Weight Loss,Intermediate,1,Low,2300,5.6,Poor,Medium,Poor,2.5,High,No,Yes,No,No,High,Medium,Medium,Moderate,Yes,Yes,Yes,No,Yes,Yes,Yes,Medium,Medium,Premium / Trusted,560.0,6K-10K,7300,Full Payment,High,Yes,4,Yes,Yes,Low,Low,0,77.9,22.7,77.5,58.2,88.4,68.7,72.1,High,Mid-Range,Medium Value,"Affordable, lightweight and the companion app is very beginner friendly."
FT100454,18-24,Male,Student,Tier 1,30500.0,25K-50K,Post Graduate,Stress Management,Beginner,0,Low,3900,5.9,Poor,High,Good,3.4,High,Yes,Yes,No,No,Medium,High,Low,Minimal,Yes,No,Yes,Yes,No,Yes,Yes,Low,High,Budget / Value,830.0,3K-6K,5100,Full Payment,Low,No,4,Yes,No,Medium,Medium,0,76.6,18.4,75.6,56.3,49.0,55.0,60.1,High,Mid-Range,Medium Value,"Average experience overall, nothing special but works fine."
FT100455,18-24,Female,Self-Employed,Tier 1,58300.0,50K-1L,Diploma,Weight Loss,Intermediate,1,Low,2400,6.1,Poor,High,Average,3.4,Low,No,Yes,No,No,High,High,High,Moderate,Yes,Yes,No,No,Yes,Yes,Yes,Medium,Low,No Preference,3950.0,3K-6K,5300,Full Payment,High,Yes,3,No,No,High,High,5,79.1,23.1,76.1,72.9,88.2,46.0,72.9,High,Mid-Range,Medium Value,The app keeps crashing and the notifications are unreliable.
FT100456,55+,Male,Self-Employed,Tier 3,42000.0,25K-50K,Graduate,General Fitness,Beginner,2,Medium,5500,7.5,Good,Low,Poor,1.8,Low,No,No,No,No,Low,Medium,High,Frequent,Yes,No,Yes,Yes,No,Yes,No,High,Medium,No Preference,1450.0,3K-6K,3800,Full Payment,Medium,No,1,No,Yes,Medium,Medium,1,31.4,44.2,45.4,20.7,73.6,10.6,42.4,Low,Budget,Low Value,Customer support was slow and the device disconnects from the app often.
FT100457,25-34,Female,Working Professional,Tier 1,99100.0,50K-1L,Post Graduate,Medical / Recovery,Beginner,4,High,9800,6.1,Poor,High,Average,3.9,Medium,Yes,Yes,No,No,Medium,Medium,Medium,Minimal,No,Yes,Yes,No,No,Yes,No,High,Low,Premium / Trusted,5710.0,6K-10K,9600,Full Payment,Medium,No,4,Yes,No,Low,High,3,71.2,53.2,67.0,57.2,65.7,60.0,51.9,High,Mid-Range,Medium Value,Heart rate readings feel inaccurate during workouts and the strap is uncomfortable.
FT100458,35-44,Male,Working Professional,Tier 2,58100.0,50K-1L,Graduate,Weight Loss,Beginner,1,Low,4800,8.1,Good,Low,Poor,2.0,Low,No,No,No,No,Low,Medium,High,Moderate,No,No,No,No,Yes,Yes,No,Low,Medium,No Preference,390.0,3K-6K,5000,Full Payment,Low,No,2,No,No,Medium,Low,0,46.3,33.9,48.4,20.7,48.7,21.3,26.8,Low,Mid-Range,Low Value,The app keeps crashing and the notifications are unreliable.
FT100459,25-34,Male,Working Professional,Tier 2,50200.0,50K-1L,Graduate,Weight Loss,Advanced,5,High,7900,5.9,Poor,Medium,Good,1.5,Medium,No,Yes,No,Yes,Low,Medium,Low,Minimal,Yes,No,Yes,No,No,Yes,Yes,Medium,Medium,No Preference,1820.0,3K-6K,4200,Full Payment,High,Yes,2,No,No,High,Low,1,53.9,59.3,49.8,42.1,94.4,30.7,50.9,High,Budget,Low Value,Heart rate readings feel inaccurate during workouts and the strap is uncomfortable.
FT100460,25-34,Female,Working Professional,Tier 1,82500.0,50K-1L,Post Graduate,Muscle Gain,Intermediate,4,High,8400,6.2,Average,Medium,Poor,1.2,Low,No,Yes,No,No,High,High,Low,Moderate,Yes,Yes,Yes,Yes,Yes,No,Yes,Medium,Low,Budget / Value,4940.0,3K-6K,4600,Full Payment,Medium,No,3,No,No,Low,Medium,0,49.1,56.0,51.5,60.7,72.2,50.5,73.0,Moderate,Budget,Medium Value,"Reasonable device for the price, a few features could be better."
FT100461,18-24,Male,Working Professional,Tier 1,57800.0,50K-1L,High School,Medical / Recovery,Beginner,1,Low,1600,6.3,Average,Medium,Average,1.4,Medium,Yes,Yes,No,No,High,High,Medium,Moderate,Yes,No,Yes,Yes,No,Yes,Yes,Medium,Medium,Budget / Value,1520.0,3K-6K,4400,Full Payment,Medium,No,4,Yes,No,Low,Medium,1,58.6,23.6,59.9,61.4,62.7,55.9,68.9,Moderate,Budget,Medium Value,"It works as expected, neither impressed nor disappointed so far."
FT100462,45-54,Male,Working Professional,Tier 1,98400.0,50K-1L,Graduate,General Fitness,Intermediate,4,High,5900,4.7,Poor,High,Poor,2.6,High,No,No,No,No,High,High,Low,Moderate,Yes,Yes,No,Yes,Yes,No,Yes,Medium,Medium,Premium / Trusted,3750.0,6K-10K,8400,Full Payment,Medium,No,4,Yes,No,High,Medium,3,79.9,47.0,71.2,39.4,59.4,60.1,46.2,High,Mid-Range,Medium Value,"Great value for money, the app is smooth and the design looks premium."
FT100463,25-34,Male,Self-Employed,Tier 1,68800.0,50K-1L,Post Graduate,Muscle Gain,Advanced,6,High,8800,7.0,Average,Medium,Good,2.1,High,Yes,Yes,No,Yes,High,High,Low,Minimal,Yes,Yes,No,Yes,No,No,Yes,High,Medium,No Preference,1550.0,3K-6K,4100,Full Payment,High,No,3,No,Yes,Medium,Low,0,43.7,67.0,35.2,69.2,81.0,51.0,60.4,Moderate,Budget,Medium Value,"Reasonable device for the price, a few features could be better."
FT100464,25-34,Male,Self-Employed,Tier 1,61500.0,50K-1L,High School,Weight Loss,Beginner,0,Low,4400,4.2,Poor,High,Poor,1.8,High,No,Yes,Yes,No,High,Medium,High,Minimal,Yes,Yes,Yes,Yes,Yes,Yes,Yes,Medium,High,Budget / Value,3300.0,6K-10K,6400,Full Payment,Low,Yes,5,Yes,No,Low,Medium,2,90.1,18.4,85.0,80.5,52.7,73.8,77.2,High,Mid-Range,Medium Value,The personalized health reports keep me motivated to stay consistent.
FT100465,35-44,Female,Working Professional,Tier 3,55500.0,50K-1L,Graduate,Muscle Gain,Intermediate,3,Medium,7000,5.6,Poor,High,Average,1.6,Medium,No,No,No,No,Medium,High,High,Minimal,Yes,No,Yes,Yes,No,Yes,Yes,High,High,No Preference,410.0,3K-6K,3600,Full Payment,Medium,No,2,No,Yes,High,Low,2,76.4,41.5,69.3,25.5,67.9,31.3,34.4,High,Budget,Low Value,Hard to set up for beginners and too many confusing notifications.
FT100466,35-44,Female,Working Professional,Tier 2,82500.0,50K-1L,Graduate,Weight Loss,Beginner,2,Medium,6200,6.5,Poor,High,Average,1.4,High,No,Yes,Yes,Yes,Low,Medium,Medium,Frequent,Yes,Yes,No,Yes,No,No,Yes,High,Medium,Budget / Value,3460.0,3K-6K,5300,Full Payment,Low,No,4,Yes,Yes,High,Medium,2,73.7,30.3,66.8,60.5,47.0,61.4,71.3,High,Mid-Range,Medium Value,"Average experience overall, nothing special but works fine."
FT100467,45-54,Male,Working Professional,Tier 3,59700.0,50K-1L,Post Graduate,Muscle Gain,Beginner,3,Medium,6300,6.1,Poor,Medium,Good,1.6,High,No,Yes,Yes,Yes,Medium,Low,Medium,Moderate,Yes,Yes,No,Yes,No,Yes,Yes,Low,High,Premium / Trusted,770.0,6K-10K,7900,Full Payment,Low,No,4,Yes,Yes,High,High,2,57.2,34.0,60.8,69.8,51.7,68.4,71.9,High,Mid-Range,Medium Value,The personalized health reports keep me motivated to stay consistent.
FT100468,18-24,Female,Student,Tier 2,29500.0,25K-50K,Post Graduate,Weight Loss,Advanced,7,High,9300,6.2,Poor,High,Poor,3.1,High,No,Yes,No,Yes,High,Medium,Low,Moderate,Yes,Yes,Yes,Yes,Yes,No,No,High,High,Premium / Trusted,1050.0,3K-6K,5300,Full Payment,Medium,Yes,3,No,No,Medium,Low,1,80.1,70.9,70.1,59.0,71.9,47.8,68.1,High,Mid-Range,Medium Value,"Affordable, lightweight and the companion app is very beginner friendly."
FT100469,25-34,Male,Working Professional,Tier 2,135000.0,1L-2L,Post Graduate,General Fitness,Beginner,2,Medium,7900,7.2,Poor,High,Good,3.7,Medium,Yes,Yes,No,No,High,High,Low,Moderate,No,Yes,No,Yes,No,No,Yes,High,Medium,Budget / Value,4990.0,6K-10K,6400,Full Payment,Medium,Yes,5,Yes,No,High,High,2,67.1,28.4,67.6,63.3,57.5,85.6,61.0,High,Mid-Range,Medium Value,The personalized health reports keep me motivated to stay consistent.
FT100470,25-34,Female,Working Professional,Tier 2,37500.0,25K-50K,High School,Weight Loss,Intermediate,4,High,6100,6.3,Average,Medium,Good,3.8,Low,No,Yes,Yes,Yes,High,High,Medium,Moderate,No,Yes,Yes,No,No,Yes,Yes,High,High,Budget / Value,1040.0,3K-6K,3000,Full Payment,Medium,Yes,4,Yes,No,Medium,High,4,37.5,46.0,31.9,86.7,66.6,58.8,73.5,Moderate,Budget,Medium Value,"The watch is okay, does the basic job of counting steps."
FT100471,25-34,Male,Working Professional,Tier 1,70200.0,50K-1L,Graduate,Stress Management,Beginner,2,Medium,6000,6.2,Poor,High,Poor,2.8,High,No,Yes,No,No,Medium,High,Medium,Moderate,Yes,Yes,Yes,Yes,Yes,Yes,Yes,High,Medium,Budget / Value,730.0,6K-10K,6900,Full Payment,Medium,Yes,4,Yes,No,Medium,Medium,1,84.8,28.2,79.0,55.2,66.4,61.6,75.3,High,Mid-Range,Medium Value,"Design is decent, battery is average, app could improve a little."
FT100472,18-24,Male,Working Professional,Tier 1,75000.0,50K-1L,Post Graduate,Stress Management,Intermediate,2,Medium,5000,7.2,Average,High,Poor,1.9,Medium,Yes,Yes,No,No,Medium,High,Medium,Minimal,No,Yes,Yes,Yes,Yes,No,Yes,High,Low,Budget / Value,3070.0,3K-6K,4700,Full Payment,Medium,No,4,Yes,No,Low,Low,1,71.8,39.3,69.7,56.5,70.0,55.4,60.2,High,Budget,Medium Value,"Great value for money, the app is smooth and the design looks premium."
FT100473,18-24,Male,Student,Tier 2,32200.0,25K-50K,Graduate,Better Sleep,Intermediate,2,Medium,6200,6.5,Poor,Medium,Average,1.8,Medium,No,Yes,No,No,High,High,Medium,Moderate,Yes,Yes,Yes,Yes,Yes,No,No,High,Low,Budget / Value,690.0,6K-10K,6100,Full Payment,Low,Yes,5,Yes,No,High,High,4,62.1,36.3,58.3,80.0,45.6,79.2,75.4,High,Mid-Range,Medium Value,Step counting is accurate and syncing with the app is fast and seamless.
FT100474,18-24,Female,Student,Tier 3,22900.0,< 25K,Graduate,Medical / Recovery,Advanced,5,High,7400,6.2,Poor,Medium,Average,2.9,High,Yes,Yes,Yes,Yes,High,High,High,Minimal,No,Yes,Yes,No,No,No,Yes,High,Low,Premium / Trusted,740.0,3K-6K,4700,Full Payment,Medium,Yes,4,Yes,Yes,Medium,Medium,1,60.9,59.9,55.5,80.6,70.7,57.9,60.1,High,Budget,Medium Value,"Average experience overall, nothing special but works fine."
FT100475,25-34,Male,Working Professional,Tier 2,32100.0,25K-50K,High School,General Fitness,Intermediate,2,Medium,7100,6.6,Average,Medium,Good,2.3,High,No,Yes,Yes,Yes,Medium,Medium,Low,Minimal,No,Yes,Yes,Yes,No,No,Yes,High,Medium,Premium / Trusted,360.0,6K-10K,6400,Full Payment,High,No,4,Yes,No,Low,High,4,44.1,42.1,40.8,73.5,83.2,66.4,61.9,Moderate,Mid-Range,Medium Value,The personalized health reports keep me motivated to stay consistent.
FT100476,25-34,Male,Working Professional,Tier 1,91800.0,50K-1L,Post Graduate,Muscle Gain,Intermediate,4,High,9900,6.0,Poor,High,Good,2.6,High,No,No,No,Yes,High,High,Low,Moderate,Yes,Yes,Yes,No,No,No,Yes,High,Low,Budget / Value,1520.0,6K-10K,6400,Full Payment,Medium,Yes,4,Yes,Yes,Low,High,8,68.7,49.5,56.8,51.8,68.6,54.2,46.3,High,Mid-Range,Medium Value,"Average experience overall, nothing special but works fine."
FT100477,25-34,Female,Self-Employed,Tier 3,23600.0,< 25K,High School,Weight Loss,Beginner,3,Medium,8100,7.0,Average,Low,Average,3.8,Low,No,Yes,Yes,Yes,Medium,Low,Low,Frequent,Yes,No,Yes,No,No,No,No,Medium,Medium,Budget / Value,930.0,3K-6K,3500,Full Payment,Medium,No,3,No,Yes,Medium,High,3,40.8,47.2,44.6,68.9,65.9,45.8,65.7,Low,Budget,Medium Value,"Average experience overall, nothing special but works fine."
FT100478,25-34,Female,Working Professional,Tier 1,98000.0,50K-1L,Diploma,Better Sleep,Beginner,0,Low,3300,5.3,Poor,High,Poor,2.5,High,No,Yes,Yes,Yes,High,High,High,Minimal,Yes,Yes,Yes,Yes,No,No,Yes,Medium,Medium,Premium / Trusted,7070.0,6K-10K,8600,Full Payment,Medium,No,3,No,No,Medium,High,1,90.4,15.8,90.9,83.7,57.8,40.9,69.7,High,Mid-Range,Low Value,Step counting is accurate and syncing with the app is fast and seamless.
FT100479,25-34,Male,Working Professional,Tier 3,40200.0,25K-50K,Post Graduate,Muscle Gain,Intermediate,4,High,6600,7.4,Average,Medium,Average,4.1,Medium,No,No,No,No,Medium,Medium,Medium,Minimal,Yes,Yes,No,No,No,No,Yes,High,Medium,No Preference,2420.0,< 3K,2200,Full Payment,Low,Yes,3,No,No,Low,Medium,1,45.1,49.9,42.5,26.8,54.8,38.8,26.2,Moderate,Budget,Low Value,The app keeps crashing and the notifications are unreliable.
FT100480,25-34,Female,Working Professional,Tier 3,33900.0,25K-50K,Post Graduate,General Fitness,Beginner,1,Low,9200,5.5,Poor,High,Average,1.4,High,No,No,No,No,Medium,High,Medium,Minimal,Yes,Yes,Yes,Yes,Yes,Yes,No,Low,Medium,Premium / Trusted,490.0,3K-6K,4900,Full Payment,Medium,Yes,4,Yes,No,Medium,Medium,1,82.8,34.8,74.6,31.7,68.9,54.6,40.8,High,Budget,Medium Value,"Reasonable device for the price, a few features could be better."
FT100481,18-24,Female,Student,Tier 3,30600.0,25K-50K,Post Graduate,General Fitness,Beginner,0,Low,1200,7.1,Average,Medium,Average,2.7,Low,No,Yes,No,No,Medium,High,High,Frequent,No,Yes,No,No,No,No,No,High,Medium,Premium / Trusted,1220.0,6K-10K,6300,Full Payment,Low,Yes,2,No,No,Low,Medium,0,55.8,12.2,56.6,52.9,45.3,34.5,55.8,Moderate,Mid-Range,Low Value,The battery drains too quickly and charging takes very long.
FT100482,25-34,Male,Working Professional,Tier 3,49600.0,25K-50K,Graduate,Stress Management,Advanced,7,High,12300,5.8,Poor,High,Average,2.6,High,No,Yes,No,No,Medium,Medium,Medium,Minimal,Yes,Yes,No,Yes,No,No,No,High,High,Budget / Value,2990.0,3K-6K,3400,Full Payment,Low,Yes,3,No,No,High,Medium,2,63.7,79.8,67.0,45.3,52.5,34.8,47.7,High,Budget,Low Value,"Reasonable device for the price, a few features could be better."
FT100483,25-34,Female,Working Professional,Tier 1,63800.0,50K-1L,High School,Better Sleep,Beginner,0,Low,3600,7.3,Poor,Medium,Average,1.5,Medium,Yes,Yes,No,No,High,High,Medium,Frequent,Yes,Yes,No,No,No,No,Yes,High,Medium,No Preference,2010.0,6K-10K,6800,Full Payment,High,No,3,No,No,Medium,Medium,0,74.8,15.6,63.2,62.3,87.8,45.8,67.7,High,Mid-Range,Medium Value,Sleep tracking data seems wrong and the design feels cheap.
FT100484,18-24,Male,Working Professional,Tier 2,61400.0,50K-1L,Graduate,Stress Management,Beginner,0,Low,2900,6.0,Poor,Medium,Good,2.9,Low,No,Yes,No,No,Medium,Medium,Low,Moderate,Yes,No,No,No,No,No,No,Medium,High,Premium / Trusted,3300.0,6K-10K,6000,Full Payment,Medium,No,3,No,No,Medium,Medium,0,60.8,11.3,60.5,54.4,76.1,47.6,49.3,High,Mid-Range,Medium Value,"Average experience overall, nothing special but works fine."
FT100485,25-34,Female,Student,Tier 2,14600.0,< 25K,High School,General Fitness,Advanced,5,High,8800,5.0,Poor,High,Poor,3.5,High,Yes,No,No,Yes,High,Low,Medium,Moderate,Yes,No,Yes,Yes,Yes,No,Yes,Medium,High,Budget / Value,230.0,3K-6K,3300,Full Payment,Low,No,3,No,No,Medium,Medium,2,75.4,63.9,70.1,40.8,49.5,34.8,46.7,High,Budget,Low Value,Customer support was slow and the device disconnects from the app often.
FT100486,25-34,Male,Working Professional,Tier 2,53500.0,50K-1L,Post Graduate,General Fitness,Intermediate,4,High,6500,7.2,Average,Medium,Average,4.1,Low,No,No,No,No,Medium,Medium,Medium,Moderate,Yes,Yes,No,No,No,No,Yes,High,Medium,No Preference,1410.0,3K-6K,4500,Full Payment,Low,Yes,3,No,No,High,High,2,44.3,47.9,43.0,33.6,46.0,38.3,35.6,Moderate,Budget,Low Value,The app keeps crashing and the notifications are unreliable.
FT100487,18-24,Female,Working Professional,Tier 1,73900.0,50K-1L,Graduate,Medical / Recovery,Intermediate,4,High,8200,5.4,Poor,Medium,Poor,2.6,High,Yes,Yes,Yes,Yes,Medium,High,High,Moderate,Yes,Yes,No,No,No,No,Yes,High,Low,Budget / Value,3390.0,3K-6K,5500,Full Payment,High,No,4,Yes,Yes,Low,High,4,70.6,49.6,64.8,68.4,83.2,56.9,62.8,High,Mid-Range,Medium Value,"The watch is okay, does the basic job of counting steps."
FT100488,25-34,Male,Working Professional,Tier 1,93600.0,50K-1L,Graduate,Muscle Gain,Beginner,4,High,8000,6.6,Average,Medium,Poor,0.8,Medium,No,Yes,No,No,High,High,Low,Moderate,Yes,No,Yes,No,Yes,Yes,Yes,High,High,Budget / Value,3910.0,6K-10K,6300,Full Payment,High,Yes,4,Yes,Yes,Medium,High,4,54.6,48.2,53.1,66.3,87.9,61.2,70.6,Moderate,Mid-Range,Medium Value,"Design is decent, battery is average, app could improve a little."
FT100489,25-34,Male,Homemaker,Tier 1,12700.0,< 25K,High School,Muscle Gain,Beginner,0,Low,7800,7.9,Good,Low,Average,2.7,Low,No,Yes,Yes,No,High,High,Medium,Moderate,Yes,No,Yes,No,No,Yes,Yes,High,Medium,Premium / Trusted,470.0,6K-10K,8500,EMI,Low,Yes,4,Yes,No,Medium,High,2,36.9,32.6,41.3,85.0,46.6,55.7,72.9,Low,Mid-Range,Medium Value,Heart rate monitoring feels reliable and the hydration reminders really help.
FT100490,35-44,Female,Working Professional,Tier 2,60000.0,50K-1L,Graduate,Muscle Gain,Intermediate,2,Medium,7100,5.2,Poor,Medium,Good,2.9,Medium,Yes,Yes,No,No,High,High,Low,Frequent,Yes,No,Yes,Yes,No,Yes,Yes,Medium,Low,Budget / Value,3570.0,3K-6K,4000,Full Payment,Medium,No,4,Yes,No,Medium,High,2,60.7,40.5,57.7,70.8,67.0,54.9,79.2,High,Budget,Medium Value,The battery life is excellent and lasts almost a week on a single charge.
FT100491,35-44,Male,Working Professional,Tier 2,71400.0,50K-1L,Post Graduate,Muscle Gain,Beginner,3,Medium,7200,6.7,Average,Medium,Average,2.1,Low,No,No,No,No,Medium,Medium,High,Moderate,No,No,No,No,Yes,No,No,Low,High,Budget / Value,1710.0,3K-6K,3400,Full Payment,High,No,1,No,No,Medium,Medium,1,54.1,45.5,62.7,30.8,87.4,9.0,26.1,Moderate,Budget,Low Value,Sleep tracking data seems wrong and the design feels cheap.
FT100492,35-44,Female,Working Professional,Tier 3,42500.0,25K-50K,Graduate,Stress Management,Intermediate,4,High,8400,7.0,Average,Medium,Poor,2.5,Medium,No,No,No,No,Medium,Medium,Low,Frequent,No,No,No,Yes,Yes,No,Yes,Medium,High,Premium / Trusted,790.0,3K-6K,5400,Full Payment,Medium,No,2,No,No,Low,Medium,0,53.9,56.0,56.0,27.6,75.1,31.6,40.5,Moderate,Mid-Range,Low Value,The battery drains too quickly and charging takes very long.
FT100493,25-34,Other,Working Professional,Tier 2,35200.0,25K-50K,High School,Muscle Gain,Beginner,2,Medium,8500,6.2,Poor,Medium,Average,1.9,Medium,No,Yes,No,No,High,High,Low,Frequent,No,No,Yes,No,Yes,Yes,Yes,High,Low,Budget / Value,1350.0,3K-6K,4100,Full Payment,Medium,No,4,Yes,No,Medium,Medium,2,64.4,35.1,63.3,60.3,67.7,66.1,71.2,High,Budget,Medium Value,The battery life is excellent and lasts almost a week on a single charge.
FT100494,35-44,Female,Self-Employed,Tier 2,28100.0,25K-50K,High School,Better Sleep,Beginner,1,Low,2400,6.6,Good,Low,Average,2.2,Low,No,No,No,No,High,Medium,Medium,Moderate,No,Yes,No,No,No,Yes,Yes,High,Medium,Budget / Value,1660.0,3K-6K,4000,Full Payment,Medium,No,2,No,No,Low,High,0,39.5,26.8,37.3,39.1,73.1,16.7,37.5,Low,Budget,Low Value,The battery drains too quickly and charging takes very long.
FT100495,25-34,Male,Working Professional,Tier 1,57800.0,50K-1L,Graduate,Better Sleep,Beginner,3,Medium,6000,5.9,Poor,High,Average,3.1,High,No,Yes,No,No,High,High,High,Frequent,No,No,No,No,No,Yes,No,Medium,High,Budget / Value,3870.0,3K-6K,5300,Full Payment,High,No,3,No,No,High,Medium,0,72.1,33.0,74.7,68.7,85.3,51.1,61.3,High,Mid-Range,Medium Value,Heart rate monitoring feels reliable and the hydration reminders really help.
FT100496,25-34,Female,Working Professional,Tier 2,41900.0,25K-50K,High School,General Fitness,Beginner,2,Medium,1800,5.8,Poor,Medium,Poor,3.4,Medium,Yes,Yes,Yes,No,High,Low,Low,Moderate,Yes,Yes,No,Yes,Yes,Yes,No,High,Low,Premium / Trusted,510.0,6K-10K,6400,Full Payment,High,No,3,No,No,Low,Low,1,68.2,17.7,74.9,79.0,84.7,50.8,75.1,High,Mid-Range,Medium Value,Heart rate readings feel inaccurate during workouts and the strap is uncomfortable.
FT100497,25-34,Male,Working Professional,Tier 1,102200.0,1L-2L,Post Graduate,Weight Loss,Beginner,2,Medium,6200,7.2,Good,Low,Average,1.3,Low,No,Yes,No,No,High,Medium,Low,Moderate,Yes,No,Yes,Yes,Yes,Yes,No,High,High,No Preference,850.0,6K-10K,7900,Full Payment,High,Yes,3,No,No,Medium,Medium,1,31.3,40.8,30.2,60.5,82.4,37.0,68.6,Low,Mid-Range,Low Value,The battery life is excellent and lasts almost a week on a single charge.
FT100498,25-34,Male,Student,Tier 1,20800.0,< 25K,Graduate,Muscle Gain,Intermediate,2,Medium,6700,6.1,Poor,Medium,Poor,1.9,Medium,No,No,Yes,No,High,High,Low,Moderate,No,Yes,Yes,No,No,No,Yes,Low,Medium,Premium / Trusted,1170.0,6K-10K,7800,Full Payment,Low,Yes,4,Yes,No,High,Medium,0,71.8,36.9,68.6,67.0,52.4,66.9,47.3,High,Mid-Range,Medium Value,"Great value for money, the app is smooth and the design looks premium."
FT100499,25-34,Female,Self-Employed,Tier 1,51700.0,50K-1L,High School,Muscle Gain,Intermediate,3,Medium,4500,5.9,Average,Medium,Average,1.0,Medium,No,Yes,No,No,High,High,High,Moderate,Yes,No,No,Yes,No,No,No,Medium,High,No Preference,2200.0,6K-10K,6200,Full Payment,Medium,Yes,4,Yes,No,Low,Medium,3,50.8,47.7,49.6,59.3,71.3,58.4,55.3,Moderate,Mid-Range,Medium Value,Comfortable to wear all day and the stress tracking is genuinely useful.
FT100500,35-44,Female,Working Professional,Tier 1,102300.0,1L-2L,Post Graduate,General Fitness,Beginner,4,High,10000,6.8,Average,Medium,Poor,3.8,Medium,No,Yes,No,Yes,Low,Medium,Medium,Moderate,Yes,Yes,No,Yes,No,Yes,No,High,Medium,No Preference,4410.0,3K-6K,5100,Full Payment,Medium,No,3,Yes,Yes,Medium,Medium,1,60.3,52.2,49.3,43.2,71.5,53.7,58.3,Moderate,Mid-Range,Medium Value,"Great value for money, the app is smooth and the design looks premium."
FT100501,45-54,Male,Working Professional,Tier 1,81200.0,50K-1L,Graduate,Better Sleep,Intermediate,2,Medium,3900,6.8,Poor,High,Average,3.0,Medium,Yes,Yes,No,No,Low,Medium,High,Minimal,Yes,Yes,No,No,Yes,No,Yes,Low,High,No Preference,4030.0,6K-10K,6000,Full Payment,Medium,Yes,2,No,No,Low,Low,0,72.1,28.2,72.0,35.0,67.7,27.7,48.4,High,Mid-Range,Low Value,Heart rate readings feel inaccurate during workouts and the strap is uncomfortable.
FT100502,45-54,Male,Working Professional,Tier 2,29900.0,25K-50K,Diploma,Weight Loss,Beginner,0,Low,2400,6.2,Average,Medium,Good,0.7,Medium,No,No,No,No,Low,Medium,Low,Frequent,No,Yes,No,Yes,Yes,No,Yes,High,High,Premium / Trusted,240.0,6K-10K,6900,Full Payment,Low,No,3,No,No,Low,Low,0,51.5,12.8,47.0,21.3,52.5,45.2,42.6,Moderate,Mid-Range,Medium Value,The battery drains too quickly and charging takes very long.
FT100503,25-34,Female,Student,Tier 1,34700.0,25K-50K,Graduate,General Fitness,Beginner,1,Low,4300,7.3,Average,Medium,Poor,2.2,Medium,No,No,No,No,High,Medium,Medium,Minimal,No,Yes,Yes,No,Yes,No,No,High,Medium,Premium / Trusted,1080.0,6K-10K,7100,Full Payment,Medium,No,3,No,No,High,Medium,0,65.2,29.8,67.0,40.7,73.4,47.8,31.1,Moderate,Mid-Range,Medium Value,"Reasonable device for the price, a few features could be better."
FT100504,25-34,Female,Self-Employed,Tier 1,37400.0,25K-50K,High School,Better Sleep,Advanced,4,High,10300,7.3,Average,Medium,Poor,2.1,High,No,Yes,No,No,High,High,Medium,Minimal,Yes,Yes,Yes,No,Yes,Yes,Yes,High,Medium,Premium / Trusted,1250.0,6K-10K,7600,Full Payment,Medium,No,5,Yes,No,Low,High,1,52.0,71.9,54.2,80.0,67.9,83.8,72.7,Moderate,Mid-Range,Medium Value,"Affordable, lightweight and the companion app is very beginner friendly."
FT100505,35-44,Male,Working Professional,Tier 1,92600.0,50K-1L,Graduate,Medical / Recovery,Intermediate,3,Medium,4800,5.4,Poor,High,Good,1.7,High,Yes,Yes,No,No,Medium,High,Low,Minimal,Yes,Yes,Yes,Yes,No,No,No,High,High,Budget / Value,4290.0,3K-6K,4300,Full Payment,Medium,No,3,No,No,Low,Medium,3,67.7,34.0,65.3,53.6,67.8,50.1,54.9,High,Budget,Medium Value,The battery drains too quickly and charging takes very long.
FT100506,25-34,Female,Student,Tier 2,20500.0,< 25K,Post Graduate,General Fitness,Intermediate,4,High,7900,6.8,Good,Medium,Average,3.1,Low,No,Yes,No,No,Medium,High,Medium,Moderate,Yes,No,No,No,No,No,No,High,Low,Budget / Value,750.0,3K-6K,3000,Full Payment,Medium,No,3,No,No,High,Medium,0,34.8,62.1,34.3,56.2,70.1,46.4,50.0,Low,Budget,Medium Value,I am worried about my health data privacy and how it is stored.
FT100507,35-44,Male,Working Professional,Tier 2,70900.0,50K-1L,Post Graduate,Weight Loss,Beginner,2,Medium,6600,6.1,Average,Medium,Average,3.1,Medium,Yes,No,No,No,Medium,Medium,Medium,Moderate,No,No,Yes,Yes,Yes,Yes,Yes,High,Medium,No Preference,3550.0,3K-6K,5500,Full Payment,High,No,2,No,No,Medium,Medium,0,56.5,38.0,46.9,27.0,87.6,24.0,41.9,Moderate,Mid-Range,Low Value,The battery drains too quickly and charging takes very long.
FT100508,25-34,Male,Self-Employed,Tier 1,85900.0,50K-1L,Diploma,General Fitness,Beginner,1,Low,5100,5.0,Poor,High,Good,2.5,High,No,Yes,Yes,Yes,High,High,Low,Frequent,Yes,Yes,Yes,Yes,No,No,Yes,Medium,Medium,Premium / Trusted,3460.0,6K-10K,9300,Full Payment,Low,No,4,Yes,Yes,Low,High,2,74.1,22.6,75.2,86.1,45.3,56.9,84.6,High,Mid-Range,Medium Value,"I love the sleep tracking, it is accurate and easy to understand."
FT100509,18-24,Female,Student,Tier 1,33500.0,25K-50K,Graduate,General Fitness,Intermediate,4,High,8500,6.7,Average,Medium,Average,1.8,Low,No,Yes,No,No,High,Medium,Medium,Moderate,No,No,Yes,Yes,No,No,Yes,Medium,Medium,No Preference,1390.0,3K-6K,5700,Full Payment,Medium,No,2,No,No,Low,High,3,47.3,53.0,39.2,65.7,70.2,34.0,61.9,Moderate,Mid-Range,Low Value,Sleep tracking data seems wrong and the design feels cheap.
FT100510,18-24,Female,Student,Tier 3,15500.0,< 25K,Diploma,General Fitness,Intermediate,4,High,8800,5.4,Poor,High,Average,1.8,High,No,No,Yes,Yes,Medium,High,Medium,Frequent,Yes,Yes,No,No,No,No,No,High,Low,Budget / Value,110.0,< 3K,1700,Full Payment,High,No,3,No,Yes,Low,Medium,1,68.3,52.6,65.4,49.3,98.9,40.0,43.8,High,Budget,Low Value,Sleep tracking data seems wrong and the design feels cheap.
FT100511,45-54,Male,Working Professional,Tier 2,70200.0,50K-1L,Graduate,General Fitness,Intermediate,1,Low,3100,7.0,Average,Low,Average,2.3,Medium,Yes,No,No,No,Low,Medium,Medium,Minimal,No,No,No,Yes,No,No,No,High,Medium,Budget / Value,2930.0,3K-6K,3600,Full Payment,Medium,Yes,2,No,No,Low,Medium,1,47.6,34.9,52.5,15.6,63.6,16.9,13.7,Low,Budget,Low Value,"Too expensive for the features offered, the price could be lower."
FT100512,18-24,Male,Student,Tier 2,18200.0,< 25K,Diploma,General Fitness,Advanced,6,High,12600,5.4,Poor,Medium,Good,1.9,High,Yes,Yes,Yes,No,Medium,High,Medium,Moderate,No,Yes,No,No,No,No,Yes,Medium,Medium,Budget / Value,650.0,3K-6K,3500,Full Payment,Medium,No,4,Yes,Yes,Low,Medium,1,55.4,79.7,47.3,75.7,74.9,59.8,61.1,High,Budget,Medium Value,"Average experience overall, nothing special but works fine."
FT100513,18-24,Male,Self-Employed,Tier 2,37000.0,25K-50K,Graduate,Muscle Gain,Beginner,0,Low,2800,6.4,Poor,Medium,Average,2.3,Low,No,No,No,No,Medium,Medium,High,Moderate,Yes,Yes,Yes,Yes,No,Yes,No,High,High,No Preference,1170.0,3K-6K,4500,Full Payment,Medium,No,3,No,No,Medium,Medium,2,68.8,14.5,72.3,32.1,69.2,41.5,43.7,High,Budget,Low Value,I am worried about my health data privacy and how it is stored.
FT100514,25-34,Female,Working Professional,Tier 3,26500.0,25K-50K,High School,Muscle Gain,Intermediate,3,Medium,5900,6.3,Good,Low,Poor,2.7,Low,No,Yes,No,No,Medium,Medium,Medium,Minimal,No,No,No,No,Yes,No,No,High,Medium,Budget / Value,1150.0,< 3K,2700,Full Payment,High,Yes,3,No,No,Medium,Medium,1,38.4,53.9,42.5,49.6,94.9,38.3,40.6,Low,Budget,Low Value,"The watch is okay, does the basic job of counting steps."
FT100515,18-24,Male,Working Professional,Tier 3,52400.0,50K-1L,Post Graduate,Muscle Gain,Intermediate,4,High,9800,6.9,Average,Medium,Average,1.1,High,No,No,No,No,Medium,Medium,Medium,Moderate,No,No,No,Yes,No,Yes,No,High,Medium,No Preference,330.0,3K-6K,3900,Full Payment,High,No,2,No,No,High,High,1,45.8,54.0,40.3,37.0,83.1,17.1,32.5,Moderate,Budget,Low Value,Heart rate readings feel inaccurate during workouts and the strap is uncomfortable.
FT100516,25-34,Male,Self-Employed,Tier 1,133500.0,1L-2L,Post Graduate,General Fitness,Beginner,1,Low,3000,6.0,Poor,Medium,Poor,1.7,Medium,Yes,Yes,No,Yes,Medium,High,Low,Frequent,Yes,Yes,Yes,No,No,Yes,No,High,Low,No Preference,7310.0,6K-10K,7500,Full Payment,Medium,Yes,3,Yes,Yes,High,Medium,0,76.4,19.5,81.2,56.9,58.7,53.4,70.1,High,Mid-Range,Medium Value,Comfortable to wear all day and the stress tracking is genuinely useful.
FT100517,35-44,Other,Self-Employed,Tier 2,40300.0,25K-50K,Diploma,General Fitness,Beginner,2,Medium,5800,6.1,Poor,Medium,Average,2.3,Medium,No,No,No,No,High,High,High,Moderate,Yes,Yes,Yes,No,No,Yes,No,High,Medium,Budget / Value,2400.0,3K-6K,3900,Full Payment,Medium,No,3,No,No,Medium,Medium,1,65.1,30.4,59.7,43.2,66.8,38.5,43.3,High,Budget,Low Value,Hard to set up for beginners and too many confusing notifications.
FT100518,18-24,Male,Self-Employed,Tier 1,105100.0,1L-2L,Post Graduate,General Fitness,Intermediate,3,Medium,5000,7.3,Good,Medium,Poor,3.6,Low,No,Yes,Yes,No,High,High,Low,Frequent,No,No,Yes,Yes,Yes,No,No,Medium,Low,Budget / Value,1320.0,3K-6K,5200,Full Payment,High,Yes,4,Yes,No,Low,High,2,49.2,48.2,50.2,94.9,88.8,70.4,79.1,Low,Mid-Range,Medium Value,"I love the sleep tracking, it is accurate and easy to understand."
FT100519,35-44,Female,Working Professional,Tier 2,42800.0,25K-50K,High School,Medical / Recovery,Beginner,1,Low,8600,6.5,Average,Low,Average,3.0,Low,Yes,No,No,No,Medium,Medium,Low,Moderate,No,Yes,Yes,No,No,No,No,Medium,Low,Premium / Trusted,1100.0,6K-10K,6100,Full Payment,Medium,No,3,No,No,Medium,Low,0,46.1,37.0,50.1,28.1,75.4,35.8,29.4,Low,Mid-Range,Low Value,The app keeps crashing and the notifications are unreliable.
FT100520,45-54,Male,Working Professional,Tier 1,121700.0,1L-2L,Graduate,General Fitness,Intermediate,5,High,12700,5.9,Poor,High,Average,2.3,High,No,No,Yes,Yes,Low,Medium,Medium,Minimal,Yes,Yes,Yes,Yes,No,No,No,Low,Low,No Preference,7130.0,3K-6K,5400,Full Payment,Medium,No,3,No,Yes,Medium,Medium,0,65.6,62.9,62.2,40.5,58.5,50.2,35.3,High,Mid-Range,Medium Value,"Design is decent, battery is average, app could improve a little."
FT100521,25-34,Female,Working Professional,Tier 1,69800.0,50K-1L,Diploma,Muscle Gain,Intermediate,4,High,7200,6.1,Poor,Medium,Average,2.6,Medium,No,No,No,No,High,High,High,Frequent,Yes,Yes,Yes,Yes,Yes,Yes,Yes,High,High,No Preference,690.0,3K-6K,4800,Full Payment,Low,No,2,No,No,Low,Low,0,54.4,42.7,57.3,40.0,43.3,32.3,62.0,High,Budget,Low Value,Sleep tracking data seems wrong and the design feels cheap.
FT100522,18-24,Male,Student,Tier 3,11300.0,< 25K,High School,General Fitness,Beginner,2,Medium,6100,6.3,Poor,High,Average,2.2,High,No,Yes,No,No,Medium,High,Low,Frequent,No,Yes,No,No,Yes,No,No,Medium,High,Premium / Trusted,230.0,3K-6K,5500,Full Payment,Low,Yes,4,Yes,No,Medium,Medium,2,70.4,31.1,73.3,53.8,52.8,62.0,60.4,High,Mid-Range,Medium Value,"It works as expected, neither impressed nor disappointed so far."
FT100523,25-34,Male,Student,Tier 3,9600.0,< 25K,Graduate,Better Sleep,Intermediate,4,High,7400,6.7,Average,Medium,Poor,3.2,Medium,No,No,No,No,Medium,Low,Medium,Moderate,Yes,No,No,Yes,Yes,Yes,Yes,High,Medium,Premium / Trusted,490.0,3K-6K,4800,Full Payment,Medium,Yes,3,No,No,High,Medium,1,48.9,59.5,58.2,30.8,77.2,39.6,43.2,Moderate,Budget,Low Value,"It works as expected, neither impressed nor disappointed so far."
FT100524,18-24,Male,Student,Tier 1,19600.0,< 25K,Graduate,General Fitness,Intermediate,2,Medium,4600,6.8,Average,Medium,Average,2.6,Medium,No,Yes,Yes,Yes,High,High,Low,Minimal,No,No,No,Yes,No,Yes,No,Low,Medium,No Preference,520.0,3K-6K,4400,Full Payment,Low,No,4,Yes,No,Low,Low,2,53.1,36.1,54.9,79.4,54.8,67.5,55.4,Moderate,Budget,Medium Value,"The watch is okay, does the basic job of counting steps."
FT100525,25-34,Female,Working Professional,Tier 3,25900.0,25K-50K,Graduate,General Fitness,Beginner,4,High,7600,5.5,Poor,High,Average,3.3,High,No,No,No,No,Low,Low,Low,Minimal,Yes,Yes,Yes,Yes,No,Yes,Yes,High,Medium,Premium / Trusted,710.0,3K-6K,5400,Full Payment,Medium,No,3,No,No,Low,Medium,1,68.9,41.5,64.4,22.2,70.6,40.4,37.5,High,Mid-Range,Low Value,"The watch is okay, does the basic job of counting steps."
FT100526,55+,Female,Retired,Tier 1,67300.0,50K-1L,Graduate,Better Sleep,Advanced,4,High,7300,7.4,Good,Medium,Average,1.2,Medium,No,No,No,No,Low,Low,Medium,Frequent,Yes,No,Yes,No,No,No,No,Medium,Medium,Budget / Value,1800.0,3K-6K,4200,Full Payment,High,No,2,No,No,Low,Low,1,33.7,61.9,34.5,23.7,91.3,21.6,34.9,Low,Budget,Low Value,"Too expensive for the features offered, the price could be lower."
FT100527,55+,Male,Self-Employed,Tier 2,42700.0,25K-50K,High School,Weight Loss,Beginner,2,Medium,2500,5.5,Poor,High,Good,1.7,High,No,No,No,No,Low,High,Low,Minimal,Yes,Yes,Yes,No,No,No,No,Medium,Medium,Budget / Value,2850.0,3K-6K,4400,Full Payment,Medium,No,3,No,No,Low,Low,0,75.0,21.5,62.3,16.2,71.7,38.2,22.5,High,Budget,Low Value,"The watch is okay, does the basic job of counting steps."
FT100528,35-44,Male,Self-Employed,Tier 3,32000.0,25K-50K,High School,Muscle Gain,Advanced,5,High,9000,5.5,Poor,High,Average,2.5,High,No,No,No,No,Low,Medium,High,Minimal,Yes,Yes,No,Yes,No,No,No,High,Medium,Budget / Value,330.0,3K-6K,3500,Full Payment,High,No,2,No,No,Medium,Medium,0,73.6,61.0,64.2,23.4,87.4,29.1,25.0,High,Budget,Low Value,Customer support was slow and the device disconnects from the app often.
FT100529,25-34,Female,Working Professional,Tier 1,76900.0,50K-1L,Graduate,General Fitness,Beginner,1,Low,4000,5.6,Poor,High,Average,2.7,High,No,No,Yes,Yes,High,High,Low,Moderate,Yes,Yes,Yes,Yes,No,Yes,Yes,Medium,High,Budget / Value,2290.0,3K-6K,3700,Full Payment,High,No,3,Yes,Yes,Low,High,2,76.4,19.6,76.3,61.2,77.5,53.4,58.1,High,Budget,Medium Value,"Affordable, lightweight and the companion app is very beginner friendly."
FT100530,35-44,Male,Self-Employed,Tier 2,50200.0,50K-1L,Graduate,Medical / Recovery,Beginner,1,Low,4700,7.2,Average,Medium,Good,4.2,Low,Yes,No,No,Yes,Medium,Medium,Medium,Frequent,No,Yes,No,No,No,No,Yes,Medium,Medium,No Preference,1330.0,3K-6K,5700,Full Payment,Medium,Yes,2,No,Yes,High,High,5,48.7,30.7,50.1,29.7,77.8,28.4,37.0,Moderate,Mid-Range,Low Value,The battery drains too quickly and charging takes very long.
FT100531,35-44,Male,Self-Employed,Tier 2,35000.0,25K-50K,High School,Stress Management,Intermediate,2,Medium,5100,4.5,Poor,High,Average,0.9,High,No,Yes,No,No,Medium,Low,Low,Moderate,Yes,Yes,Yes,No,No,No,No,High,Medium,Premium / Trusted,2340.0,6K-10K,7400,Full Payment,Low,Yes,3,No,No,High,Low,0,72.8,34.8,68.2,50.7,50.8,38.5,56.6,High,Mid-Range,Low Value,I am worried about my health data privacy and how it is stored.
FT100532,25-34,Female,Self-Employed,Tier 1,116700.0,1L-2L,Graduate,Weight Loss,Beginner,3,Medium,5700,6.8,Poor,Medium,Average,2.3,Low,Yes,No,Yes,No,High,Medium,Low,Moderate,No,No,No,Yes,Yes,Yes,Yes,Medium,Medium,No Preference,2760.0,6K-10K,8300,Full Payment,Low,No,4,Yes,No,High,Medium,0,63.9,32.3,58.6,57.5,33.3,60.0,48.3,High,Mid-Range,Medium Value,"It works as expected, neither impressed nor disappointed so far."
FT100533,35-44,Male,Working Professional,Tier 2,98800.0,50K-1L,Graduate,Better Sleep,Beginner,0,Low,4600,6.1,Poor,Medium,Average,2.2,High,No,Yes,No,No,Medium,High,Medium,Moderate,Yes,Yes,Yes,Yes,No,Yes,Yes,High,Medium,No Preference,6230.0,3K-6K,5500,Full Payment,Medium,Yes,4,Yes,No,Medium,Medium,0,65.4,14.4,72.6,54.4,65.3,60.3,70.8,High,Mid-Range,Medium Value,"Design is decent, battery is average, app could improve a little."
FT100534,18-24,Male,Working Professional,Tier 1,111100.0,1L-2L,Graduate,Stress Management,Beginner,3,Medium,7300,5.4,Poor,High,Good,2.5,High,No,Yes,Yes,Yes,High,Medium,Medium,Frequent,Yes,No,Yes,No,No,Yes,Yes,High,Low,Premium / Trusted,3440.0,10K-18K,10300,EMI,Low,Yes,5,Yes,No,Low,High,1,67.6,38.4,60.5,78.1,36.8,73.4,77.5,High,Mid-Range,Medium Value,"I love the sleep tracking, it is accurate and easy to understand."
FT100535,18-24,Male,Student,Tier 2,27300.0,25K-50K,Post Graduate,Muscle Gain,Intermediate,4,High,9900,7.4,Average,Low,Average,3.7,Low,No,No,No,No,Medium,High,Low,Moderate,No,No,No,Yes,No,Yes,Yes,Medium,Low,No Preference,820.0,3K-6K,3700,Full Payment,Medium,Yes,3,No,No,High,Medium,0,35.5,56.4,29.7,29.7,77.3,36.1,34.3,Low,Budget,Low Value,"The watch is okay, does the basic job of counting steps."
FT100536,25-34,Male,Working Professional,Tier 1,127300.0,1L-2L,Graduate,Weight Loss,Intermediate,3,Medium,7200,5.0,Poor,High,Poor,3.0,High,No,Yes,No,No,Medium,High,Low,Minimal,Yes,Yes,Yes,Yes,Yes,Yes,Yes,Medium,Medium,No Preference,6370.0,6K-10K,8000,Full Payment,High,No,4,Yes,No,High,Medium,2,82.2,47.1,78.6,53.3,85.0,60.9,67.7,High,Mid-Range,Medium Value,"The watch is okay, does the basic job of counting steps."
FT100537,18-24,Male,Working Professional,Tier 1,85500.0,50K-1L,Graduate,Weight Loss,Beginner,2,Medium,4800,7.7,Good,Medium,Average,1.0,Low,Yes,No,No,No,High,High,Low,Minimal,No,Yes,Yes,No,Yes,Yes,Yes,Medium,Medium,Budget / Value,2700.0,3K-6K,5400,Full Payment,High,No,4,Yes,No,Low,Medium,0,37.3,37.8,46.8,38.0,83.9,55.8,38.7,Low,Mid-Range,Medium Value,"Reasonable device for the price, a few features could be better."
FT100538,18-24,Female,Working Professional,Tier 2,58700.0,50K-1L,Graduate,Muscle Gain,Beginner,1,Low,5200,5.7,Poor,High,Poor,3.5,High,No,Yes,No,No,Medium,Medium,High,Minimal,Yes,Yes,No,Yes,Yes,Yes,No,High,Medium,Budget / Value,1250.0,3K-6K,4600,Full Payment,High,Yes,4,Yes,No,Medium,Medium,2,88.5,19.8,84.9,48.5,83.4,60.4,57.4,High,Budget,Medium Value,"Great value for money, the app is smooth and the design looks premium."
FT100539,35-44,Female,Working Professional,Tier 1,69900.0,50K-1L,Diploma,General Fitness,Beginner,0,Low,800,5.7,Poor,High,Average,3.5,High,Yes,No,Yes,Yes,Low,Low,High,Minimal,No,No,Yes,Yes,Yes,No,Yes,Medium,High,Budget / Value,4210.0,6K-10K,6100,Full Payment,Medium,No,4,Yes,No,Low,Low,2,81.6,3.8,78.1,39.0,69.3,57.6,34.8,High,Mid-Range,Medium Value,"Great value for money, the app is smooth and the design looks premium."
FT100540,55+,Male,Working Professional,Tier 2,31700.0,25K-50K,High School,Better Sleep,Advanced,4,High,11200,6.9,Average,High,Good,2.5,Low,Yes,Yes,No,No,Low,High,Low,Moderate,Yes,No,No,No,No,No,No,Medium,Low,No Preference,710.0,< 3K,1800,Full Payment,High,Yes,3,No,No,Medium,Medium,1,52.6,68.8,48.3,43.7,95.8,37.3,45.6,High,Budget,Low Value,Customer support was slow and the device disconnects from the app often.
FT100541,25-34,Female,Working Professional,Tier 2,38700.0,25K-50K,High School,Weight Loss,Beginner,2,Medium,5700,6.6,Average,Medium,Good,1.0,High,Yes,Yes,No,No,High,High,Low,Minimal,Yes,No,No,Yes,Yes,No,Yes,High,Medium,No Preference,2040.0,3K-6K,3800,Full Payment,High,Yes,3,Yes,No,High,High,3,41.5,33.3,45.6,67.6,89.7,53.6,59.8,Moderate,Budget,Medium Value,"Reasonable device for the price, a few features could be better."
FT100542,35-44,Male,Self-Employed,Tier 2,52800.0,50K-1L,Post Graduate,Muscle Gain,Intermediate,4,High,11300,7.4,Average,Low,Average,2.2,Medium,Yes,No,No,No,Medium,High,Medium,Frequent,No,No,No,No,Yes,No,Yes,High,Medium,Budget / Value,3040.0,3K-6K,3300,Full Payment,High,No,2,No,No,Low,High,3,37.1,64.4,33.7,35.4,87.0,31.3,39.0,Low,Budget,Low Value,The app keeps crashing and the notifications are unreliable.
FT100543,55+,Female,Working Professional,Tier 1,93200.0,50K-1L,Diploma,Weight Loss,Beginner,2,Medium,3600,6.1,Average,Low,Good,2.7,Medium,No,No,No,Yes,Low,High,Medium,Minimal,Yes,No,No,No,No,No,No,High,Medium,Premium / Trusted,3140.0,6K-10K,7600,Full Payment,Medium,Yes,3,No,Yes,Low,Low,0,32.3,26.4,34.7,19.5,61.8,38.0,15.1,Low,Mid-Range,Low Value,Customer support was slow and the device disconnects from the app often.
FT100544,18-24,Male,Student,Tier 3,16900.0,< 25K,Graduate,Muscle Gain,Intermediate,3,Medium,4300,6.0,Poor,Medium,Good,3.1,High,No,No,No,No,Low,Medium,Low,Frequent,No,Yes,Yes,Yes,No,No,No,Medium,High,Budget / Value,280.0,< 3K,2900,Full Payment,Medium,No,1,No,No,Medium,Medium,0,54.2,38.7,56.9,19.7,71.9,11.9,37.8,High,Budget,Low Value,The app keeps crashing and the notifications are unreliable.
FT100545,25-34,Female,Self-Employed,Tier 2,82600.0,50K-1L,Graduate,Weight Loss,Advanced,5,High,9200,6.4,Poor,Medium,Good,0.9,Medium,Yes,No,No,No,High,High,Low,Minimal,Yes,No,Yes,No,No,No,Yes,High,Medium,No Preference,1280.0,6K-10K,6600,Full Payment,Medium,No,3,No,Yes,Low,High,4,52.3,55.8,43.1,38.6,65.3,49.8,30.4,High,Mid-Range,Medium Value,Customer support was slow and the device disconnects from the app often.
FT100546,25-34,Male,Working Professional,Tier 1,60600.0,50K-1L,Graduate,General Fitness,Beginner,1,Low,4800,6.8,Poor,Medium,Good,1.7,Medium,No,No,No,No,Medium,Medium,Medium,Moderate,Yes,Yes,No,Yes,No,Yes,No,High,Medium,Budget / Value,3480.0,3K-6K,5100,Full Payment,Medium,No,3,No,Yes,Medium,Low,0,65.3,22.2,59.0,25.6,66.4,36.2,37.1,High,Mid-Range,Low Value,The app keeps crashing and the notifications are unreliable.
FT100547,18-24,Male,Working Professional,Tier 2,125700.0,1L-2L,Post Graduate,Weight Loss,Intermediate,1,Low,4700,6.9,Good,Medium,Good,3.2,Medium,No,Yes,No,No,High,High,Medium,Frequent,Yes,No,Yes,Yes,Yes,Yes,No,High,Medium,Budget / Value,2710.0,6K-10K,6200,Full Payment,Low,Yes,4,Yes,No,High,High,7,42.6,37.8,39.7,60.5,38.0,69.1,75.6,Low,Mid-Range,Medium Value,"Design is decent, battery is average, app could improve a little."
FT100548,35-44,Male,Self-Employed,Tier 2,39000.0,25K-50K,Graduate,Muscle Gain,Beginner,1,Low,4400,7.1,Average,Low,Poor,3.5,Medium,No,Yes,No,No,Low,Low,Medium,Frequent,Yes,No,No,No,Yes,Yes,No,High,Medium,No Preference,1360.0,3K-6K,4500,Full Payment,Low,No,3,No,No,Low,Low,0,56.3,27.3,55.6,42.9,58.2,40.2,60.9,Low,Budget,Low Value,"The watch is okay, does the basic job of counting steps."
FT100549,25-34,Male,Self-Employed,Tier 2,26800.0,25K-50K,High School,General Fitness,Intermediate,4,High,6300,6.6,Poor,High,Poor,2.6,High,No,No,No,No,Low,Medium,Medium,Minimal,No,Yes,Yes,No,No,Yes,No,High,Medium,Budget / Value,1480.0,< 3K,1300,Full Payment,High,No,1,No,No,Low,Medium,1,75.1,49.0,77.5,15.4,90.5,11.6,22.2,High,Budget,Low Value,The app keeps crashing and the notifications are unreliable.
FT100550,25-34,Male,Working Professional,Tier 2,66900.0,50K-1L,Post Graduate,Stress Management,Beginner,1,Low,1400,6.1,Poor,High,Poor,3.2,High,No,No,Yes,No,High,High,Low,Frequent,Yes,Yes,No,Yes,Yes,No,No,High,Medium,Premium / Trusted,710.0,6K-10K,6700,Full Payment,Medium,No,5,Yes,Yes,Medium,High,3,83.3,16.8,90.7,69.9,65.6,84.8,59.6,High,Mid-Range,Medium Value,"Affordable, lightweight and the companion app is very beginner friendly."
FT100551,18-24,Female,Working Professional,Tier 2,89700.0,50K-1L,Graduate,Weight Loss,Beginner,4,High,7900,4.1,Poor,High,Average,2.7,High,Yes,Yes,No,No,Medium,Medium,Medium,Frequent,Yes,Yes,Yes,No,Yes,No,Yes,Medium,Medium,Premium / Trusted,2960.0,6K-10K,6800,Full Payment,Medium,Yes,4,Yes,Yes,Medium,Medium,1,69.0,43.1,64.7,49.3,65.9,56.3,71.7,High,Mid-Range,Medium Value,The personalized health reports keep me motivated to stay consistent.
FT100552,18-24,Female,Student,Tier 3,12300.0,< 25K,Diploma,Muscle Gain,Beginner,0,Low,800,7.3,Good,Medium,Good,3.1,Low,No,No,No,No,Medium,High,Medium,Moderate,Yes,Yes,Yes,No,No,Yes,No,High,High,Budget / Value,500.0,< 3K,2400,Full Payment,Medium,No,3,No,No,Low,Medium,0,32.3,23.6,44.7,31.8,74.8,38.7,39.3,Low,Budget,Low Value,Hard to set up for beginners and too many confusing notifications.
FT100553,45-54,Male,Homemaker,Tier 2,23900.0,< 25K,Graduate,Muscle Gain,Beginner,1,Low,1600,5.9,Poor,Medium,Good,2.4,High,No,No,No,No,Low,Low,Medium,Moderate,No,No,Yes,Yes,Yes,Yes,No,High,Medium,No Preference,960.0,3K-6K,3200,Full Payment,Medium,Yes,2,No,No,High,Low,0,60.8,18.6,67.3,22.7,72.3,27.4,36.1,High,Budget,Low Value,The app keeps crashing and the notifications are unreliable.
FT100554,18-24,Female,Student,Tier 3,12100.0,< 25K,Graduate,Weight Loss,Advanced,5,High,7800,6.6,Average,Medium,Good,2.7,Medium,No,Yes,No,No,Medium,Medium,Low,Moderate,Yes,No,Yes,Yes,Yes,No,Yes,High,High,No Preference,340.0,3K-6K,3000,Full Payment,Low,No,4,Yes,Yes,Low,Low,0,39.1,70.7,33.3,50.8,50.1,60.7,65.2,Moderate,Budget,Medium Value,The personalized health reports keep me motivated to stay consistent.
FT100555,18-24,Female,Student,Tier 2,11700.0,< 25K,Diploma,Weight Loss,Intermediate,4,High,8200,5.4,Poor,High,Good,1.3,High,Yes,Yes,Yes,Yes,High,Medium,Medium,Moderate,Yes,Yes,No,Yes,No,No,No,Medium,Low,Premium / Trusted,320.0,6K-10K,6300,Full Payment,Low,Yes,5,Yes,Yes,Low,High,4,62.5,48.0,55.5,83.4,54.6,74.3,68.0,High,Mid-Range,Medium Value,The battery life is excellent and lasts almost a week on a single charge.
FT100556,18-24,Female,Working Professional,Tier 3,73600.0,50K-1L,Post Graduate,General Fitness,Beginner,0,Low,6600,6.2,Poor,Medium,Average,2.9,Medium,No,Yes,No,Yes,Medium,Medium,Low,Minimal,Yes,No,No,Yes,Yes,Yes,No,Medium,High,Budget / Value,850.0,3K-6K,3500,Full Payment,Medium,Yes,4,Yes,Yes,High,High,3,70.8,24.1,67.7,49.5,67.5,72.2,53.5,High,Budget,Medium Value,"I love the sleep tracking, it is accurate and easy to understand."
FT100557,25-34,Female,Working Professional,Tier 3,56000.0,50K-1L,Graduate,Muscle Gain,Intermediate,4,High,9200,4.6,Poor,High,Average,1.3,High,No,Yes,No,No,Medium,Medium,High,Minimal,Yes,Yes,Yes,No,Yes,Yes,Yes,Medium,Medium,No Preference,2440.0,3K-6K,5900,Full Payment,Medium,Yes,3,No,No,High,Medium,1,69.9,54.4,66.1,55.6,70.2,47.5,64.2,High,Mid-Range,Medium Value,"Reasonable device for the price, a few features could be better."
FT100558,25-34,Female,Working Professional,Tier 1,127800.0,1L-2L,Graduate,Medical / Recovery,Intermediate,4,High,10000,5.1,Poor,Medium,Average,2.9,High,Yes,Yes,No,No,High,High,Low,Moderate,Yes,No,Yes,Yes,No,No,Yes,High,High,Budget / Value,1260.0,6K-10K,7400,Full Payment,Low,Yes,5,Yes,No,Medium,Low,0,59.4,54.0,56.0,64.2,42.7,74.9,65.6,High,Mid-Range,Medium Value,"Affordable, lightweight and the companion app is very beginner friendly."
FT100559,25-34,Male,Self-Employed,Tier 1,56200.0,50K-1L,High School,Weight Loss,Beginner,0,Low,4200,5.1,Poor,High,Poor,1.9,High,No,No,No,No,Medium,High,High,Minimal,Yes,No,No,Yes,Yes,No,No,High,High,No Preference,2310.0,6K-10K,7200,Full Payment,Low,Yes,3,No,No,Low,Medium,2,89.0,19.4,84.6,27.6,50.4,45.5,26.5,High,Mid-Range,Medium Value,"Average experience overall, nothing special but works fine."
FT100560,18-24,Female,Student,Tier 2,8500.0,< 25K,Diploma,Stress Management,Beginner,1,Low,4800,6.2,Poor,High,Good,2.6,High,No,No,No,No,High,Medium,High,Minimal,Yes,Yes,No,Yes,No,Yes,Yes,High,Medium,No Preference,130.0,3K-6K,3300,Full Payment,Low,Yes,2,No,No,High,Medium,0,70.7,22.1,72.0,41.3,50.8,18.1,39.9,High,Budget,Low Value,"Too expensive for the features offered, the price could be lower."
FT100561,18-24,Female,Student,Tier 2,15200.0,< 25K,Graduate,Stress Management,Intermediate,2,Medium,9700,4.6,Poor,High,Average,1.5,High,No,Yes,No,No,Medium,Low,Medium,Minimal,Yes,Yes,Yes,Yes,Yes,No,Yes,Medium,High,No Preference,140.0,< 3K,2400,Full Payment,High,No,4,Yes,No,Low,Medium,0,77.4,40.2,74.5,49.8,100.0,66.9,62.1,High,Budget,Medium Value,"It works as expected, neither impressed nor disappointed so far."
FT100562,45-54,Male,Working Professional,Tier 2,72700.0,50K-1L,Graduate,Muscle Gain,Beginner,1,Low,1700,6.2,Poor,Low,Poor,1.9,Medium,No,Yes,No,Yes,Low,Low,High,Moderate,Yes,No,Yes,Yes,Yes,Yes,No,High,Medium,No Preference,2570.0,3K-6K,5300,Full Payment,High,No,3,No,No,Medium,Low,0,62.8,18.6,63.1,34.2,88.1,45.2,59.4,Moderate,Mid-Range,Medium Value,"The watch is okay, does the basic job of counting steps."
FT100563,25-34,Male,Working Professional,Tier 3,41800.0,25K-50K,Graduate,General Fitness,Intermediate,1,Low,3400,6.3,Average,Medium,Average,2.6,Medium,Yes,No,Yes,Yes,Medium,High,Low,Moderate,Yes,No,Yes,No,No,No,Yes,Medium,High,No Preference,1010.0,3K-6K,3700,Full Payment,Medium,No,3,No,Yes,High,Medium,0,57.9,29.9,59.0,54.6,73.6,42.5,43.0,Moderate,Budget,Low Value,"Design is decent, battery is average, app could improve a little."
FT100564,35-44,Male,Working Professional,Tier 3,39900.0,25K-50K,Graduate,Medical / Recovery,Beginner,2,Medium,4600,6.1,Poor,Low,Average,2.9,Medium,Yes,No,Yes,Yes,Low,Medium,Low,Frequent,Yes,No,Yes,Yes,Yes,Yes,Yes,High,High,No Preference,1360.0,3K-6K,3500,Full Payment,High,No,3,No,Yes,High,Low,1,53.2,20.5,49.2,42.2,92.5,38.2,58.5,Moderate,Budget,Low Value,"It works as expected, neither impressed nor disappointed so far."
FT100565,35-44,Female,Working Professional,Tier 2,38900.0,25K-50K,Diploma,General Fitness,Beginner,4,High,9000,5.8,Poor,Medium,Good,3.2,High,Yes,No,Yes,Yes,Medium,Medium,Medium,Frequent,No,Yes,Yes,Yes,No,Yes,Yes,High,Low,No Preference,600.0,3K-6K,5900,Full Payment,Medium,Yes,3,No,No,Medium,High,1,49.7,54.2,42.7,53.5,70.4,35.2,58.2,High,Mid-Range,Low Value,"Too expensive for the features offered, the price could be lower."
FT100566,35-44,Male,Working Professional,Tier 2,82000.0,50K-1L,Graduate,Better Sleep,Intermediate,4,High,5600,6.9,Average,Low,Good,1.4,Medium,No,No,No,No,Medium,High,Medium,Frequent,Yes,No,No,Yes,No,No,No,High,Medium,Premium / Trusted,4500.0,6K-10K,7000,Full Payment,Medium,Yes,3,No,No,Medium,High,0,26.1,46.5,29.4,34.3,62.0,35.3,38.6,Low,Mid-Range,Low Value,"Too expensive for the features offered, the price could be lower."
FT100567,18-24,Female,Student,Tier 1,39700.0,25K-50K,Post Graduate,Weight Loss,Intermediate,0,Low,4400,6.3,Poor,Medium,Poor,1.1,High,No,Yes,Yes,Yes,Medium,Medium,High,Minimal,Yes,Yes,Yes,Yes,Yes,No,Yes,Low,High,Budget / Value,310.0,3K-6K,5500,Full Payment,Medium,Yes,4,Yes,Yes,Low,Low,1,76.4,25.7,78.6,70.5,69.9,60.3,69.4,High,Mid-Range,Medium Value,Heart rate monitoring feels reliable and the hydration reminders really help.
FT100568,25-34,Female,Working Professional,Tier 2,73300.0,50K-1L,Graduate,Stress Management,Advanced,5,High,9500,4.7,Poor,High,Good,1.5,High,Yes,No,Yes,Yes,High,High,Medium,Moderate,Yes,Yes,Yes,No,No,No,No,High,Medium,No Preference,1070.0,3K-6K,4700,Full Payment,High,No,3,No,Yes,High,High,1,62.6,60.9,54.8,63.4,82.4,49.6,46.0,High,Budget,Medium Value,"Affordable, lightweight and the companion app is very beginner friendly."
FT100569,25-34,Other,Working Professional,Tier 1,94000.0,50K-1L,Post Graduate,Medical / Recovery,Beginner,1,Low,5600,5.9,Poor,High,Poor,1.4,High,Yes,Yes,Yes,Yes,High,High,Low,Moderate,Yes,Yes,No,No,Yes,Yes,No,High,High,Budget / Value,5100.0,6K-10K,7300,Full Payment,Low,No,5,Yes,Yes,High,Medium,1,93.4,22.6,90.5,83.3,39.3,80.1,72.3,High,Mid-Range,Medium Value,"Great value for money, the app is smooth and the design looks premium."
FT100570,25-34,Male,Working Professional,Tier 2,81700.0,50K-1L,Post Graduate,Better Sleep,Intermediate,2,Medium,6600,7.0,Good,Low,Average,3.6,Low,No,Yes,Yes,Yes,Medium,High,Low,Minimal,No,Yes,Yes,Yes,No,No,Yes,High,Low,Premium / Trusted,4390.0,6K-10K,7700,Full Payment,Low,Yes,3,No,Yes,High,Medium,0,29.3,46.6,38.6,71.6,55.2,49.2,61.2,Low,Mid-Range,Medium Value,"Too expensive for the features offered, the price could be lower."
FT100571,45-54,Female,Working Professional,Tier 2,28900.0,25K-50K,High School,General Fitness,Advanced,5,High,11300,6.3,Average,Low,Average,3.4,Low,No,No,No,No,Low,Medium,Medium,Minimal,Yes,No,Yes,Yes,No,No,No,Medium,Medium,Premium / Trusted,240.0,3K-6K,5800,Full Payment,Medium,No,1,No,No,Medium,Medium,0,30.7,71.3,34.3,22.7,75.2,15.2,24.8,Low,Mid-Range,Low Value,Customer support was slow and the device disconnects from the app often.
FT100572,25-34,Female,Working Professional,Tier 2,62600.0,50K-1L,Graduate,Better Sleep,Intermediate,4,High,7300,6.1,Poor,High,Good,1.5,Medium,No,Yes,Yes,Yes,High,High,Medium,Frequent,No,No,Yes,No,No,No,Yes,Medium,High,Budget / Value,510.0,3K-6K,5000,Full Payment,Medium,No,4,Yes,No,High,High,0,70.3,50.3,53.4,83.4,68.6,66.7,70.8,High,Mid-Range,Medium Value,"The watch is okay, does the basic job of counting steps."
FT100573,35-44,Male,Homemaker,Tier 2,16300.0,< 25K,Post Graduate,Weight Loss,Advanced,4,High,8400,5.4,Poor,High,Good,3.7,High,Yes,No,No,No,Medium,High,Medium,Moderate,Yes,Yes,Yes,Yes,No,No,No,Low,Medium,Budget / Value,650.0,< 3K,1200,Full Payment,High,No,3,No,No,Low,Medium,0,65.1,64.1,56.6,26.8,92.9,35.9,37.5,High,Budget,Low Value,"Design is decent, battery is average, app could improve a little."
FT100574,45-54,Female,Self-Employed,Tier 1,55000.0,50K-1L,Graduate,Muscle Gain,Advanced,3,Medium,5000,6.9,Good,Low,Poor,3.3,Low,No,Yes,No,No,High,High,High,Moderate,Yes,No,No,Yes,Yes,Yes,Yes,High,High,Budget / Value,1610.0,6K-10K,6400,Full Payment,Medium,Yes,3,No,Yes,Low,Medium,0,36.2,56.3,35.2,67.0,71.5,41.9,70.9,Low,Mid-Range,Low Value,"The watch is okay, does the basic job of counting steps."
FT100575,25-34,Male,Working Professional,Tier 1,66600.0,50K-1L,Diploma,General Fitness,Intermediate,1,Low,2400,5.6,Poor,High,Average,1.0,High,No,No,No,No,High,High,Low,Moderate,Yes,Yes,No,Yes,No,No,Yes,Medium,Medium,Budget / Value,1350.0,6K-10K,6000,Full Payment,Low,Yes,4,Yes,Yes,High,High,1,85.8,18.1,78.6,53.6,48.0,64.9,46.9,High,Mid-Range,Medium Value,"Great value for money, the app is smooth and the design looks premium."
FT100576,45-54,Female,Working Professional,Tier 1,199400.0,1L-2L,Post Graduate,Muscle Gain,Advanced,4,High,10600,6.0,Poor,Medium,Good,1.5,High,Yes,Yes,No,No,Medium,Medium,Medium,Frequent,Yes,No,Yes,Yes,Yes,No,Yes,High,High,No Preference,2760.0,10K-18K,10500,EMI,Medium,No,4,Yes,No,High,Low,1,53.0,59.2,45.8,51.6,50.3,63.2,72.5,High,Mid-Range,Medium Value,The battery life is excellent and lasts almost a week on a single charge.
FT100577,25-34,Male,Working Professional,Tier 3,18300.0,< 25K,High School,General Fitness,Intermediate,3,Medium,4800,7.6,Good,Low,Good,1.0,Low,No,Yes,No,No,Medium,Medium,Low,Frequent,Yes,Yes,Yes,No,Yes,Yes,Yes,High,Low,Premium / Trusted,890.0,3K-6K,3500,Full Payment,High,No,4,Yes,No,High,Medium,1,23.1,46.3,27.1,49.5,97.9,55.5,76.0,Low,Budget,Medium Value,Comfortable to wear all day and the stress tracking is genuinely useful.
FT100578,45-54,Male,Self-Employed,Tier 3,23800.0,< 25K,Diploma,Weight Loss,Beginner,1,Low,5300,7.7,Good,Low,Poor,2.2,Low,No,No,No,No,Low,Medium,Medium,Frequent,No,Yes,Yes,No,Yes,Yes,Yes,Medium,Medium,Budget / Value,300.0,< 3K,1500,Full Payment,Medium,No,2,No,No,Medium,Low,1,37.1,34.7,46.2,18.0,68.9,18.9,45.7,Low,Budget,Low Value,Customer support was slow and the device disconnects from the app often.
FT100579,25-34,Male,Student,Tier 1,19300.0,< 25K,High School,Weight Loss,Advanced,4,High,8400,6.3,Poor,High,Poor,2.3,High,No,Yes,Yes,Yes,Medium,High,High,Minimal,No,No,No,Yes,Yes,No,No,Medium,Medium,Budget / Value,950.0,3K-6K,4100,Full Payment,High,No,2,No,No,High,Low,0,70.1,56.0,76.4,73.9,97.0,29.6,53.4,High,Budget,Low Value,Heart rate readings feel inaccurate during workouts and the strap is uncomfortable.
FT100580,25-34,Male,Student,Tier 1,45600.0,25K-50K,Graduate,Weight Loss,Intermediate,4,High,9500,6.3,Poor,High,Average,2.3,High,Yes,Yes,Yes,Yes,High,High,Medium,Moderate,Yes,Yes,Yes,Yes,Yes,Yes,Yes,Medium,High,Budget / Value,2630.0,3K-6K,5300,Full Payment,Low,Yes,5,Yes,Yes,Medium,High,4,73.7,59.2,62.6,80.9,50.9,75.2,84.3,High,Mid-Range,Medium Value,"Affordable, lightweight and the companion app is very beginner friendly."
FT100581,25-34,Male,Working Professional,Tier 2,68000.0,50K-1L,Graduate,General Fitness,Beginner,2,Medium,2200,6.3,Poor,High,Good,0.7,High,Yes,Yes,Yes,Yes,High,High,Medium,Minimal,Yes,No,Yes,Yes,No,No,Yes,Medium,High,Premium / Trusted,550.0,6K-10K,7800,Full Payment,Medium,No,4,Yes,Yes,Medium,High,2,70.5,19.9,64.1,82.8,68.6,63.9,65.1,High,Mid-Range,Medium Value,"Average experience overall, nothing special but works fine."
FT100582,18-24,Female,Student,Tier 2,24800.0,< 25K,Graduate,Better Sleep,Beginner,2,Medium,6800,7.0,Average,Low,Average,1.2,Medium,No,No,No,No,Medium,Medium,Low,Frequent,Yes,No,No,Yes,No,Yes,No,High,Medium,Budget / Value,1140.0,3K-6K,3500,Full Payment,High,No,2,No,No,Medium,Low,0,39.2,39.4,36.8,27.3,90.2,30.0,40.4,Low,Budget,Low Value,Heart rate readings feel inaccurate during workouts and the strap is uncomfortable.
FT100583,25-34,Male,Working Professional,Tier 1,101200.0,1L-2L,Post Graduate,Stress Management,Beginner,2,Medium,5100,4.6,Poor,High,Average,2.5,High,No,No,Yes,No,High,High,High,Minimal,Yes,Yes,Yes,Yes,No,Yes,No,Low,High,Budget / Value,4980.0,6K-10K,7800,Full Payment,Medium,No,3,No,No,Low,High,4,75.2,26.5,68.8,66.6,59.2,46.2,48.7,High,Mid-Range,Medium Value,"Average experience overall, nothing special but works fine."
FT100584,45-54,Male,Working Professional,Tier 1,80200.0,50K-1L,Graduate,Stress Management,Intermediate,2,Medium,4100,5.2,Poor,High,Good,2.8,High,No,No,No,No,Medium,Medium,Medium,Moderate,Yes,No,No,Yes,No,No,No,High,Medium,No Preference,3190.0,3K-6K,5800,Full Payment,Medium,No,4,Yes,No,Low,High,2,70.5,31.5,66.9,36.8,63.2,62.0,32.5,High,Mid-Range,Medium Value,"It works as expected, neither impressed nor disappointed so far."
FT100585,25-34,Female,Working Professional,Tier 2,66000.0,50K-1L,Graduate,Stress Management,Beginner,0,Low,2500,5.7,Poor,High,Average,2.3,Medium,No,No,No,No,High,High,High,Frequent,No,No,No,No,No,Yes,Yes,High,Medium,Premium / Trusted,800.0,6K-10K,6100,Full Payment,High,No,3,No,No,Medium,High,1,83.1,11.3,82.2,41.7,88.2,38.5,41.2,High,Mid-Range,Low Value,"Too expensive for the features offered, the price could be lower."
FT100586,18-24,Female,Working Professional,Tier 1,93400.0,50K-1L,Post Graduate,General Fitness,Beginner,1,Low,6000,6.2,Poor,Medium,Average,1.3,Medium,No,No,Yes,Yes,High,High,Low,Moderate,No,Yes,Yes,Yes,No,Yes,No,Medium,Low,Budget / Value,5720.0,6K-10K,7300,Full Payment,Low,No,5,Yes,Yes,High,Medium,0,67.0,24.8,66.5,63.1,41.9,76.6,50.2,High,Mid-Range,Medium Value,The battery life is excellent and lasts almost a week on a single charge.
FT100587,25-34,Male,Working Professional,Tier 1,132000.0,1L-2L,Post Graduate,General Fitness,Beginner,1,Low,5400,6.5,Average,Medium,Good,3.1,Medium,No,Yes,Yes,No,High,High,Low,Minimal,No,Yes,No,No,No,No,Yes,Medium,Low,No Preference,7630.0,6K-10K,7300,Full Payment,Low,No,5,Yes,No,Medium,High,3,51.9,27.9,52.6,86.2,37.6,76.6,57.7,Moderate,Mid-Range,Medium Value,The battery life is excellent and lasts almost a week on a single charge.
FT100588,18-24,Female,Working Professional,Tier 1,48300.0,25K-50K,Diploma,General Fitness,Beginner,0,Low,2800,5.5,Poor,High,Average,1.3,High,No,Yes,No,No,High,High,Medium,Minimal,Yes,No,No,Yes,No,No,No,High,Medium,Budget / Value,1390.0,6K-10K,6000,Full Payment,Medium,Yes,5,Yes,No,Medium,High,5,82.8,13.1,81.3,75.2,72.6,76.8,53.9,High,Mid-Range,Medium Value,Comfortable to wear all day and the stress tracking is genuinely useful.
FT100589,18-24,Male,Student,Tier 2,16200.0,< 25K,High School,Weight Loss,Advanced,4,High,5300,7.3,Average,Medium,Poor,2.3,Medium,No,Yes,Yes,No,High,High,Medium,Moderate,No,No,Yes,No,Yes,No,No,High,Medium,Budget / Value,410.0,< 3K,2900,Full Payment,High,Yes,3,No,No,Medium,Medium,0,51.6,54.3,50.0,78.8,94.2,51.5,62.2,Moderate,Budget,Medium Value,"It works as expected, neither impressed nor disappointed so far."
FT100590,45-54,Female,Working Professional,Tier 2,65300.0,50K-1L,Graduate,Muscle Gain,Beginner,3,Medium,4400,6.1,Poor,Medium,Poor,1.2,High,No,No,Yes,Yes,Medium,High,Medium,Moderate,Yes,Yes,Yes,Yes,No,Yes,Yes,Low,Low,Budget / Value,2550.0,3K-6K,3900,Full Payment,Medium,No,2,No,No,Medium,Low,1,64.0,36.4,71.6,44.8,62.6,31.6,52.4,High,Budget,Low Value,The app keeps crashing and the notifications are unreliable.
FT100591,25-34,Male,Student,Tier 1,33500.0,25K-50K,Post Graduate,Stress Management,Beginner,2,Medium,6600,5.2,Poor,High,Average,3.0,High,No,Yes,No,No,High,Medium,Medium,Moderate,Yes,Yes,Yes,No,No,Yes,Yes,Medium,High,Premium / Trusted,2030.0,3K-6K,5100,Full Payment,Medium,No,4,Yes,No,High,Medium,1,73.3,31.7,72.0,78.8,76.1,71.1,75.0,High,Mid-Range,Medium Value,"I love the sleep tracking, it is accurate and easy to understand."
FT100592,25-34,Female,Self-Employed,Tier 2,38300.0,25K-50K,Graduate,Muscle Gain,Beginner,2,Medium,2900,6.6,Average,Low,Poor,0.7,Low,Yes,No,No,Yes,High,Medium,Medium,Minimal,No,No,Yes,No,Yes,Yes,Yes,Medium,Medium,Budget / Value,2180.0,3K-6K,3800,Full Payment,Low,No,3,No,No,Low,Medium,2,42.9,29.6,50.8,38.9,56.7,38.0,34.8,Low,Budget,Low Value,"Reasonable device for the price, a few features could be better."
FT100593,25-34,Other,Working Professional,Tier 2,40100.0,25K-50K,Diploma,Stress Management,Intermediate,3,Medium,6100,6.0,Poor,Medium,Poor,2.1,Medium,Yes,No,Yes,Yes,Medium,Medium,Medium,Moderate,Yes,No,No,No,No,Yes,No,Medium,High,Premium / Trusted,890.0,6K-10K,7400,Full Payment,Medium,No,3,No,No,Medium,Medium,1,74.3,40.1,69.9,47.1,69.6,40.1,36.1,High,Mid-Range,Low Value,"It works as expected, neither impressed nor disappointed so far."
FT100594,18-24,Female,Student,Tier 3,19900.0,< 25K,Graduate,Weight Loss,Intermediate,5,High,13300,5.7,Poor,High,Poor,3.1,High,No,Yes,No,No,High,Medium,Low,Moderate,Yes,No,No,Yes,Yes,No,Yes,High,Medium,Premium / Trusted,820.0,3K-6K,4700,Full Payment,Low,No,5,Yes,No,Low,High,4,74.1,61.5,67.4,63.0,46.8,74.9,65.2,High,Budget,Medium Value,"Affordable, lightweight and the companion app is very beginner friendly."
FT100595,18-24,Female,Student,Tier 3,14000.0,< 25K,Graduate,Stress Management,Beginner,0,Low,3800,6.2,Poor,Medium,Average,2.8,Medium,No,Yes,No,No,High,Medium,Medium,Frequent,Yes,No,Yes,Yes,No,Yes,No,Low,Low,Budget / Value,400.0,< 3K,2800,Full Payment,Medium,No,4,Yes,No,Medium,Medium,1,66.3,11.3,69.0,58.7,68.0,61.8,70.7,High,Budget,Medium Value,"Great value for money, the app is smooth and the design looks premium."
FT100596,35-44,Female,Working Professional,Tier 1,97700.0,50K-1L,Graduate,Weight Loss,Beginner,0,Low,4300,6.2,Average,Medium,Good,1.9,High,No,Yes,Yes,Yes,Medium,Low,High,Moderate,No,No,No,Yes,Yes,No,No,Medium,High,Premium / Trusted,1800.0,6K-10K,9000,EMI,High,Yes,2,No,Yes,Medium,Medium,2,49.4,22.0,50.5,68.9,81.2,30.2,58.7,Moderate,Mid-Range,Low Value,The app keeps crashing and the notifications are unreliable.
FT100597,25-34,Male,Working Professional,Tier 3,44500.0,25K-50K,Post Graduate,Better Sleep,Advanced,6,High,7700,7.5,Good,Medium,Average,1.7,Low,No,No,No,No,Low,Medium,Medium,Frequent,Yes,No,Yes,No,No,No,Yes,Medium,High,Premium / Trusted,270.0,3K-6K,4100,Full Payment,High,Yes,2,No,No,Low,Medium,0,38.1,74.8,34.8,22.1,94.2,33.5,38.6,Low,Budget,Low Value,"It works as expected, neither impressed nor disappointed so far."
FT100598,55+,Female,Retired,Tier 2,47100.0,25K-50K,Post Graduate,Weight Loss,Intermediate,3,Medium,4100,6.7,Average,Low,Good,2.1,Medium,No,No,No,Yes,Low,Medium,High,Minimal,Yes,No,Yes,Yes,No,No,Yes,High,Medium,No Preference,1010.0,3K-6K,4200,Full Payment,Medium,No,2,No,No,Low,Low,1,36.4,43.1,28.6,21.6,70.5,29.4,28.7,Low,Budget,Low Value,Hard to set up for beginners and too many confusing notifications.
FT100599,25-34,Female,Working Professional,Tier 2,45900.0,25K-50K,Graduate,General Fitness,Intermediate,2,Medium,6600,6.8,Average,Low,Good,1.3,Low,Yes,No,Yes,Yes,Medium,Medium,High,Frequent,Yes,No,Yes,Yes,No,No,Yes,Medium,Medium,Premium / Trusted,1050.0,6K-10K,7100,Full Payment,Medium,Yes,2,No,No,High,High,1,31.4,44.0,36.5,55.7,65.1,20.8,54.6,Low,Mid-Range,Low Value,Hard to set up for beginners and too many confusing notifications.
FT100600,25-34,Other,Working Professional,Tier 1,93400.0,50K-1L,Graduate,General Fitness,Beginner,2,Medium,4700,6.8,Poor,Medium,Average,2.2,High,No,No,No,No,Medium,Medium,Medium,Frequent,No,No,No,Yes,No,Yes,No,Medium,Medium,Budget / Value,4220.0,3K-6K,5800,Full Payment,Medium,No,4,Yes,No,Low,Medium,0,62.3,24.6,61.6,29.5,70.5,58.9,36.9,High,Mid-Range,Medium Value,"Great value for money, the app is smooth and the design looks premium."
FT100601,35-44,Male,Self-Employed,Tier 1,89300.0,50K-1L,Graduate,Weight Loss,Advanced,4,High,9500,6.0,Poor,Medium,Average,2.2,High,Yes,No,No,No,Medium,High,High,Moderate,Yes,Yes,Yes,Yes,Yes,Yes,No,Medium,High,No Preference,3910.0,6K-10K,6400,Full Payment,High,No,3,No,No,High,Medium,0,57.6,67.8,48.4,33.8,84.2,48.8,48.5,High,Mid-Range,Medium Value,Step counting is accurate and syncing with the app is fast and seamless.
FT100602,45-54,Male,Self-Employed,Tier 1,88200.0,50K-1L,Graduate,General Fitness,Intermediate,2,Medium,5500,6.7,Average,Medium,Poor,2.0,Low,No,Yes,No,No,Medium,Medium,Medium,Frequent,No,No,Yes,Yes,Yes,No,No,High,Medium,Premium / Trusted,5680.0,6K-10K,7800,Full Payment,High,Yes,2,No,No,Low,Low,1,62.9,41.9,64.3,47.2,87.7,30.0,62.4,Moderate,Mid-Range,Low Value,The battery drains too quickly and charging takes very long.
FT100603,35-44,Female,Working Professional,Tier 3,36600.0,25K-50K,Graduate,Weight Loss,Beginner,0,Low,9400,5.2,Poor,High,Average,3.1,High,Yes,No,No,No,Medium,Low,Low,Moderate,No,Yes,No,No,No,Yes,Yes,High,Low,Budget / Value,1750.0,3K-6K,3300,Full Payment,Medium,No,3,No,No,High,Medium,2,75.0,27.1,80.3,25.3,69.8,37.7,32.7,High,Budget,Low Value,The personalized health reports keep me motivated to stay consistent.
FT100604,55+,Male,Retired,Tier 2,36100.0,25K-50K,Graduate,Muscle Gain,Advanced,5,High,7600,6.0,Average,Low,Poor,1.4,Low,Yes,No,No,No,Low,High,Low,Frequent,Yes,No,Yes,No,No,Yes,No,High,High,Budget / Value,510.0,< 3K,1300,Full Payment,High,No,2,No,No,Medium,Low,0,36.9,64.5,45.5,23.7,82.7,17.5,39.2,Low,Budget,Low Value,Hard to set up for beginners and too many confusing notifications.
FT100605,35-44,Male,Working Professional,Tier 2,74000.0,50K-1L,Graduate,Better Sleep,Advanced,5,High,9200,5.9,Poor,High,Average,0.9,High,No,No,No,No,Low,Medium,Medium,Frequent,Yes,No,Yes,No,No,Yes,No,High,Low,Premium / Trusted,3240.0,6K-10K,7300,Full Payment,High,No,2,No,No,High,Low,0,77.3,65.6,64.1,14.9,79.1,22.1,36.1,High,Mid-Range,Low Value,The battery drains too quickly and charging takes very long.
FT100606,45-54,Male,Self-Employed,Tier 2,54800.0,50K-1L,Graduate,General Fitness,Intermediate,5,High,7100,6.6,Average,Low,Good,1.9,Medium,Yes,Yes,No,No,Low,Low,Low,Frequent,No,Yes,No,No,No,No,No,High,Medium,Budget / Value,790.0,3K-6K,4400,Full Payment,High,Yes,3,No,Yes,Low,Medium,0,31.7,56.8,26.5,34.4,84.9,44.1,49.3,Low,Budget,Low Value,I am worried about my health data privacy and how it is stored.
FT100607,18-24,Female,Working Professional,Tier 1,53000.0,50K-1L,High School,General Fitness,Intermediate,3,Medium,8300,6.5,Average,Low,Average,2.4,Low,Yes,No,No,No,High,High,High,Minimal,Yes,No,Yes,Yes,No,No,No,High,Medium,No Preference,740.0,3K-6K,4200,Full Payment,High,No,2,No,No,Low,Medium,2,35.3,54.6,44.2,39.2,89.7,25.9,30.6,Low,Budget,Low Value,Heart rate readings feel inaccurate during workouts and the strap is uncomfortable.
FT100608,35-44,Male,Self-Employed,Tier 1,131000.0,1L-2L,Graduate,Better Sleep,Beginner,1,Low,5100,6.3,Average,Medium,Poor,2.2,Medium,No,No,No,No,High,High,High,Minimal,No,No,Yes,Yes,Yes,Yes,Yes,High,Medium,Budget / Value,8380.0,3K-6K,5900,Full Payment,High,No,2,No,No,Medium,High,1,73.7,28.4,68.6,47.3,81.4,32.5,42.0,Moderate,Mid-Range,Low Value,Sleep tracking data seems wrong and the design feels cheap.
FT100609,25-34,Male,Working Professional,Tier 2,51000.0,50K-1L,Graduate,General Fitness,Beginner,3,Medium,4700,6.0,Poor,High,Good,2.2,High,No,Yes,No,No,High,High,Medium,Moderate,No,No,No,Yes,No,No,No,High,Low,Budget / Value,900.0,3K-6K,5800,Full Payment,Medium,Yes,4,Yes,No,High,High,3,71.5,29.2,64.1,77.6,76.9,54.2,57.4,High,Mid-Range,Medium Value,"Design is decent, battery is average, app could improve a little."
FT100610,25-34,Male,Working Professional,Tier 2,67100.0,50K-1L,Diploma,Better Sleep,Beginner,3,Medium,5900,6.0,Poor,Medium,Good,1.4,High,No,Yes,Yes,No,Medium,High,Medium,Moderate,Yes,No,Yes,No,No,Yes,Yes,Medium,Low,Premium / Trusted,2290.0,6K-10K,7600,Full Payment,Medium,No,4,Yes,No,High,Medium,0,58.0,28.8,52.1,76.7,67.6,60.4,70.0,High,Mid-Range,Medium Value,"Design is decent, battery is average, app could improve a little."
FT100611,35-44,Female,Working Professional,Tier 3,34400.0,25K-50K,Graduate,General Fitness,Intermediate,3,Medium,8900,5.4,Poor,High,Good,1.5,High,No,No,No,Yes,Medium,Medium,High,Minimal,Yes,No,No,Yes,No,No,No,Medium,Medium,No Preference,2160.0,< 3K,1500,Full Payment,High,No,2,No,Yes,High,Low,1,74.0,50.2,56.8,26.2,90.2,29.8,21.7,High,Budget,Low Value,The battery drains too quickly and charging takes very long.
FT100612,55+,Female,Retired,Tier 2,36600.0,25K-50K,Diploma,General Fitness,Beginner,0,Low,5400,7.0,Good,Low,Poor,1.9,Low,No,No,No,No,Low,Low,High,Moderate,No,Yes,No,Yes,No,Yes,No,High,Medium,Budget / Value,1410.0,< 3K,2900,Full Payment,Low,No,1,No,No,High,Low,0,39.3,27.1,50.7,0.0,48.0,5.5,23.9,Low,Budget,Low Value,The battery drains too quickly and charging takes very long.
FT100613,55+,Male,Homemaker,Tier 2,36700.0,25K-50K,Post Graduate,Weight Loss,Beginner,0,Low,800,5.6,Poor,Medium,Average,1.8,Medium,Yes,No,No,No,Medium,High,Low,Minimal,Yes,No,No,Yes,No,Yes,No,High,Medium,Premium / Trusted,1260.0,3K-6K,4400,Full Payment,Medium,No,3,No,No,High,Medium,0,67.8,10.6,71.3,27.4,74.8,40.3,26.4,High,Budget,Low Value,Sleep tracking data seems wrong and the design feels cheap.
FT100614,18-24,Male,Student,Tier 3,15700.0,< 25K,Post Graduate,Weight Loss,Advanced,4,High,6700,5.1,Poor,High,Average,3.2,Medium,No,No,Yes,No,High,Medium,High,Frequent,Yes,No,Yes,No,No,No,Yes,High,Low,Premium / Trusted,430.0,3K-6K,4800,Full Payment,Medium,No,3,No,No,High,Medium,0,70.2,51.5,67.2,59.1,79.3,48.7,51.5,High,Budget,Medium Value,"Great value for money, the app is smooth and the design looks premium."
FT100615,35-44,Female,Working Professional,Tier 1,67200.0,50K-1L,Graduate,Muscle Gain,Beginner,1,Low,7600,6.4,Average,Medium,Average,2.5,Medium,No,Yes,Yes,Yes,Medium,Medium,Medium,Moderate,Yes,No,Yes,Yes,Yes,Yes,Yes,High,High,Premium / Trusted,930.0,6K-10K,8000,Full Payment,High,No,4,Yes,Yes,Medium,Medium,1,58.8,37.1,61.9,76.8,84.4,70.8,78.6,Moderate,Mid-Range,Medium Value,"Affordable, lightweight and the companion app is very beginner friendly."
FT100616,35-44,Male,Working Professional,Tier 2,39500.0,25K-50K,Graduate,Better Sleep,Intermediate,3,Medium,6200,6.3,Average,Medium,Average,1.9,Low,No,Yes,Yes,Yes,Low,Medium,Low,Minimal,Yes,No,Yes,No,No,No,No,Medium,Medium,Budget / Value,2180.0,3K-6K,4300,Full Payment,Medium,Yes,3,Yes,Yes,Low,Low,1,52.7,50.7,48.7,58.9,70.3,53.4,48.2,Moderate,Budget,Medium Value,Customer support was slow and the device disconnects from the app often.
FT100617,25-34,Female,Working Professional,Tier 2,55500.0,50K-1L,Graduate,Weight Loss,Beginner,3,Medium,6800,6.0,Poor,Medium,Good,3.2,Medium,No,Yes,Yes,Yes,High,High,Low,Minimal,Yes,No,Yes,No,No,Yes,Yes,Low,Medium,Budget / Value,2950.0,3K-6K,4700,Full Payment,Medium,No,4,Yes,No,Medium,High,2,58.3,33.0,53.0,94.2,70.4,71.0,69.1,High,Budget,Medium Value,"Affordable, lightweight and the companion app is very beginner friendly."
FT100618,18-24,Male,Student,Tier 1,33400.0,25K-50K,Graduate,Better Sleep,Beginner,0,Low,5000,4.8,Poor,High,Poor,2.7,High,No,Yes,Yes,Yes,High,High,High,Frequent,Yes,Yes,No,No,Yes,No,Yes,Medium,High,No Preference,2220.0,6K-10K,7200,Full Payment,High,Yes,4,Yes,Yes,High,High,0,87.0,15.6,86.3,96.9,87.5,68.2,84.1,High,Mid-Range,Medium Value,"I love the sleep tracking, it is accurate and easy to understand."
FT100619,18-24,Female,Student,Tier 1,27000.0,25K-50K,Post Graduate,General Fitness,Beginner,0,Low,800,5.3,Poor,High,Good,1.2,Medium,No,Yes,No,No,High,High,Low,Moderate,Yes,Yes,Yes,No,Yes,No,No,High,Low,No Preference,1410.0,3K-6K,5900,Full Payment,Low,Yes,4,Yes,No,Low,High,3,76.3,15.0,65.6,65.7,45.8,64.8,66.1,High,Mid-Range,Medium Value,Heart rate monitoring feels reliable and the hydration reminders really help.
FT100620,35-44,Male,Homemaker,Tier 1,22900.0,< 25K,High School,General Fitness,Beginner,2,Medium,3700,5.4,Poor,High,Poor,0.5,High,No,Yes,No,No,High,High,High,Moderate,Yes,Yes,Yes,No,No,Yes,Yes,Medium,Medium,Budget / Value,880.0,< 3K,2900,Full Payment,Medium,Yes,4,Yes,No,High,Medium,1,83.4,25.1,79.0,62.3,73.2,57.0,69.2,High,Budget,Medium Value,"Great value for money, the app is smooth and the design looks premium."
FT100621,25-34,Female,Self-Employed,Tier 1,35200.0,25K-50K,High School,Better Sleep,Beginner,2,Medium,4800,7.5,Average,Medium,Poor,1.2,Medium,No,Yes,Yes,Yes,High,High,High,Frequent,No,Yes,Yes,Yes,Yes,Yes,Yes,Medium,Medium,Premium / Trusted,620.0,6K-10K,8100,EMI,Medium,Yes,4,Yes,Yes,High,High,3,58.7,34.4,60.8,80.1,73.6,62.6,86.7,Moderate,Mid-Range,Medium Value,Comfortable to wear all day and the stress tracking is genuinely useful.
FT100622,55+,Male,Working Professional,Tier 2,61000.0,50K-1L,Graduate,Better Sleep,Beginner,0,Low,5300,6.9,Good,Medium,Good,2.8,High,No,No,No,Yes,Medium,High,Low,Frequent,No,Yes,Yes,Yes,No,No,No,High,Medium,Budget / Value,3270.0,3K-6K,3800,Full Payment,Medium,No,3,No,Yes,Low,Low,1,40.0,26.1,45.4,27.1,64.6,36.6,40.3,Low,Budget,Low Value,"Reasonable device for the price, a few features could be better."
FT100623,25-34,Female,Working Professional,Tier 1,54200.0,50K-1L,Diploma,General Fitness,Intermediate,1,Low,6100,5.5,Poor,Medium,Average,3.0,Medium,Yes,No,Yes,No,Medium,High,Medium,Minimal,No,Yes,Yes,Yes,No,Yes,No,High,Medium,Budget / Value,1030.0,3K-6K,4600,Full Payment,High,Yes,2,No,Yes,Low,Low,0,67.7,29.0,70.1,48.2,88.3,30.1,38.0,High,Budget,Low Value,Heart rate readings feel inaccurate during workouts and the strap is uncomfortable.
FT100624,55+,Other,Self-Employed,Tier 2,56600.0,50K-1L,Graduate,General Fitness,Beginner,1,Low,5600,6.9,Good,Medium,Average,1.0,Low,No,No,No,No,Low,Medium,Medium,Moderate,No,No,No,No,No,Yes,Yes,Medium,Low,Premium / Trusted,1790.0,6K-10K,6600,Full Payment,Medium,No,2,No,No,Medium,Low,1,42.4,35.7,47.9,0.0,77.1,26.6,19.6,Low,Mid-Range,Low Value,"It works as expected, neither impressed nor disappointed so far."
FT100625,25-34,Female,Working Professional,Tier 1,97200.0,50K-1L,Post Graduate,Weight Loss,Beginner,3,Medium,6200,6.5,Average,Low,Average,2.8,Low,No,Yes,No,Yes,Medium,Medium,Low,Frequent,Yes,No,Yes,Yes,No,Yes,Yes,Medium,High,Budget / Value,4110.0,6K-10K,6900,Full Payment,Low,No,3,No,Yes,Low,Low,2,44.1,38.7,43.9,49.3,49.5,35.8,71.7,Low,Mid-Range,Low Value,"Too expensive for the features offered, the price could be lower."
FT100626,35-44,Male,Working Professional,Tier 1,42300.0,25K-50K,High School,General Fitness,Beginner,4,High,9600,6.3,Poor,Medium,Poor,2.8,Medium,No,No,No,No,Medium,Medium,Medium,Minimal,Yes,No,Yes,Yes,No,No,Yes,Medium,High,Premium / Trusted,2440.0,6K-10K,6300,Full Payment,Medium,No,3,No,No,Medium,Medium,1,67.3,43.0,64.2,26.5,72.5,44.6,30.4,High,Mid-Range,Low Value,"I love the sleep tracking, it is accurate and easy to understand."
FT100627,18-24,Male,Student,Tier 1,24800.0,< 25K,Graduate,Stress Management,Beginner,1,Low,4000,5.5,Poor,High,Poor,3.4,Medium,No,No,No,No,High,Medium,High,Moderate,Yes,No,No,Yes,Yes,Yes,Yes,Medium,Medium,Budget / Value,1550.0,3K-6K,4700,Full Payment,Medium,No,3,No,No,Medium,High,0,91.2,21.0,82.9,37.3,70.3,43.0,45.5,High,Budget,Low Value,"Average experience overall, nothing special but works fine."
FT100628,25-34,Female,Working Professional,Tier 1,72200.0,50K-1L,Graduate,General Fitness,Beginner,1,Low,5300,7.2,Average,High,Good,3.1,High,Yes,Yes,No,Yes,High,Medium,Medium,Frequent,Yes,Yes,No,Yes,No,Yes,Yes,Medium,Low,Budget / Value,2010.0,6K-10K,6700,Full Payment,High,Yes,3,No,No,Low,High,1,59.7,24.0,62.1,64.3,88.9,46.9,76.9,High,Mid-Range,Medium Value,"Design is decent, battery is average, app could improve a little."
FT100629,35-44,Female,Working Professional,Tier 3,39900.0,25K-50K,Post Graduate,Stress Management,Beginner,0,Low,4800,4.5,Poor,High,Poor,3.4,High,No,No,Yes,Yes,Low,Medium,Medium,Minimal,Yes,Yes,No,Yes,No,No,Yes,Low,Low,Budget / Value,600.0,< 3K,2900,Full Payment,High,No,2,No,No,Low,Medium,1,86.7,18.6,90.2,43.6,83.4,31.9,36.4,High,Budget,Low Value,"Reasonable device for the price, a few features could be better."
FT100630,45-54,Male,Working Professional,Tier 1,119500.0,1L-2L,Graduate,Weight Loss,Intermediate,4,High,10600,6.3,Poor,Medium,Good,2.7,High,No,Yes,No,No,Medium,High,High,Moderate,Yes,No,No,Yes,Yes,No,Yes,High,Medium,Budget / Value,4070.0,3K-6K,5600,Full Payment,Low,No,3,No,No,High,Low,0,51.9,52.7,48.7,48.9,42.1,49.5,60.3,High,Mid-Range,Medium Value,"Design is decent, battery is average, app could improve a little."
FT100631,35-44,Male,Homemaker,Tier 1,25900.0,25K-50K,Diploma,General Fitness,Intermediate,5,High,8600,6.8,Average,Low,Good,2.7,Low,No,No,No,No,Low,High,High,Minimal,Yes,No,Yes,Yes,No,Yes,Yes,Medium,Medium,Premium / Trusted,1310.0,6K-10K,6700,Full Payment,Medium,Yes,2,No,No,High,Medium,0,29.3,63.1,23.1,22.8,70.2,23.6,33.4,Low,Mid-Range,Low Value,Hard to set up for beginners and too many confusing notifications.
FT100632,18-24,Male,Student,Tier 1,16900.0,< 25K,Graduate,General Fitness,Advanced,7,High,10200,6.9,Average,Medium,Good,2.0,Medium,Yes,No,No,No,Medium,Medium,High,Minimal,Yes,Yes,Yes,No,No,No,Yes,High,High,Premium / Trusted,360.0,6K-10K,6300,Full Payment,Low,Yes,2,No,Yes,Low,High,2,37.8,80.6,34.3,31.5,57.1,32.2,32.2,Moderate,Mid-Range,Low Value,Customer support was slow and the device disconnects from the app often.
FT100633,25-34,Female,Working Professional,Tier 1,78000.0,50K-1L,Graduate,General Fitness,Intermediate,3,Medium,8800,6.2,Poor,High,Good,3.0,Medium,No,No,No,No,High,High,Low,Minimal,No,No,No,No,No,No,Yes,High,Low,Premium / Trusted,3130.0,6K-10K,8100,Full Payment,High,No,3,No,No,Low,Medium,0,74.8,48.5,70.8,40.8,77.0,43.9,22.6,High,Mid-Range,Low Value,"It works as expected, neither impressed nor disappointed so far."
FT100634,18-24,Female,Student,Tier 2,31600.0,25K-50K,Post Graduate,Muscle Gain,Intermediate,2,Medium,7800,6.9,Average,Medium,Average,1.2,Medium,No,Yes,No,No,Medium,High,Low,Moderate,No,Yes,No,Yes,No,Yes,No,Medium,Medium,No Preference,490.0,3K-6K,3400,Full Payment,Low,No,3,No,No,Medium,High,0,54.3,50.3,48.9,54.7,62.5,52.3,58.0,Moderate,Budget,Medium Value,"Design is decent, battery is average, app could improve a little."
FT100635,18-24,Female,Student,Tier 3,12200.0,< 25K,Graduate,Medical / Recovery,Beginner,1,Low,3300,6.0,Poor,High,Average,2.2,High,Yes,Yes,No,No,Medium,High,Medium,Moderate,Yes,Yes,No,No,No,Yes,No,Medium,High,Budget / Value,660.0,< 3K,2800,Full Payment,Medium,Yes,4,Yes,Yes,High,Medium,2,81.7,16.5,79.3,55.1,72.1,57.4,58.1,High,Budget,Medium Value,The personalized health reports keep me motivated to stay consistent.
FT100636,35-44,Female,Homemaker,Tier 1,41200.0,25K-50K,Diploma,Better Sleep,Beginner,3,Medium,4500,5.5,Poor,High,Good,2.7,Medium,Yes,No,No,No,High,High,Low,Frequent,Yes,Yes,Yes,No,No,No,No,High,Medium,Premium / Trusted,1800.0,6K-10K,6900,Full Payment,Low,Yes,3,No,No,High,Medium,0,70.5,26.9,57.0,38.6,57.8,48.2,44.4,High,Mid-Range,Medium Value,"Design is decent, battery is average, app could improve a little."
FT100637,35-44,Male,Working Professional,Tier 2,52200.0,50K-1L,Graduate,Stress Management,Intermediate,3,Medium,8700,7.1,Average,High,Average,3.4,High,No,No,No,No,High,High,Medium,Frequent,Yes,No,No,Yes,No,No,Yes,High,High,No Preference,2630.0,3K-6K,5200,Full Payment,Medium,No,2,No,No,High,Medium,1,62.9,56.3,66.0,45.1,72.3,34.0,46.6,High,Mid-Range,Low Value,Sleep tracking data seems wrong and the design feels cheap.
FT100638,35-44,Male,Homemaker,Tier 2,28800.0,25K-50K,Graduate,Weight Loss,Beginner,0,Low,800,6.9,Average,Medium,Poor,1.9,Low,Yes,No,No,No,Medium,Medium,High,Frequent,Yes,No,No,No,Yes,Yes,No,High,Medium,Budget / Value,680.0,3K-6K,4000,Full Payment,High,Yes,1,No,No,Medium,Medium,0,62.3,19.4,69.7,29.7,92.5,11.9,41.3,Moderate,Budget,Low Value,The battery drains too quickly and charging takes very long.
FT100639,45-54,Male,Self-Employed,Tier 3,33200.0,25K-50K,High School,Better Sleep,Beginner,1,Low,1200,5.7,Poor,Medium,Average,3.1,High,No,Yes,No,No,Medium,High,High,Frequent,Yes,No,Yes,Yes,Yes,Yes,Yes,Medium,Medium,Premium / Trusted,1540.0,3K-6K,5900,Full Payment,Low,Yes,3,No,No,Low,High,3,62.1,17.4,73.8,56.1,53.2,47.9,78.3,High,Mid-Range,Medium Value,"Reasonable device for the price, a few features could be better."
FT100640,35-44,Female,Working Professional,Tier 2,72400.0,50K-1L,Graduate,Better Sleep,Advanced,5,High,8200,6.7,Good,Medium,Poor,2.1,Low,No,No,No,No,Medium,Medium,Medium,Minimal,No,Yes,Yes,No,Yes,Yes,No,High,Medium,Premium / Trusted,1130.0,6K-10K,6200,Full Payment,Low,No,3,No,No,Low,Medium,3,45.2,65.3,41.5,34.4,48.1,37.3,33.2,Low,Mid-Range,Low Value,Customer support was slow and the device disconnects from the app often.
FT100641,35-44,Male,Working Professional,Tier 1,78100.0,50K-1L,Post Graduate,Better Sleep,Beginner,0,Low,3200,6.0,Poor,High,Average,3.1,High,No,Yes,No,No,High,Medium,High,Moderate,Yes,Yes,Yes,Yes,Yes,No,No,High,Medium,Budget / Value,2620.0,3K-6K,5000,Full Payment,High,No,4,Yes,No,Low,High,2,81.4,15.8,82.8,60.6,83.8,66.3,68.6,High,Mid-Range,Medium Value,Comfortable to wear all day and the stress tracking is genuinely useful.
FT100642,18-24,Male,Student,Tier 2,16400.0,< 25K,Graduate,General Fitness,Beginner,2,Medium,3300,6.7,Poor,Medium,Good,1.7,Medium,No,Yes,Yes,Yes,High,High,Medium,Frequent,Yes,No,Yes,Yes,Yes,No,No,Medium,Low,Premium / Trusted,920.0,6K-10K,6400,Full Payment,Medium,No,3,No,Yes,Medium,High,1,61.3,20.0,51.0,88.8,75.1,45.3,81.2,High,Mid-Range,Medium Value,The battery drains too quickly and charging takes very long.
FT100643,18-24,Male,Student,Tier 3,15600.0,< 25K,Diploma,Weight Loss,Advanced,6,High,10000,7.2,Good,Low,Average,2.9,Low,No,Yes,No,No,High,High,Medium,Frequent,Yes,No,Yes,No,No,No,No,Medium,Low,Budget / Value,490.0,< 3K,2500,Full Payment,Medium,No,3,No,No,Low,High,3,25.4,83.5,30.0,61.6,72.7,40.8,63.1,Low,Budget,Low Value,I am worried about my health data privacy and how it is stored.
FT100644,25-34,Male,Working Professional,Tier 2,52900.0,50K-1L,Graduate,Stress Management,Beginner,4,High,7900,6.1,Poor,High,Poor,2.2,High,No,Yes,No,No,Medium,Low,Low,Moderate,Yes,No,Yes,No,No,No,Yes,High,Low,Budget / Value,3330.0,3K-6K,3600,Full Payment,Medium,Yes,4,Yes,No,High,Medium,2,76.9,41.3,66.6,49.1,71.5,59.9,56.0,High,Budget,Medium Value,The personalized health reports keep me motivated to stay consistent.
FT100645,45-54,Female,Homemaker,Tier 3,18200.0,< 25K,Diploma,General Fitness,Beginner,0,Low,2100,6.4,Average,High,Poor,1.4,Medium,No,No,Yes,Yes,Medium,Medium,Low,Moderate,No,No,No,No,Yes,Yes,Yes,High,High,No Preference,1050.0,< 3K,2900,Full Payment,Medium,No,3,No,Yes,Medium,Low,1,76.5,16.4,81.0,49.3,74.8,47.0,41.1,High,Budget,Medium Value,"Affordable, lightweight and the companion app is very beginner friendly."
FT100646,18-24,Male,Student,Tier 3,13200.0,< 25K,Graduate,General Fitness,Beginner,2,Medium,8900,5.9,Poor,Medium,Average,2.2,Low,No,Yes,No,No,Medium,High,High,Frequent,Yes,Yes,Yes,No,No,Yes,Yes,Medium,High,No Preference,500.0,3K-6K,3100,Full Payment,High,No,3,No,No,High,Medium,1,61.5,34.7,61.7,51.7,91.4,46.5,72.5,High,Budget,Medium Value,"Average experience overall, nothing special but works fine."
FT100647,25-34,Male,Self-Employed,Tier 1,84300.0,50K-1L,Graduate,General Fitness,Beginner,3,Medium,7100,7.0,Average,High,Poor,3.4,High,No,Yes,No,No,High,High,Medium,Moderate,No,Yes,No,Yes,Yes,Yes,Yes,High,Medium,No Preference,2290.0,6K-10K,7600,Full Payment,Medium,Yes,3,Yes,Yes,High,Medium,1,67.0,40.1,72.9,63.2,63.7,53.8,69.5,High,Mid-Range,Medium Value,Step counting is accurate and syncing with the app is fast and seamless.
FT100648,35-44,Female,Working Professional,Tier 3,25700.0,25K-50K,Diploma,Muscle Gain,Advanced,6,High,11600,8.1,Good,Low,Average,1.5,Low,No,Yes,No,No,Medium,Medium,High,Frequent,No,Yes,Yes,No,No,No,No,Medium,Medium,Premium / Trusted,1100.0,3K-6K,4400,Full Payment,High,No,2,No,No,Medium,Low,0,20.7,80.7,27.1,46.9,92.7,21.2,58.0,Low,Budget,Low Value,Sleep tracking data seems wrong and the design feels cheap.
FT100649,18-24,Male,Self-Employed,Tier 2,39300.0,25K-50K,Diploma,General Fitness,Intermediate,2,Medium,2600,7.5,Good,Low,Good,1.1,Low,No,Yes,Yes,Yes,High,High,Low,Frequent,No,No,No,Yes,No,Yes,Yes,Low,Medium,Budget / Value,1680.0,3K-6K,4700,Full Payment,Low,No,4,Yes,No,Low,Medium,5,20.4,38.2,26.2,90.0,53.3,63.1,77.4,Low,Budget,Medium Value,"It works as expected, neither impressed nor disappointed so far."
FT100650,25-34,Male,Working Professional,Tier 2,62800.0,50K-1L,Post Graduate,Stress Management,Beginner,0,Low,800,5.9,Poor,High,Average,2.6,Medium,Yes,No,Yes,Yes,High,High,Low,Moderate,Yes,Yes,Yes,Yes,No,No,Yes,Medium,Medium,Premium / Trusted,2500.0,6K-10K,6900,Full Payment,High,No,4,Yes,Yes,Low,Medium,1,80.6,8.8,86.4,60.1,85.5,58.1,53.5,High,Mid-Range,Medium Value,"The watch is okay, does the basic job of counting steps."
FT100651,45-54,Male,Working Professional,Tier 2,54200.0,50K-1L,Diploma,Muscle Gain,Beginner,2,Medium,6000,6.4,Average,Medium,Average,1.0,Low,No,No,No,No,Low,High,Low,Minimal,No,Yes,Yes,No,No,Yes,No,Medium,Medium,No Preference,770.0,3K-6K,4400,Full Payment,Medium,Yes,2,No,No,High,Medium,0,54.0,39.6,57.1,11.9,65.1,31.2,21.0,Moderate,Budget,Low Value,"The watch is okay, does the basic job of counting steps."
FT100652,35-44,Female,Working Professional,Tier 3,56700.0,50K-1L,Post Graduate,General Fitness,Beginner,2,Medium,8500,6.3,Poor,Medium,Average,3.6,Medium,No,Yes,Yes,Yes,High,High,Medium,Frequent,Yes,No,No,Yes,No,No,No,High,Medium,No Preference,1460.0,3K-6K,4100,Full Payment,Low,Yes,5,Yes,No,Low,High,2,65.8,36.4,63.4,85.0,50.6,88.5,71.3,High,Budget,Medium Value,"I love the sleep tracking, it is accurate and easy to understand."
FT100653,18-24,Male,Student,Tier 2,23300.0,< 25K,Graduate,Weight Loss,Intermediate,2,Medium,3400,6.1,Poor,Medium,Poor,3.5,Medium,Yes,Yes,Yes,Yes,High,High,Medium,Frequent,Yes,No,Yes,Yes,Yes,No,Yes,Medium,Medium,No Preference,820.0,3K-6K,4800,Full Payment,Medium,Yes,5,Yes,No,Medium,High,5,66.1,29.1,71.0,86.9,74.0,81.1,84.8,High,Budget,Medium Value,Comfortable to wear all day and the stress tracking is genuinely useful.
FT100654,45-54,Female,Self-Employed,Tier 2,51100.0,50K-1L,Graduate,Medical / Recovery,Beginner,3,Medium,6600,5.4,Poor,Low,Average,3.1,Low,Yes,Yes,Yes,Yes,Low,High,Medium,Minimal,No,Yes,Yes,No,No,Yes,No,Medium,Low,Premium / Trusted,3090.0,6K-10K,8200,EMI,Low,No,4,Yes,Yes,Medium,Low,1,54.4,33.7,55.6,59.4,50.7,56.7,52.6,Moderate,Mid-Range,Medium Value,"It works as expected, neither impressed nor disappointed so far."
FT100655,25-34,Female,Working Professional,Tier 1,45100.0,25K-50K,High School,General Fitness,Beginner,1,Low,1900,7.2,Average,Medium,Average,2.3,Medium,No,Yes,No,No,Medium,High,Low,Frequent,Yes,No,Yes,Yes,No,Yes,Yes,Medium,High,Premium / Trusted,2310.0,6K-10K,8000,Full Payment,Low,No,4,Yes,Yes,Medium,Low,1,57.7,12.3,63.3,49.6,50.5,66.9,71.8,Moderate,Mid-Range,Medium Value,The battery life is excellent and lasts almost a week on a single charge.
FT100656,45-54,Female,Working Professional,Tier 2,53600.0,50K-1L,Diploma,General Fitness,Intermediate,1,Low,2800,6.8,Poor,Medium,Average,3.6,Medium,No,Yes,Yes,Yes,Medium,High,Low,Minimal,No,Yes,No,No,No,Yes,No,Medium,High,Premium / Trusted,2910.0,6K-10K,7400,Full Payment,Medium,No,5,Yes,Yes,High,High,2,71.4,23.1,69.0,72.9,72.4,73.5,53.1,High,Mid-Range,Medium Value,"Reasonable device for the price, a few features could be better."
FT100657,18-24,Male,Student,Tier 3,8000.0,< 25K,High School,General Fitness,Advanced,5,High,8800,5.5,Poor,Medium,Average,3.4,Medium,Yes,No,No,No,Medium,Medium,Low,Frequent,Yes,No,No,No,No,No,No,Medium,High,Premium / Trusted,150.0,3K-6K,4000,Full Payment,Low,No,3,No,Yes,Low,Medium,1,59.6,62.9,54.9,25.8,51.2,36.4,31.3,High,Budget,Low Value,"The watch is okay, does the basic job of counting steps."
FT100658,25-34,Female,Working Professional,Tier 2,84700.0,50K-1L,Graduate,General Fitness,Advanced,6,High,8700,6.8,Average,Medium,Average,1.9,Medium,No,Yes,No,No,High,High,Low,Frequent,Yes,Yes,Yes,No,Yes,No,No,Medium,High,Premium / Trusted,1220.0,6K-10K,7700,Full Payment,Medium,Yes,3,No,Yes,Medium,Medium,1,41.1,70.7,41.8,64.1,62.4,45.5,72.6,Moderate,Mid-Range,Medium Value,"The watch is okay, does the basic job of counting steps."
FT100659,25-34,Male,Working Professional,Tier 1,107000.0,1L-2L,Post Graduate,Muscle Gain,Intermediate,4,High,5100,6.4,Average,Medium,Poor,3.5,Medium,No,No,No,No,High,High,High,Minimal,Yes,Yes,No,No,Yes,No,No,High,Medium,Premium / Trusted,6620.0,6K-10K,6700,Full Payment,High,No,3,No,Yes,Low,High,3,53.7,47.0,54.4,50.5,80.2,48.0,34.5,Moderate,Mid-Range,Medium Value,"Design is decent, battery is average, app could improve a little."
FT100660,18-24,Male,Student,Tier 3,16400.0,< 25K,Post Graduate,Weight Loss,Intermediate,4,High,5000,6.6,Average,Low,Average,1.6,Medium,No,No,No,No,Medium,Low,Low,Frequent,Yes,No,Yes,Yes,Yes,Yes,Yes,High,Medium,Premium / Trusted,350.0,3K-6K,5300,Full Payment,Low,No,3,No,No,Low,Medium,2,38.6,40.9,34.8,29.2,53.7,38.8,53.9,Low,Mid-Range,Low Value,"It works as expected, neither impressed nor disappointed so far."
FT100661,45-54,Male,Working Professional,Tier 3,32200.0,25K-50K,High School,Better Sleep,Intermediate,5,High,5100,6.2,Poor,High,Poor,2.1,Medium,No,No,No,No,Low,Medium,Low,Minimal,No,Yes,No,No,No,No,Yes,Medium,Low,No Preference,1520.0,3K-6K,4200,Full Payment,Medium,No,3,No,No,Medium,Low,2,73.4,42.7,76.9,13.1,69.1,43.5,17.2,High,Budget,Low Value,The app keeps crashing and the notifications are unreliable.
FT100662,18-24,Male,Student,Tier 2,16100.0,< 25K,Diploma,Weight Loss,Advanced,4,High,8300,4.4,Poor,High,Average,0.9,High,No,No,Yes,Yes,Medium,Medium,High,Frequent,Yes,Yes,No,Yes,No,Yes,No,Medium,Medium,Budget / Value,840.0,< 3K,2800,Full Payment,Medium,Yes,3,No,Yes,Medium,Medium,0,67.2,53.7,70.6,55.1,71.0,49.8,54.4,High,Budget,Medium Value,The battery life is excellent and lasts almost a week on a single charge.
FT100663,18-24,Male,Student,Tier 1,12100.0,< 25K,High School,Medical / Recovery,Beginner,1,Low,5200,5.6,Poor,High,Poor,2.4,High,Yes,Yes,No,Yes,Medium,High,High,Moderate,No,No,Yes,Yes,Yes,Yes,No,Medium,High,Budget / Value,490.0,3K-6K,4000,Full Payment,Medium,No,3,No,Yes,Low,High,3,82.2,20.7,91.6,53.9,77.5,38.1,62.0,High,Budget,Low Value,The battery life is excellent and lasts almost a week on a single charge.
FT100664,25-34,Male,Homemaker,Tier 2,23500.0,< 25K,Post Graduate,Muscle Gain,Beginner,3,Medium,7400,6.4,Poor,Medium,Good,2.1,High,No,No,No,No,High,High,Medium,Moderate,No,Yes,No,Yes,No,Yes,Yes,Medium,High,Budget / Value,250.0,3K-6K,4000,Full Payment,Medium,No,3,No,No,Medium,High,1,56.3,27.5,57.3,37.9,72.3,47.1,41.4,High,Budget,Medium Value,Sleep tracking data seems wrong and the design feels cheap.
FT100665,35-44,Male,Working Professional,Tier 1,94000.0,50K-1L,Diploma,Weight Loss,Beginner,0,Low,1400,6.4,Average,Medium,Average,2.3,Medium,No,No,No,No,High,Medium,Low,Frequent,Yes,No,Yes,No,Yes,Yes,Yes,Medium,High,Premium / Trusted,2390.0,6K-10K,7900,Full Payment,Low,Yes,4,Yes,Yes,High,Medium,3,52.9,15.2,58.0,38.0,48.6,65.6,52.7,Moderate,Mid-Range,Medium Value,"It works as expected, neither impressed nor disappointed so far."
FT100666,35-44,Male,Self-Employed,Tier 1,65800.0,50K-1L,Diploma,Muscle Gain,Advanced,5,High,10300,5.7,Poor,Medium,Poor,2.2,Medium,No,Yes,No,No,High,High,Medium,Minimal,Yes,No,No,Yes,Yes,No,Yes,High,High,No Preference,4050.0,6K-10K,6500,Full Payment,Medium,No,4,Yes,No,Low,High,3,62.5,65.7,62.2,60.7,67.9,55.7,57.4,High,Mid-Range,Medium Value,"It works as expected, neither impressed nor disappointed so far."
FT100667,55+,Female,Retired,Tier 2,25800.0,25K-50K,Graduate,General Fitness,Advanced,7,High,12000,6.3,Poor,Medium,Poor,1.8,Medium,No,Yes,No,No,Low,Medium,Low,Moderate,No,Yes,No,Yes,Yes,Yes,Yes,Medium,Medium,No Preference,1030.0,3K-6K,3100,Full Payment,Medium,No,3,No,Yes,Low,Low,0,65.8,79.7,65.7,31.6,69.5,51.8,58.5,High,Budget,Medium Value,"Average experience overall, nothing special but works fine."
FT100668,18-24,Female,Student,Tier 3,16100.0,< 25K,Graduate,Medical / Recovery,Intermediate,5,High,8500,7.9,Good,Low,Good,2.3,Low,Yes,No,No,No,High,Medium,Low,Moderate,Yes,No,Yes,Yes,No,No,Yes,Medium,High,Premium / Trusted,850.0,3K-6K,4900,Full Payment,Medium,No,3,No,No,Medium,High,6,20.1,64.7,19.7,42.6,77.9,47.7,43.1,Low,Budget,Medium Value,"Average experience overall, nothing special but works fine."
FT100669,25-34,Male,Working Professional,Tier 1,62700.0,50K-1L,Diploma,Stress Management,Beginner,2,Medium,4900,6.1,Poor,High,Average,3.3,Medium,Yes,Yes,No,Yes,Medium,Medium,Medium,Minimal,Yes,No,No,Yes,No,No,Yes,Low,Medium,Premium / Trusted,1040.0,6K-10K,8000,Full Payment,Low,No,3,No,Yes,High,Low,1,69.8,29.0,74.3,51.2,47.3,36.9,49.8,High,Mid-Range,Low Value,I am worried about my health data privacy and how it is stored.
FT100670,18-24,Female,Student,Tier 3,11800.0,< 25K,Graduate,General Fitness,Advanced,6,High,8400,5.8,Poor,High,Good,1.5,High,No,No,Yes,Yes,High,Low,High,Minimal,Yes,Yes,Yes,Yes,No,Yes,No,High,Low,Budget / Value,120.0,< 3K,1200,Full Payment,Low,No,2,No,Yes,Medium,Medium,0,62.6,71.2,54.7,62.6,56.0,18.1,47.3,High,Budget,Low Value,I am worried about my health data privacy and how it is stored.
FT100671,25-34,Male,Working Professional,Tier 3,21500.0,< 25K,High School,General Fitness,Beginner,0,Low,3300,8.3,Good,Low,Good,3.0,Low,No,Yes,No,No,Low,Medium,Low,Moderate,No,Yes,No,No,Yes,Yes,No,High,Low,Premium / Trusted,850.0,3K-6K,3600,Full Payment,Medium,No,3,No,No,Medium,Medium,0,28.2,21.2,29.0,38.2,75.8,39.7,52.2,Low,Budget,Low Value,The app keeps crashing and the notifications are unreliable.
FT100672,55+,Male,Self-Employed,Tier 1,65300.0,50K-1L,High School,Medical / Recovery,Beginner,3,Medium,9200,5.6,Poor,Medium,Average,2.5,High,Yes,Yes,No,No,High,Medium,High,Moderate,No,Yes,Yes,No,No,Yes,No,High,Medium,No Preference,1510.0,6K-10K,6300,Full Payment,Low,Yes,3,No,No,Low,High,3,63.3,37.1,60.1,57.5,47.9,36.6,59.0,High,Mid-Range,Low Value,"It works as expected, neither impressed nor disappointed so far."
FT100673,35-44,Male,Working Professional,Tier 1,34800.0,25K-50K,High School,Muscle Gain,Intermediate,2,Medium,7200,6.4,Poor,High,Average,2.6,High,No,Yes,Yes,Yes,Medium,Medium,Medium,Moderate,No,Yes,No,Yes,Yes,Yes,Yes,Medium,High,No Preference,1490.0,6K-10K,7300,Full Payment,Medium,Yes,5,Yes,Yes,Low,Low,1,78.0,39.9,74.3,68.9,70.3,75.4,71.5,High,Mid-Range,Medium Value,Step counting is accurate and syncing with the app is fast and seamless.
FT100674,25-34,Male,Homemaker,Tier 2,20600.0,< 25K,Graduate,General Fitness,Intermediate,2,Medium,4700,7.3,Good,Low,Average,2.3,Low,No,Yes,No,Yes,High,Medium,Medium,Moderate,No,No,No,Yes,No,No,No,High,Medium,Premium / Trusted,510.0,3K-6K,5600,Full Payment,Medium,Yes,4,Yes,No,High,Medium,6,31.7,46.0,32.4,61.2,69.8,54.9,51.7,Low,Mid-Range,Medium Value,"Design is decent, battery is average, app could improve a little."
FT100675,25-34,Male,Working Professional,Tier 2,80500.0,50K-1L,Post Graduate,General Fitness,Advanced,6,High,10600,7.4,Average,Medium,Good,1.7,Medium,Yes,No,No,No,High,High,Low,Moderate,No,No,Yes,No,No,No,Yes,High,High,No Preference,1580.0,3K-6K,4300,Full Payment,Medium,Yes,4,Yes,Yes,Low,High,1,42.8,73.3,41.7,43.0,66.6,55.8,34.6,Moderate,Budget,Medium Value,"I love the sleep tracking, it is accurate and easy to understand."
FT100676,45-54,Male,Working Professional,Tier 1,135200.0,1L-2L,Graduate,General Fitness,Beginner,1,Low,2100,6.6,Poor,Medium,Average,2.7,Medium,No,Yes,No,No,Low,Medium,High,Minimal,Yes,No,No,No,Yes,No,Yes,High,Low,Budget / Value,1640.0,6K-10K,7500,Full Payment,Low,Yes,3,No,No,Medium,Medium,1,70.0,20.7,65.6,38.0,37.7,47.0,45.2,High,Mid-Range,Medium Value,"It works as expected, neither impressed nor disappointed so far."
FT100677,25-34,Male,Working Professional,Tier 2,74300.0,50K-1L,Graduate,Stress Management,Beginner,2,Medium,6500,6.0,Poor,High,Good,2.7,Medium,No,Yes,No,No,High,Medium,Low,Minimal,Yes,Yes,No,No,No,No,No,Low,Low,Budget / Value,2980.0,< 3K,2000,Full Payment,Medium,Yes,4,Yes,No,Medium,High,3,68.8,27.4,61.6,64.3,65.8,72.8,50.1,High,Budget,Medium Value,"Great value for money, the app is smooth and the design looks premium."
FT100678,18-24,Male,Student,Tier 2,13300.0,< 25K,Diploma,Muscle Gain,Beginner,2,Medium,3700,6.2,Poor,High,Average,1.7,Medium,No,Yes,Yes,Yes,Medium,Medium,Low,Minimal,No,Yes,No,No,No,Yes,No,Medium,Medium,Premium / Trusted,140.0,6K-10K,7300,Full Payment,Medium,No,4,Yes,No,High,Low,2,74.1,23.0,71.5,74.3,72.3,62.9,53.6,High,Mid-Range,Medium Value,"Reasonable device for the price, a few features could be better."
FT100679,25-34,Male,Self-Employed,Tier 2,84600.0,50K-1L,Graduate,Better Sleep,Beginner,4,High,8600,5.7,Poor,Medium,Good,1.2,Medium,No,Yes,No,Yes,Medium,High,Low,Moderate,Yes,Yes,Yes,No,No,No,No,High,Medium,No Preference,4010.0,3K-6K,5900,Full Payment,Medium,No,4,Yes,No,Low,Medium,0,53.9,45.7,45.4,54.2,63.4,59.6,57.8,High,Mid-Range,Medium Value,Heart rate monitoring feels reliable and the hydration reminders really help.
FT100680,18-24,Male,Student,Tier 2,17900.0,< 25K,Post Graduate,Muscle Gain,Advanced,6,High,14900,5.7,Poor,Medium,Poor,2.4,High,No,Yes,No,No,Medium,Medium,Medium,Minimal,No,Yes,No,Yes,No,Yes,Yes,High,Medium,No Preference,400.0,3K-6K,3400,Full Payment,Medium,Yes,4,Yes,No,Medium,Low,0,62.6,85.3,60.9,53.3,74.3,71.1,54.8,High,Budget,Medium Value,"Affordable, lightweight and the companion app is very beginner friendly."
FT100681,18-24,Male,Student,Tier 1,31300.0,25K-50K,Graduate,Muscle Gain,Beginner,1,Low,3100,5.8,Poor,High,Average,2.9,High,No,Yes,No,No,High,High,High,Frequent,Yes,Yes,Yes,Yes,No,Yes,No,High,High,No Preference,500.0,3K-6K,5900,Full Payment,High,Yes,3,No,No,Medium,High,1,78.7,15.0,79.3,77.7,95.5,48.5,81.6,High,Mid-Range,Medium Value,Sleep tracking data seems wrong and the design feels cheap.
FT100682,18-24,Male,Student,Tier 1,40000.0,25K-50K,Post Graduate,General Fitness,Beginner,2,Medium,10500,7.2,Good,Medium,Poor,3.1,Low,No,No,Yes,Yes,Medium,Medium,Low,Minimal,No,No,No,No,Yes,Yes,Yes,Medium,Low,Premium / Trusted,2120.0,6K-10K,7100,Full Payment,High,No,4,Yes,Yes,High,Medium,4,49.7,53.0,51.9,52.8,93.1,61.6,35.3,Low,Mid-Range,Medium Value,Step counting is accurate and syncing with the app is fast and seamless.
FT100683,25-34,Male,Working Professional,Tier 1,73100.0,50K-1L,Graduate,Stress Management,Beginner,0,Low,3900,5.8,Poor,High,Good,3.3,High,Yes,Yes,No,No,High,High,Low,Moderate,Yes,No,Yes,No,No,Yes,Yes,Medium,Medium,No Preference,4620.0,6K-10K,6100,Full Payment,High,Yes,3,No,No,High,Medium,0,77.4,15.3,67.8,64.2,78.5,43.2,65.6,High,Mid-Range,Low Value,The app keeps crashing and the notifications are unreliable.
FT100684,25-34,Male,Homemaker,Tier 3,21500.0,< 25K,Graduate,General Fitness,Intermediate,4,High,6100,6.7,Average,Low,Poor,2.6,Low,No,No,No,No,Medium,Medium,High,Frequent,Yes,No,Yes,No,Yes,No,No,Medium,Medium,Premium / Trusted,280.0,3K-6K,5000,Full Payment,Medium,No,2,No,No,Medium,Medium,2,41.2,46.5,41.0,26.0,73.0,25.7,40.0,Low,Mid-Range,Low Value,Sleep tracking data seems wrong and the design feels cheap.
FT100685,25-34,Male,Working Professional,Tier 3,31900.0,25K-50K,Diploma,Better Sleep,Advanced,5,High,7100,6.6,Poor,High,Average,2.1,Medium,No,Yes,Yes,Yes,High,High,Medium,Minimal,No,Yes,No,No,No,No,No,High,High,Premium / Trusted,2070.0,3K-6K,5900,Full Payment,Low,No,4,Yes,Yes,Medium,High,0,71.9,56.7,67.2,81.6,61.3,70.6,51.8,High,Mid-Range,Medium Value,"I love the sleep tracking, it is accurate and easy to understand."
FT100686,25-34,Male,Self-Employed,Tier 3,48700.0,25K-50K,Graduate,General Fitness,Beginner,2,Medium,9500,5.0,Poor,Medium,Poor,2.3,High,No,No,No,No,High,High,High,Moderate,Yes,Yes,Yes,Yes,No,Yes,Yes,Medium,High,Premium / Trusted,1720.0,3K-6K,5700,Full Payment,High,No,3,No,No,Low,High,1,69.9,33.6,69.5,53.0,89.4,38.8,55.3,High,Mid-Range,Low Value,The battery drains too quickly and charging takes very long.
FT100687,55+,Female,Retired,Tier 1,34900.0,25K-50K,Graduate,Stress Management,Beginner,0,Low,3900,4.9,Poor,High,Poor,1.3,High,No,Yes,No,No,Low,Medium,Medium,Minimal,Yes,No,Yes,Yes,Yes,No,Yes,Medium,High,Premium / Trusted,520.0,6K-10K,7800,Full Payment,Medium,No,4,Yes,No,Medium,Medium,3,87.8,17.6,85.3,37.2,70.0,58.9,53.4,High,Mid-Range,Medium Value,The battery life is excellent and lasts almost a week on a single charge.
FT100688,35-44,Male,Homemaker,Tier 2,33400.0,25K-50K,Post Graduate,Better Sleep,Advanced,2,Medium,4200,4.3,Poor,High,Average,1.8,High,No,No,No,No,Medium,Medium,High,Frequent,Yes,Yes,No,Yes,No,No,No,High,High,Premium / Trusted,1000.0,3K-6K,5900,Full Payment,Low,No,3,No,No,High,Medium,0,76.7,34.6,70.9,31.3,57.3,42.6,41.8,High,Mid-Range,Low Value,"The watch is okay, does the basic job of counting steps."
FT100689,25-34,Male,Working Professional,Tier 1,99300.0,50K-1L,Post Graduate,Stress Management,Intermediate,1,Low,3700,6.5,Poor,High,Good,2.3,Medium,No,Yes,No,No,High,High,Medium,Minimal,No,Yes,Yes,Yes,No,No,No,High,Low,Budget / Value,4030.0,6K-10K,6200,Full Payment,Medium,No,4,Yes,Yes,High,High,0,72.8,27.7,67.8,57.3,64.0,65.6,51.9,High,Mid-Range,Medium Value,"Great value for money, the app is smooth and the design looks premium."
FT100690,18-24,Male,Student,Tier 1,39000.0,25K-50K,Graduate,General Fitness,Beginner,4,High,8200,6.3,Average,Medium,Poor,2.1,Medium,No,Yes,Yes,Yes,High,High,Low,Minimal,No,No,Yes,No,Yes,No,Yes,High,Medium,No Preference,840.0,3K-6K,5000,Full Payment,Low,No,4,Yes,Yes,Low,High,3,55.3,48.7,58.6,92.6,56.3,66.4,64.3,Moderate,Mid-Range,Medium Value,"Design is decent, battery is average, app could improve a little."
FT100691,45-54,Other,Self-Employed,Tier 1,97300.0,50K-1L,Post Graduate,Stress Management,Beginner,0,Low,3000,6.7,Average,Medium,Good,2.4,Medium,No,No,No,No,Medium,Medium,Medium,Moderate,No,No,No,No,No,Yes,Yes,Low,High,No Preference,4890.0,3K-6K,5100,Full Payment,Medium,Yes,2,No,Yes,Low,Medium,2,50.6,20.5,53.7,26.5,63.6,25.0,28.8,Moderate,Mid-Range,Low Value,"Average experience overall, nothing special but works fine."
FT100692,18-24,Female,Student,Tier 3,24300.0,< 25K,Post Graduate,Weight Loss,Advanced,6,High,10200,6.9,Good,Low,Good,1.2,Low,No,No,Yes,Yes,High,Low,Medium,Moderate,Yes,No,Yes,No,No,No,Yes,High,High,No Preference,270.0,< 3K,1200,Full Payment,High,No,2,No,Yes,High,Medium,0,17.2,81.2,25.1,63.4,93.4,32.8,46.0,Low,Budget,Low Value,"It works as expected, neither impressed nor disappointed so far."
FT100693,25-34,Female,Working Professional,Tier 1,103500.0,1L-2L,Graduate,Weight Loss,Intermediate,2,Medium,8400,7.4,Good,Low,Good,1.4,Medium,No,Yes,No,No,High,High,Medium,Frequent,Yes,No,Yes,No,No,Yes,No,Medium,High,Budget / Value,5180.0,6K-10K,6700,Full Payment,Low,Yes,3,No,No,Low,Medium,1,23.6,50.3,25.1,57.3,41.8,44.0,65.9,Low,Mid-Range,Low Value,"Average experience overall, nothing special but works fine."
FT100694,45-54,Other,Homemaker,Tier 2,15400.0,< 25K,High School,Stress Management,Beginner,1,Low,2100,5.7,Poor,High,Average,2.9,Medium,No,No,No,No,High,High,Medium,Frequent,Yes,No,Yes,No,Yes,Yes,Yes,High,Low,Budget / Value,520.0,3K-6K,3200,Full Payment,Low,No,3,No,No,Medium,High,2,83.7,16.8,78.0,43.9,58.2,51.9,54.8,High,Budget,Medium Value,"Too expensive for the features offered, the price could be lower."
FT100695,25-34,Male,Working Professional,Tier 3,34900.0,25K-50K,High School,Stress Management,Beginner,1,Low,5300,6.6,Poor,Medium,Average,1.6,Medium,No,No,No,No,Low,Low,Low,Frequent,Yes,Yes,Yes,No,No,Yes,No,High,Medium,No Preference,2240.0,< 3K,2100,Full Payment,Low,No,2,No,No,Low,Low,0,62.7,23.5,65.9,12.1,51.9,30.8,39.4,High,Budget,Low Value,Hard to set up for beginners and too many confusing notifications.
FT100696,35-44,Female,Self-Employed,Tier 2,44000.0,25K-50K,High School,Weight Loss,Beginner,4,High,7300,7.1,Good,Low,Average,1.8,Low,No,Yes,Yes,Yes,Medium,Medium,Medium,Minimal,No,No,No,No,Yes,No,No,High,Low,No Preference,1220.0,3K-6K,4300,Full Payment,Low,No,3,No,No,High,Medium,0,19.9,50.4,26.6,73.6,51.6,47.7,49.0,Low,Budget,Medium Value,"The watch is okay, does the basic job of counting steps."
FT100697,25-34,Male,Working Professional,Tier 1,64100.0,50K-1L,High School,Medical / Recovery,Beginner,2,Medium,4300,6.3,Poor,Medium,Poor,2.4,Medium,Yes,No,No,No,High,High,Medium,Moderate,Yes,Yes,Yes,Yes,Yes,Yes,Yes,Medium,Low,Budget / Value,500.0,3K-6K,4200,Full Payment,Medium,No,3,No,Yes,High,Medium,1,73.8,32.8,68.9,40.1,71.8,38.1,55.0,High,Budget,Low Value,"Average experience overall, nothing special but works fine."
FT100698,35-44,Female,Self-Employed,Tier 3,27900.0,25K-50K,Post Graduate,General Fitness,Beginner,2,Medium,7100,7.7,Good,Low,Average,1.6,Low,No,No,Yes,Yes,Medium,High,High,Minimal,Yes,Yes,No,No,No,Yes,Yes,High,Medium,Premium / Trusted,730.0,3K-6K,5300,Full Payment,Low,No,2,No,Yes,Medium,Medium,0,30.8,39.3,29.4,45.3,54.7,23.8,37.0,Low,Mid-Range,Low Value,Heart rate readings feel inaccurate during workouts and the strap is uncomfortable.
FT100699,18-24,Male,Working Professional,Tier 2,40100.0,25K-50K,Diploma,Better Sleep,Beginner,3,Medium,3700,4.9,Poor,High,Good,3.2,High,No,Yes,No,No,High,Medium,Low,Minimal,Yes,No,Yes,No,No,Yes,Yes,Medium,High,Budget / Value,1220.0,3K-6K,4800,Full Payment,Medium,No,3,No,No,Low,Low,0,68.3,29.5,68.5,62.3,70.0,44.7,57.9,High,Budget,Low Value,"Design is decent, battery is average, app could improve a little."
FT100700,18-24,Male,Student,Tier 2,29400.0,25K-50K,Graduate,Stress Management,Beginner,1,Low,800,5.7,Poor,High,Poor,1.3,High,No,No,No,No,High,Medium,Medium,Minimal,No,Yes,No,Yes,Yes,Yes,Yes,Medium,High,No Preference,900.0,3K-6K,5400,Full Payment,Medium,No,3,No,No,Medium,High,1,88.4,14.4,87.9,40.1,66.4,51.8,39.5,High,Mid-Range,Medium Value,"Reasonable device for the price, a few features could be better."
FT100701,25-34,Female,Working Professional,Tier 2,47300.0,25K-50K,Graduate,Better Sleep,Beginner,3,Medium,6700,6.7,Average,Medium,Poor,2.3,High,No,No,Yes,Yes,High,Medium,Medium,Moderate,Yes,Yes,Yes,Yes,No,No,No,High,Medium,Premium / Trusted,2390.0,6K-10K,6800,Full Payment,Low,Yes,3,No,Yes,Low,Low,0,60.5,40.1,61.0,58.2,50.2,35.2,48.5,Moderate,Mid-Range,Low Value,"The watch is okay, does the basic job of counting steps."
FT100702,18-24,Male,Student,Tier 3,18400.0,< 25K,Graduate,Better Sleep,Beginner,3,Medium,6100,5.8,Poor,High,Average,1.7,Medium,Yes,Yes,No,No,High,High,Low,Moderate,Yes,Yes,No,Yes,No,Yes,No,Medium,High,Premium / Trusted,810.0,3K-6K,5500,Full Payment,Low,No,4,Yes,No,Low,High,2,80.3,34.3,72.7,58.8,52.5,70.9,63.7,High,Mid-Range,Medium Value,The personalized health reports keep me motivated to stay consistent.
FT100703,45-54,Other,Self-Employed,Tier 2,54600.0,50K-1L,Diploma,Medical / Recovery,Beginner,3,Medium,3900,6.0,Average,Medium,Good,2.4,Low,Yes,Yes,No,No,High,High,Medium,Frequent,Yes,No,No,Yes,Yes,Yes,No,Medium,Medium,Budget / Value,3050.0,< 3K,2100,Full Payment,High,Yes,4,Yes,No,Medium,Medium,0,44.4,35.8,45.2,60.1,88.4,59.2,71.2,Moderate,Budget,Medium Value,"It works as expected, neither impressed nor disappointed so far."
FT100704,18-24,Male,Working Professional,Tier 2,53900.0,50K-1L,Graduate,Muscle Gain,Intermediate,3,Medium,3200,6.5,Average,Low,Average,1.9,Low,No,Yes,No,No,Low,Medium,Medium,Moderate,Yes,No,Yes,No,No,No,No,Low,Low,Budget / Value,2180.0,< 3K,2700,Full Payment,Low,Yes,4,Yes,No,Low,Medium,2,43.8,39.6,35.8,35.1,49.1,58.6,46.9,Low,Budget,Medium Value,"Reasonable device for the price, a few features could be better."
FT100705,25-34,Female,Working Professional,Tier 2,39300.0,25K-50K,Graduate,Weight Loss,Beginner,1,Low,7600,7.0,Average,Medium,Good,2.3,Medium,No,Yes,Yes,Yes,High,High,High,Minimal,No,Yes,Yes,Yes,No,No,No,High,Medium,No Preference,1560.0,3K-6K,5600,Full Payment,High,No,4,Yes,No,Low,High,2,53.0,32.8,47.5,92.7,95.1,55.1,64.3,Moderate,Mid-Range,Medium Value,"Design is decent, battery is average, app could improve a little."
FT100706,35-44,Female,Working Professional,Tier 1,79100.0,50K-1L,Graduate,General Fitness,Advanced,4,High,8200,6.4,Poor,Medium,Average,3.3,Medium,No,Yes,No,No,High,High,Low,Minimal,Yes,No,No,Yes,No,No,No,High,Low,No Preference,1740.0,6K-10K,6400,Full Payment,High,Yes,5,Yes,No,Medium,High,0,55.3,56.5,60.0,77.5,87.7,92.3,54.7,High,Mid-Range,Medium Value,Step counting is accurate and syncing with the app is fast and seamless.
FT100707,35-44,Male,Working Professional,Tier 3,61000.0,50K-1L,Diploma,Stress Management,Advanced,4,High,7400,7.6,Average,Medium,Average,1.8,Low,No,No,No,No,Low,Medium,High,Moderate,Yes,Yes,Yes,Yes,No,No,Yes,High,Medium,Budget / Value,2590.0,3K-6K,3400,Full Payment,High,No,2,No,No,High,Low,2,44.3,59.1,44.4,10.5,86.2,24.3,36.1,Moderate,Budget,Low Value,Heart rate readings feel inaccurate during workouts and the strap is uncomfortable.
FT100708,25-34,Female,Working Professional,Tier 1,73400.0,50K-1L,Graduate,Weight Loss,Advanced,4,High,11400,5.6,Poor,High,Good,1.7,High,No,Yes,No,No,High,High,Low,Moderate,Yes,Yes,Yes,No,Yes,No,Yes,High,Medium,Budget / Value,3590.0,3K-6K,4000,Full Payment,Medium,No,4,Yes,Yes,High,High,1,67.6,68.3,58.7,60.8,69.8,64.6,68.7,High,Budget,Medium Value,"Great value for money, the app is smooth and the design looks premium."
FT100709,25-34,Female,Self-Employed,Tier 1,41700.0,25K-50K,High School,Better Sleep,Beginner,2,Medium,7000,6.1,Poor,Medium,Average,2.0,High,Yes,Yes,Yes,Yes,High,High,Medium,Minimal,No,Yes,No,Yes,No,No,No,High,High,Premium / Trusted,390.0,6K-10K,7500,Full Payment,High,No,5,Yes,No,Medium,High,1,67.9,34.0,63.9,92.1,95.6,86.7,59.8,High,Mid-Range,Medium Value,Heart rate monitoring feels reliable and the hydration reminders really help.
FT100710,55+,Female,Retired,Tier 1,43100.0,25K-50K,Graduate,Weight Loss,Beginner,1,Low,7300,6.8,Poor,Medium,Average,3.5,High,No,No,Yes,Yes,Medium,High,Medium,Moderate,No,No,No,Yes,No,Yes,No,Medium,Low,No Preference,430.0,3K-6K,4200,Full Payment,Low,Yes,3,No,Yes,Low,Medium,0,69.2,28.0,67.4,51.2,48.6,35.6,37.5,High,Budget,Low Value,Heart rate readings feel inaccurate during workouts and the strap is uncomfortable.
FT100711,35-44,Male,Self-Employed,Tier 1,110300.0,1L-2L,Graduate,Better Sleep,Intermediate,4,High,5300,6.4,Poor,Medium,Good,2.2,Medium,No,Yes,No,No,High,High,Low,Frequent,No,Yes,Yes,No,No,No,No,Medium,High,Premium / Trusted,2030.0,6K-10K,7600,Full Payment,Low,No,4,Yes,No,Low,High,3,55.4,40.8,43.8,70.1,42.7,66.0,66.1,High,Mid-Range,Medium Value,The personalized health reports keep me motivated to stay consistent.
FT100712,35-44,Male,Self-Employed,Tier 2,43000.0,25K-50K,Diploma,General Fitness,Beginner,2,Medium,3000,6.9,Average,Medium,Poor,3.3,Medium,No,No,Yes,Yes,Medium,High,Low,Minimal,Yes,Yes,No,No,Yes,Yes,No,Medium,Medium,Premium / Trusted,1750.0,3K-6K,5600,Full Payment,Medium,No,3,No,Yes,High,Low,2,59.8,27.1,56.2,53.5,67.7,41.0,39.9,Moderate,Mid-Range,Low Value,"Affordable, lightweight and the companion app is very beginner friendly."
FT100713,45-54,Female,Homemaker,Tier 2,26300.0,25K-50K,Post Graduate,Better Sleep,Beginner,0,Low,4100,6.1,Poor,Low,Poor,2.2,Medium,Yes,No,No,No,Low,High,Low,Frequent,Yes,Yes,No,No,Yes,No,Yes,High,Medium,No Preference,1170.0,3K-6K,5300,Full Payment,Low,No,2,No,No,Low,Low,1,64.2,14.3,63.7,5.6,54.5,20.2,37.1,Moderate,Mid-Range,Low Value,The app keeps crashing and the notifications are unreliable.
FT100714,35-44,Male,Working Professional,Tier 1,81100.0,50K-1L,High School,Medical / Recovery,Beginner,0,Low,3700,5.2,Poor,Medium,Good,3.3,High,Yes,Yes,Yes,No,High,Medium,Medium,Frequent,Yes,No,No,No,Yes,Yes,Yes,Medium,High,Premium / Trusted,2250.0,6K-10K,7600,Full Payment,High,No,5,Yes,No,Medium,Medium,3,63.9,14.8,58.9,86.2,93.7,74.5,80.3,High,Mid-Range,Medium Value,The battery life is excellent and lasts almost a week on a single charge.
FT100715,18-24,Male,Self-Employed,Tier 1,113700.0,1L-2L,Post Graduate,General Fitness,Intermediate,3,Medium,8500,6.3,Average,Medium,Average,2.6,Medium,No,Yes,No,No,High,High,Medium,Frequent,Yes,Yes,No,Yes,No,No,Yes,Medium,Medium,No Preference,2250.0,6K-10K,8300,EMI,Medium,No,4,Yes,No,High,High,3,47.5,47.4,49.2,70.4,67.2,63.3,74.8,Moderate,Mid-Range,Medium Value,"I love the sleep tracking, it is accurate and easy to understand."
FT100716,25-34,Male,Working Professional,Tier 3,44000.0,25K-50K,Post Graduate,Stress Management,Intermediate,2,Medium,2300,7.0,Average,Medium,Good,2.7,Low,Yes,Yes,No,No,High,Medium,High,Minimal,Yes,No,Yes,No,No,No,Yes,High,High,Budget / Value,670.0,3K-6K,3200,Full Payment,Low,No,4,Yes,No,Medium,High,5,44.9,31.8,40.1,65.2,49.8,55.6,54.7,Moderate,Budget,Medium Value,"Reasonable device for the price, a few features could be better."
FT100717,18-24,Female,Working Professional,Tier 3,33800.0,25K-50K,Graduate,Weight Loss,Beginner,0,Low,4300,6.0,Poor,High,Good,1.2,High,No,No,No,No,Low,Medium,Low,Minimal,Yes,Yes,Yes,Yes,Yes,Yes,Yes,High,High,Budget / Value,860.0,3K-6K,3200,Full Payment,High,No,3,No,No,High,Low,3,73.6,13.2,74.3,21.6,93.3,44.2,41.6,High,Budget,Low Value,Customer support was slow and the device disconnects from the app often.
FT100718,35-44,Male,Working Professional,Tier 2,68400.0,50K-1L,Diploma,Stress Management,Advanced,7,High,12500,6.9,Average,Medium,Average,1.0,Medium,Yes,No,No,No,Low,High,High,Moderate,Yes,No,Yes,No,No,No,Yes,High,Low,No Preference,2160.0,3K-6K,5000,Full Payment,Medium,Yes,1,No,No,Medium,Medium,3,49.1,83.5,48.9,19.7,72.5,6.4,30.8,Moderate,Mid-Range,Low Value,The battery drains too quickly and charging takes very long.
FT100719,55+,Female,Self-Employed,Tier 1,51100.0,50K-1L,High School,Better Sleep,Intermediate,1,Low,5800,6.8,Average,Medium,Average,3.2,Medium,No,No,No,No,Low,High,High,Moderate,No,Yes,No,No,No,No,No,High,Medium,No Preference,2110.0,6K-10K,6500,Full Payment,Medium,No,3,No,No,Medium,Medium,1,58.0,42.8,55.7,23.3,63.0,41.8,23.4,Moderate,Mid-Range,Low Value,"Average experience overall, nothing special but works fine."
FT100720,25-34,Other,Working Professional,Tier 1,74800.0,50K-1L,Post Graduate,General Fitness,Beginner,4,High,6700,5.9,Average,Low,Average,3.1,Low,Yes,Yes,No,No,High,High,Low,Minimal,No,No,Yes,Yes,No,Yes,No,Medium,Medium,Budget / Value,3860.0,3K-6K,5200,Full Payment,Medium,Yes,3,No,No,Medium,Medium,0,33.5,44.3,28.9,72.3,62.8,45.5,57.2,Low,Mid-Range,Medium Value,Heart rate readings feel inaccurate during workouts and the strap is uncomfortable.
FT100721,25-34,Male,Working Professional,Tier 1,58400.0,50K-1L,Graduate,Weight Loss,Beginner,2,Medium,6100,6.7,Good,Medium,Poor,4.2,Low,No,Yes,Yes,Yes,High,High,High,Moderate,No,Yes,No,Yes,Yes,Yes,Yes,High,Medium,Premium / Trusted,2460.0,6K-10K,8100,EMI,High,No,4,Yes,Yes,Low,High,3,51.5,41.1,51.7,94.6,91.7,71.5,80.5,Low,Mid-Range,Medium Value,Heart rate monitoring feels reliable and the hydration reminders really help.
FT100722,18-24,Male,Student,Tier 1,13900.0,< 25K,High School,General Fitness,Beginner,3,Medium,4900,6.3,Poor,High,Average,1.1,High,No,No,No,No,Medium,Medium,High,Moderate,Yes,Yes,Yes,Yes,Yes,Yes,No,High,Medium,No Preference,560.0,3K-6K,5100,Full Payment,Low,No,2,No,Yes,Low,Medium,0,71.1,30.1,76.5,36.3,48.5,25.9,49.4,High,Mid-Range,Low Value,I am worried about my health data privacy and how it is stored.
FT100723,55+,Female,Self-Employed,Tier 3,30000.0,25K-50K,Graduate,Weight Loss,Advanced,6,High,9100,6.2,Poor,Medium,Good,2.7,High,No,No,No,No,Low,Medium,Low,Minimal,Yes,Yes,No,Yes,Yes,No,Yes,Medium,High,No Preference,770.0,3K-6K,5200,Full Payment,Low,No,3,No,No,Low,Low,1,49.2,69.3,43.0,11.3,52.9,34.7,29.4,High,Mid-Range,Low Value,"The watch is okay, does the basic job of counting steps."
FT100724,18-24,Male,Student,Tier 2,8000.0,< 25K,High School,Better Sleep,Intermediate,4,High,5500,4.9,Poor,High,Good,1.5,High,No,Yes,Yes,Yes,High,High,Medium,Minimal,Yes,Yes,Yes,Yes,No,Yes,Yes,Medium,High,Premium / Trusted,260.0,6K-10K,7400,Full Payment,Low,Yes,4,Yes,No,Medium,High,2,67.8,42.3,53.6,100.0,58.0,66.5,79.7,High,Mid-Range,Medium Value,"It works as expected, neither impressed nor disappointed so far."
FT100725,18-24,Female,Student,Tier 1,22300.0,< 25K,Graduate,Weight Loss,Intermediate,5,High,7100,6.5,Average,Low,Good,1.7,Low,No,Yes,No,No,High,High,High,Frequent,No,No,Yes,No,No,Yes,No,Low,Medium,No Preference,870.0,3K-6K,4600,Full Payment,Medium,No,3,No,No,Medium,Medium,0,30.1,55.8,19.4,58.0,74.0,42.4,61.9,Low,Budget,Low Value,I am worried about my health data privacy and how it is stored.
FT100726,18-24,Female,Student,Tier 3,11700.0,< 25K,Graduate,Medical / Recovery,Intermediate,2,Medium,4800,7.0,Good,Low,Good,1.9,Low,Yes,No,No,No,High,High,High,Moderate,Yes,No,No,No,No,No,No,High,Medium,No Preference,430.0,3K-6K,3800,Full Payment,High,No,2,No,No,Medium,Medium,0,18.5,42.5,25.5,41.1,92.8,18.0,29.7,Low,Budget,Low Value,The app keeps crashing and the notifications are unreliable.
FT100727,18-24,Female,Student,Tier 2,11600.0,< 25K,High School,Medical / Recovery,Beginner,1,Low,3200,7.2,Average,Medium,Poor,2.6,Low,Yes,No,No,No,Medium,High,High,Minimal,Yes,No,No,Yes,Yes,Yes,Yes,High,High,Budget / Value,220.0,3K-6K,4700,Full Payment,Medium,Yes,3,No,Yes,Low,High,0,65.0,22.0,64.2,35.1,79.4,39.2,37.7,Moderate,Budget,Low Value,Hard to set up for beginners and too many confusing notifications.
FT100728,25-34,Male,Student,Tier 1,54000.0,50K-1L,Post Graduate,Better Sleep,Advanced,4,High,6000,4.6,Poor,High,Average,1.8,High,No,No,No,No,High,High,Medium,Frequent,Yes,No,Yes,Yes,No,No,Yes,High,Medium,Budget / Value,2980.0,3K-6K,4700,Full Payment,Low,Yes,3,No,No,Low,High,1,66.2,56.1,67.6,44.2,53.3,45.2,50.6,High,Budget,Medium Value,"Design is decent, battery is average, app could improve a little."
FT100729,25-34,Female,Homemaker,Tier 2,18800.0,< 25K,Diploma,Muscle Gain,Advanced,3,Medium,4000,7.1,Average,Low,Poor,2.3,Medium,No,No,Yes,No,Medium,Low,Low,Frequent,Yes,No,Yes,No,No,No,Yes,Low,High,No Preference,980.0,3K-6K,3400,Full Payment,High,Yes,2,No,No,High,Medium,0,45.5,49.8,51.9,47.9,100.0,34.1,47.6,Low,Budget,Low Value,Sleep tracking data seems wrong and the design feels cheap.
FT100730,25-34,Female,Working Professional,Tier 1,87400.0,50K-1L,Graduate,Weight Loss,Intermediate,2,Medium,8700,5.8,Poor,Medium,Average,3.0,High,No,No,Yes,Yes,Medium,Medium,Medium,Moderate,Yes,No,Yes,No,Yes,No,No,High,High,No Preference,5700.0,6K-10K,6500,Full Payment,Low,No,4,Yes,Yes,Low,Low,0,65.1,40.5,66.0,53.0,41.7,58.4,42.4,High,Mid-Range,Medium Value,Comfortable to wear all day and the stress tracking is genuinely useful.
FT100731,18-24,Male,Student,Tier 3,16700.0,< 25K,Graduate,Stress Management,Beginner,4,High,6500,6.6,Average,Medium,Good,3.2,Medium,No,No,Yes,Yes,Medium,Medium,Medium,Minimal,Yes,No,No,No,No,No,Yes,High,Medium,Budget / Value,910.0,< 3K,1200,Full Payment,Low,Yes,3,No,Yes,Low,Medium,0,40.0,47.3,40.3,51.8,52.0,48.5,30.7,Moderate,Budget,Medium Value,Hard to set up for beginners and too many confusing notifications.
FT100732,18-24,Female,Student,Tier 1,33400.0,25K-50K,Post Graduate,Stress Management,Beginner,1,Low,4700,5.6,Poor,High,Good,2.9,High,No,No,No,No,High,High,Medium,Moderate,Yes,Yes,No,Yes,No,Yes,Yes,High,High,No Preference,440.0,3K-6K,5000,Full Payment,High,Yes,4,Yes,No,Medium,High,3,75.0,25.2,66.7,38.3,90.5,65.9,45.8,High,Mid-Range,Medium Value,Heart rate monitoring feels reliable and the hydration reminders really help.
FT100733,25-34,Female,Working Professional,Tier 2,71500.0,50K-1L,Graduate,Medical / Recovery,Beginner,4,High,4200,6.3,Poor,Medium,Good,2.7,Medium,Yes,Yes,Yes,Yes,Medium,High,Medium,Moderate,No,Yes,No,Yes,No,Yes,Yes,Medium,Medium,Budget / Value,1410.0,< 3K,1800,Full Payment,Medium,No,4,Yes,Yes,Medium,High,1,49.6,31.3,46.2,73.9,72.4,56.8,69.0,High,Budget,Medium Value,"Affordable, lightweight and the companion app is very beginner friendly."
FT100734,18-24,Female,Working Professional,Tier 1,118100.0,1L-2L,Post Graduate,General Fitness,Beginner,4,High,9800,6.5,Poor,Medium,Average,2.2,High,Yes,Yes,Yes,Yes,High,High,Medium,Frequent,Yes,Yes,No,No,No,Yes,Yes,High,Medium,No Preference,1170.0,6K-10K,7700,Full Payment,Medium,No,4,Yes,No,Low,Medium,1,61.6,45.6,57.9,89.5,64.9,65.5,81.5,High,Mid-Range,Medium Value,"Affordable, lightweight and the companion app is very beginner friendly."
FT100735,35-44,Male,Working Professional,Tier 3,47300.0,25K-50K,Graduate,Weight Loss,Intermediate,7,High,11000,6.9,Average,Medium,Average,1.8,Medium,No,Yes,Yes,No,High,High,High,Minimal,Yes,No,Yes,No,No,Yes,No,High,High,Budget / Value,2320.0,3K-6K,3700,Full Payment,Low,No,4,Yes,No,Low,High,6,47.6,75.2,40.4,83.1,49.1,55.8,60.9,Moderate,Budget,Medium Value,"The watch is okay, does the basic job of counting steps."
FT100736,18-24,Male,Student,Tier 2,50200.0,50K-1L,Post Graduate,Medical / Recovery,Intermediate,6,High,8800,5.7,Poor,High,Poor,2.7,High,Yes,Yes,No,No,Medium,High,Medium,Moderate,Yes,No,No,Yes,Yes,Yes,No,High,Medium,No Preference,3050.0,3K-6K,5000,Full Payment,Low,Yes,4,Yes,Yes,Medium,High,4,74.6,57.4,72.6,54.6,46.4,53.8,62.3,High,Mid-Range,Medium Value,"Affordable, lightweight and the companion app is very beginner friendly."
FT100737,25-34,Male,Working Professional,Tier 2,64300.0,50K-1L,Diploma,Better Sleep,Advanced,7,High,9900,5.8,Poor,Low,Average,1.5,High,No,Yes,Yes,Yes,Medium,Medium,Medium,Minimal,Yes,Yes,Yes,Yes,No,Yes,No,Medium,Low,No Preference,2140.0,3K-6K,5200,Full Payment,Low,Yes,3,No,Yes,Medium,Medium,0,46.6,72.1,44.2,67.7,44.4,41.4,64.1,Moderate,Mid-Range,Low Value,Sleep tracking data seems wrong and the design feels cheap.
FT100738,25-34,Male,Working Professional,Tier 1,69500.0,50K-1L,Graduate,Weight Loss,Beginner,2,Medium,6800,6.4,Poor,High,Average,2.4,High,No,Yes,Yes,Yes,High,Medium,High,Frequent,Yes,No,No,Yes,Yes,No,Yes,Medium,Medium,No Preference,1280.0,3K-6K,5700,Full Payment,High,Yes,4,Yes,Yes,Low,High,3,74.7,29.5,71.9,80.3,93.7,55.8,78.2,High,Mid-Range,Medium Value,Comfortable to wear all day and the stress tracking is genuinely useful.
FT100739,25-34,Male,Student,Tier 3,10100.0,< 25K,High School,Stress Management,Beginner,2,Medium,800,6.8,Poor,Medium,Good,1.4,Medium,No,Yes,No,No,Low,Medium,Low,Minimal,Yes,No,No,Yes,No,No,No,High,Medium,Budget / Value,330.0,< 3K,1200,Full Payment,High,Yes,3,No,Yes,Medium,Low,0,56.1,16.5,54.9,43.7,93.3,35.2,42.9,High,Budget,Low Value,I am worried about my health data privacy and how it is stored.
FT100740,18-24,Other,Working Professional,Tier 2,64100.0,50K-1L,Post Graduate,Weight Loss,Beginner,2,Medium,3700,6.1,Poor,High,Average,2.3,High,No,No,No,No,Medium,Medium,Medium,Moderate,Yes,Yes,No,No,Yes,Yes,No,High,Low,Budget / Value,960.0,< 3K,2800,Full Payment,Medium,Yes,3,No,No,Low,High,3,76.0,32.9,70.0,25.4,68.8,47.8,37.0,High,Budget,Medium Value,"Design is decent, battery is average, app could improve a little."
FT100741,18-24,Male,Student,Tier 1,39600.0,25K-50K,Post Graduate,Muscle Gain,Advanced,5,High,8300,6.4,Poor,Low,Average,1.5,Medium,No,Yes,Yes,Yes,High,High,Medium,Moderate,Yes,Yes,Yes,Yes,No,Yes,Yes,Medium,Medium,Premium / Trusted,450.0,6K-10K,7500,Full Payment,High,Yes,5,Yes,Yes,Low,High,4,51.2,58.6,41.2,92.9,86.1,75.0,84.2,Moderate,Mid-Range,Medium Value,Comfortable to wear all day and the stress tracking is genuinely useful.
FT100742,45-54,Female,Working Professional,Tier 3,32500.0,25K-50K,Graduate,General Fitness,Intermediate,3,Medium,6100,6.9,Average,Medium,Good,2.0,Medium,No,No,No,No,Low,High,Medium,Frequent,No,No,No,No,No,No,Yes,High,Medium,Budget / Value,420.0,< 3K,2100,Full Payment,Medium,No,1,No,No,Medium,Medium,0,43.1,42.2,45.4,20.5,71.7,5.7,29.5,Moderate,Budget,Low Value,Sleep tracking data seems wrong and the design feels cheap.
FT100743,18-24,Male,Self-Employed,Tier 1,61700.0,50K-1L,Graduate,General Fitness,Beginner,2,Medium,9700,6.9,Average,High,Poor,1.8,Medium,Yes,Yes,No,Yes,High,High,High,Moderate,Yes,Yes,Yes,Yes,Yes,Yes,Yes,High,Medium,Budget / Value,800.0,6K-10K,6400,Full Payment,Medium,Yes,3,No,No,High,Medium,0,72.3,46.6,70.2,65.3,64.9,48.9,78.9,High,Mid-Range,Medium Value,"Average experience overall, nothing special but works fine."
FT100744,25-34,Male,Working Professional,Tier 1,99300.0,50K-1L,Graduate,Weight Loss,Intermediate,3,Medium,5700,5.7,Poor,High,Average,1.7,High,No,No,No,No,Low,Low,High,Moderate,No,Yes,No,Yes,Yes,No,No,Medium,Medium,No Preference,6240.0,3K-6K,5700,Full Payment,High,No,3,No,No,Medium,Low,0,78.2,40.2,78.3,23.4,83.9,35.2,32.0,High,Mid-Range,Low Value,I am worried about my health data privacy and how it is stored.
FT100745,25-34,Male,Self-Employed,Tier 2,58700.0,50K-1L,Diploma,General Fitness,Intermediate,1,Low,5900,6.4,Average,Medium,Good,2.2,High,No,No,No,No,Medium,Medium,Medium,Frequent,Yes,Yes,Yes,Yes,No,Yes,No,Medium,Low,Premium / Trusted,1410.0,3K-6K,5800,Full Payment,Low,No,3,No,No,Low,Medium,0,52.8,36.6,47.7,31.2,48.1,41.4,50.3,Moderate,Mid-Range,Low Value,"Too expensive for the features offered, the price could be lower."
FT100746,25-34,Male,Student,Tier 1,33200.0,25K-50K,Graduate,General Fitness,Beginner,2,Medium,8500,5.9,Average,Medium,Good,0.5,High,No,No,No,No,Medium,Medium,High,Moderate,Yes,Yes,Yes,Yes,Yes,Yes,Yes,High,High,Budget / Value,730.0,3K-6K,3600,Full Payment,High,Yes,2,No,No,Medium,Medium,0,48.4,43.5,43.8,26.9,87.9,25.9,50.4,Moderate,Budget,Low Value,"Too expensive for the features offered, the price could be lower."
FT100747,25-34,Female,Working Professional,Tier 2,80100.0,50K-1L,Graduate,Weight Loss,Beginner,0,Low,4200,6.1,Average,Medium,Poor,0.9,Medium,No,Yes,Yes,No,Medium,High,Medium,Moderate,Yes,No,No,No,Yes,No,Yes,Low,High,No Preference,1510.0,3K-6K,3900,Full Payment,Low,No,4,Yes,No,Medium,Medium,3,64.1,18.6,63.3,76.7,51.8,58.1,65.7,Moderate,Budget,Medium Value,"Design is decent, battery is average, app could improve a little."
FT100748,35-44,Female,Homemaker,Tier 1,39300.0,25K-50K,Graduate,General Fitness,Beginner,1,Low,2900,5.2,Poor,High,Average,2.9,High,No,Yes,No,No,Medium,Medium,Medium,Frequent,Yes,Yes,No,Yes,Yes,Yes,No,High,High,Premium / Trusted,1390.0,6K-10K,7300,Full Payment,High,No,4,Yes,No,Low,Medium,1,82.7,18.5,80.1,54.9,95.2,63.9,73.6,High,Mid-Range,Medium Value,"Great value for money, the app is smooth and the design looks premium."
FT100749,45-54,Female,Working Professional,Tier 1,59500.0,50K-1L,High School,Muscle Gain,Beginner,1,Low,1800,6.0,Poor,High,Average,2.4,High,Yes,Yes,Yes,Yes,Medium,Medium,High,Moderate,Yes,No,Yes,Yes,No,No,No,High,Low,Premium / Trusted,1380.0,6K-10K,9000,Full Payment,Low,Yes,4,Yes,No,Low,Medium,1,81.6,14.4,78.4,69.3,51.3,65.5,63.1,High,Mid-Range,Medium Value,"Reasonable device for the price, a few features could be better."
FT100750,18-24,Male,Working Professional,Tier 1,97100.0,50K-1L,Post Graduate,Stress Management,Intermediate,3,Medium,7600,5.1,Poor,High,Poor,1.7,High,No,No,No,No,High,High,Medium,Moderate,Yes,Yes,Yes,No,Yes,No,Yes,Medium,Medium,No Preference,2200.0,6K-10K,8000,Full Payment,Medium,No,2,No,No,Medium,Low,0,78.8,44.2,82.3,38.3,57.1,31.0,45.8,High,Mid-Range,Low Value,I am worried about my health data privacy and how it is stored.
FT100751,25-34,Female,Working Professional,Tier 1,69800.0,50K-1L,High School,Muscle Gain,Beginner,3,Medium,9300,6.3,Poor,Medium,Poor,3.1,High,Yes,Yes,Yes,Yes,Medium,High,Medium,Moderate,Yes,Yes,Yes,Yes,Yes,Yes,Yes,High,Low,Budget / Value,4220.0,6K-10K,6100,Full Payment,Medium,No,3,No,No,High,Medium,0,67.6,41.2,68.1,72.6,63.2,43.9,81.4,High,Mid-Range,Low Value,The battery drains too quickly and charging takes very long.
FT100752,18-24,Male,Student,Tier 3,19000.0,< 25K,Graduate,Weight Loss,Intermediate,3,Medium,7300,5.8,Average,Medium,Average,1.8,Low,Yes,No,No,No,Medium,High,High,Minimal,Yes,Yes,No,No,Yes,No,No,High,Medium,Budget / Value,840.0,< 3K,1500,Full Payment,Low,No,2,No,Yes,High,Medium,0,54.9,56.5,46.0,33.4,49.8,28.7,28.5,Moderate,Budget,Low Value,Hard to set up for beginners and too many confusing notifications.
FT100753,25-34,Female,Working Professional,Tier 2,39800.0,25K-50K,High School,Weight Loss,Intermediate,5,High,10700,5.8,Poor,High,Average,1.8,High,No,No,No,No,High,Medium,Low,Moderate,Yes,Yes,Yes,Yes,No,No,No,High,High,Budget / Value,980.0,3K-6K,3200,Full Payment,Low,Yes,4,Yes,No,High,Medium,1,68.6,58.4,68.8,39.3,59.0,54.1,41.9,High,Budget,Medium Value,Sleep tracking data seems wrong and the design feels cheap.
FT100754,35-44,Male,Working Professional,Tier 2,39300.0,25K-50K,High School,Better Sleep,Intermediate,3,Medium,11000,5.5,Poor,Medium,Average,1.7,High,No,No,No,Yes,Medium,High,High,Moderate,No,Yes,Yes,No,Yes,No,No,Medium,Low,Budget / Value,1000.0,3K-6K,3100,Full Payment,Medium,No,2,No,Yes,Low,High,3,62.7,49.5,64.2,24.9,75.1,27.1,32.6,High,Budget,Low Value,Heart rate readings feel inaccurate during workouts and the strap is uncomfortable.
FT100755,18-24,Male,Student,Tier 1,27300.0,25K-50K,High School,Better Sleep,Advanced,5,High,10000,6.3,Average,Medium,Poor,3.8,High,Yes,Yes,Yes,Yes,Medium,Medium,Medium,Minimal,Yes,Yes,Yes,No,Yes,Yes,No,High,High,No Preference,750.0,3K-6K,4600,Full Payment,Medium,Yes,5,Yes,Yes,Medium,Medium,0,55.4,72.9,56.1,74.7,77.6,80.4,66.6,Moderate,Budget,Medium Value,The battery life is excellent and lasts almost a week on a single charge.
FT100756,25-34,Male,Working Professional,Tier 2,64400.0,50K-1L,Graduate,Medical / Recovery,Beginner,2,Medium,3200,5.9,Poor,Low,Poor,2.5,Medium,Yes,No,No,No,Medium,Medium,Medium,Moderate,No,Yes,Yes,Yes,Yes,Yes,No,High,Medium,No Preference,1900.0,3K-6K,3900,Full Payment,Low,Yes,3,No,Yes,Low,Low,0,58.4,25.6,62.4,28.5,45.8,44.6,42.4,Moderate,Budget,Low Value,Hard to set up for beginners and too many confusing notifications.
FT100757,45-54,Male,Self-Employed,Tier 1,82900.0,50K-1L,Graduate,Medical / Recovery,Intermediate,2,Medium,5300,6.1,Poor,High,Good,2.5,High,Yes,No,No,No,Low,Medium,High,Moderate,Yes,Yes,Yes,No,No,No,No,Low,Medium,Budget / Value,1520.0,3K-6K,4700,Full Payment,High,No,2,No,No,Medium,Low,0,71.7,30.4,64.8,22.6,79.0,23.6,31.8,High,Budget,Low Value,"It works as expected, neither impressed nor disappointed so far."
FT100758,18-24,Male,Student,Tier 1,33100.0,25K-50K,Graduate,Muscle Gain,Beginner,2,Medium,7700,5.7,Poor,High,Poor,2.7,High,No,No,Yes,Yes,High,Medium,Medium,Minimal,Yes,Yes,No,No,Yes,Yes,Yes,Medium,Medium,No Preference,970.0,6K-10K,6600,Full Payment,Low,Yes,2,No,Yes,Medium,Medium,0,82.3,34.2,82.6,59.1,56.3,34.2,46.1,High,Mid-Range,Low Value,Customer support was slow and the device disconnects from the app often.
FT100759,25-34,Female,Working Professional,Tier 2,63100.0,50K-1L,Graduate,Better Sleep,Intermediate,4,High,7000,6.6,Average,Medium,Poor,0.8,Low,No,No,No,Yes,Medium,Medium,Low,Moderate,No,No,No,No,Yes,No,No,High,Medium,No Preference,3500.0,3K-6K,5200,Full Payment,Low,Yes,3,No,No,Low,Low,1,50.0,49.5,50.5,26.7,39.8,43.4,24.6,Moderate,Mid-Range,Low Value,"Reasonable device for the price, a few features could be better."
FT100760,35-44,Female,Homemaker,Tier 2,20700.0,< 25K,Graduate,General Fitness,Beginner,3,Medium,9000,5.0,Poor,High,Poor,1.8,High,No,Yes,No,No,Medium,High,High,Moderate,Yes,Yes,Yes,No,Yes,Yes,No,High,Medium,Budget / Value,1110.0,3K-6K,4200,Full Payment,Medium,Yes,3,No,No,High,High,4,85.7,36.3,79.5,45.8,73.2,45.5,63.5,High,Budget,Medium Value,"The watch is okay, does the basic job of counting steps."
FT100761,18-24,Female,Self-Employed,Tier 2,39700.0,25K-50K,High School,Stress Management,Beginner,0,Low,2900,6.4,Average,High,Average,2.7,Medium,No,No,No,No,High,Medium,Low,Minimal,Yes,Yes,No,Yes,No,Yes,Yes,Medium,Low,Premium / Trusted,360.0,3K-6K,5300,Full Payment,High,No,3,No,No,Medium,High,3,66.7,18.6,72.4,50.8,92.4,43.6,43.2,High,Mid-Range,Low Value,"Design is decent, battery is average, app could improve a little."
FT100762,18-24,Male,Student,Tier 3,9100.0,< 25K,High School,Medical / Recovery,Beginner,0,Low,3600,5.9,Poor,Medium,Average,2.3,High,Yes,Yes,Yes,No,Medium,High,High,Minimal,Yes,No,No,Yes,No,Yes,Yes,Medium,Medium,Premium / Trusted,510.0,6K-10K,6500,Full Payment,Medium,Yes,3,No,No,Medium,Medium,2,73.1,12.9,74.6,72.3,69.7,47.9,61.4,High,Mid-Range,Medium Value,"Design is decent, battery is average, app could improve a little."
FT100763,18-24,Female,Student,Tier 3,23400.0,< 25K,Graduate,Stress Management,Intermediate,3,Medium,5700,5.5,Poor,High,Good,4.1,High,No,Yes,Yes,Yes,Medium,Medium,High,Moderate,Yes,Yes,No,No,No,No,No,High,High,Budget / Value,740.0,3K-6K,3000,Full Payment,Medium,No,2,No,Yes,High,Low,0,71.3,35.8,65.5,64.1,78.7,33.6,57.0,High,Budget,Low Value,I am worried about my health data privacy and how it is stored.
FT100764,45-54,Male,Self-Employed,Tier 1,99100.0,50K-1L,Graduate,General Fitness,Intermediate,5,High,8800,5.0,Poor,Medium,Average,1.9,High,Yes,Yes,No,No,Low,Medium,High,Moderate,Yes,Yes,Yes,Yes,No,No,No,Medium,High,Budget / Value,4780.0,6K-10K,6100,Full Payment,Medium,No,2,No,No,Low,Low,2,56.5,52.9,44.6,28.5,63.0,31.8,53.1,High,Mid-Range,Low Value,Sleep tracking data seems wrong and the design feels cheap.
FT100765,18-24,Male,Working Professional,Tier 1,78500.0,50K-1L,Graduate,General Fitness,Intermediate,3,Medium,6700,5.2,Poor,High,Poor,3.1,High,No,Yes,No,No,High,High,Medium,Frequent,Yes,Yes,No,Yes,Yes,No,Yes,Medium,Medium,Budget / Value,2530.0,6K-10K,6500,Full Payment,Low,Yes,4,Yes,Yes,High,High,3,84.4,40.4,81.8,80.0,48.5,68.0,82.4,High,Mid-Range,Medium Value,Step counting is accurate and syncing with the app is fast and seamless.
FT100766,18-24,Male,Student,Tier 1,27800.0,25K-50K,Diploma,General Fitness,Beginner,0,Low,800,5.9,Poor,Medium,Poor,2.3,High,Yes,Yes,Yes,Yes,High,High,High,Moderate,No,Yes,No,Yes,No,Yes,Yes,Medium,High,Premium / Trusted,1520.0,3K-6K,5500,Full Payment,Medium,Yes,4,Yes,Yes,Medium,High,2,74.9,10.2,81.5,93.4,74.3,56.6,75.8,High,Mid-Range,Medium Value,Heart rate monitoring feels reliable and the hydration reminders really help.
FT100767,18-24,Male,Working Professional,Tier 3,59900.0,50K-1L,Post Graduate,General Fitness,Intermediate,1,Low,3300,6.2,Poor,High,Good,2.4,High,Yes,Yes,No,Yes,High,Medium,Medium,Frequent,Yes,Yes,No,Yes,Yes,No,Yes,Medium,Low,Budget / Value,2850.0,3K-6K,4800,Full Payment,Medium,No,4,Yes,No,Medium,High,5,72.9,22.5,70.6,58.4,69.3,54.8,74.9,High,Budget,Medium Value,"It works as expected, neither impressed nor disappointed so far."
FT100768,18-24,Female,Student,Tier 3,12800.0,< 25K,High School,Better Sleep,Intermediate,2,Medium,3000,6.9,Good,Medium,Poor,2.6,Low,Yes,Yes,No,No,High,Medium,Low,Minimal,No,Yes,No,Yes,Yes,No,No,Low,High,Premium / Trusted,560.0,3K-6K,5000,Full Payment,High,No,4,Yes,No,High,Low,5,48.8,40.5,48.5,65.5,90.8,70.4,54.8,Low,Mid-Range,Medium Value,"Reasonable device for the price, a few features could be better."
FT100769,25-34,Male,Working Professional,Tier 3,40200.0,25K-50K,Graduate,Stress Management,Beginner,0,Low,2300,5.6,Poor,High,Poor,2.1,High,No,Yes,Yes,No,Medium,High,High,Moderate,No,Yes,Yes,Yes,No,No,No,Medium,Medium,Premium / Trusted,2610.0,3K-6K,5300,Full Payment,Medium,No,4,Yes,No,High,High,3,90.5,6.3,90.6,76.7,67.5,72.6,65.7,High,Mid-Range,Medium Value,"Affordable, lightweight and the companion app is very beginner friendly."
FT100770,18-24,Male,Working Professional,Tier 1,59700.0,50K-1L,High School,Weight Loss,Beginner,3,Medium,4900,5.6,Poor,Medium,Poor,0.7,Medium,No,No,Yes,No,High,Medium,Medium,Moderate,Yes,Yes,Yes,Yes,Yes,No,Yes,High,High,Premium / Trusted,3420.0,10K-18K,10200,Full Payment,Low,No,4,Yes,No,Medium,Medium,3,71.5,30.1,69.2,63.0,50.8,54.1,58.8,High,Mid-Range,Medium Value,"Great value for money, the app is smooth and the design looks premium."
FT100771,25-34,Female,Working Professional,Tier 3,44700.0,25K-50K,Graduate,Stress Management,Beginner,3,Medium,8100,4.9,Poor,High,Good,2.6,High,No,No,No,No,Low,Medium,High,Moderate,Yes,Yes,No,Yes,Yes,No,Yes,Medium,Medium,Budget / Value,1620.0,< 3K,2900,Full Payment,Low,Yes,1,No,No,Medium,Medium,0,67.4,40.5,63.4,20.8,53.5,13.0,39.7,High,Budget,Low Value,The app keeps crashing and the notifications are unreliable.
FT100772,25-34,Male,Self-Employed,Tier 2,58600.0,50K-1L,Graduate,General Fitness,Intermediate,2,Medium,7000,6.2,Poor,High,Average,2.6,Medium,No,Yes,No,No,High,Medium,Medium,Frequent,Yes,No,Yes,No,No,No,Yes,Medium,High,Budget / Value,2770.0,3K-6K,3900,Full Payment,High,No,4,Yes,No,High,High,2,71.6,37.0,67.0,73.6,91.8,67.9,71.6,High,Budget,Medium Value,"Design is decent, battery is average, app could improve a little."
FT100773,45-54,Female,Working Professional,Tier 3,36800.0,25K-50K,Graduate,Muscle Gain,Beginner,2,Medium,6200,6.8,Average,Medium,Average,2.8,Low,No,No,No,No,Low,Medium,Low,Moderate,No,Yes,Yes,No,No,Yes,Yes,Medium,High,Premium / Trusted,1020.0,3K-6K,3700,Full Payment,High,No,3,No,No,High,Low,0,51.2,37.1,46.6,15.9,89.8,49.3,33.7,Moderate,Budget,Medium Value,I am worried about my health data privacy and how it is stored.
FT100774,18-24,Male,Student,Tier 2,15000.0,< 25K,High School,General Fitness,Beginner,2,Medium,2900,6.1,Poor,High,Poor,2.4,Medium,No,No,No,No,Medium,High,Low,Minimal,Yes,Yes,No,No,No,No,Yes,Low,High,Budget / Value,730.0,< 3K,2500,Full Payment,Medium,No,4,Yes,No,Medium,Medium,3,79.3,16.1,83.3,35.8,73.9,62.9,29.4,High,Budget,Medium Value,"Reasonable device for the price, a few features could be better."
FT100775,45-54,Female,Working Professional,Tier 1,101200.0,1L-2L,Graduate,General Fitness,Advanced,3,Medium,6100,7.0,Good,High,Good,3.1,Low,No,Yes,No,No,Medium,Medium,Medium,Moderate,Yes,No,No,Yes,No,Yes,No,High,Low,Budget / Value,1410.0,3K-6K,4600,Full Payment,Medium,No,3,No,Yes,Medium,High,2,46.8,55.5,42.0,49.2,60.3,48.6,56.1,Moderate,Budget,Medium Value,"Design is decent, battery is average, app could improve a little."
FT100776,25-34,Female,Working Professional,Tier 1,78500.0,50K-1L,High School,Stress Management,Advanced,5,High,6100,5.5,Poor,High,Poor,1.6,Medium,No,No,Yes,Yes,High,Medium,High,Minimal,No,No,No,No,No,No,No,Medium,High,Budget / Value,3340.0,3K-6K,5400,Full Payment,Medium,Yes,3,No,Yes,Medium,Medium,0,76.9,57.8,79.1,60.9,70.5,45.5,25.3,High,Mid-Range,Medium Value,"Reasonable device for the price, a few features could be better."
FT100777,18-24,Female,Student,Tier 3,14700.0,< 25K,Graduate,Stress Management,Beginner,2,Medium,4900,5.4,Poor,High,Average,3.5,High,No,Yes,No,Yes,High,High,Medium,Minimal,Yes,No,No,Yes,Yes,Yes,Yes,Medium,Medium,No Preference,850.0,< 3K,2800,Full Payment,High,No,3,No,No,High,Medium,2,77.7,28.4,78.0,60.2,89.5,43.2,61.5,High,Budget,Low Value,"Design is decent, battery is average, app could improve a little."
FT100778,35-44,Female,Working Professional,Tier 2,36500.0,25K-50K,High School,Stress Management,Advanced,5,High,9700,4.5,Poor,High,Good,1.5,High,No,Yes,No,No,Medium,High,Low,Moderate,No,Yes,Yes,Yes,No,No,No,High,Medium,Premium / Trusted,1350.0,6K-10K,6800,Full Payment,Medium,No,4,Yes,No,High,Medium,2,65.9,70.2,54.4,54.2,73.5,60.9,57.8,High,Mid-Range,Medium Value,"Average experience overall, nothing special but works fine."
FT100779,45-54,Female,Working Professional,Tier 1,69400.0,50K-1L,High School,General Fitness,Beginner,0,Low,4800,6.4,Poor,Medium,Poor,2.2,Medium,No,No,No,No,Low,Low,Low,Minimal,No,No,No,Yes,Yes,Yes,No,Medium,High,No Preference,3460.0,3K-6K,3800,Full Payment,High,No,3,No,No,Low,High,2,79.2,19.8,75.2,23.1,90.7,49.9,24.9,High,Budget,Medium Value,"Reasonable device for the price, a few features could be better."
FT100780,18-24,Female,Working Professional,Tier 1,74700.0,50K-1L,Graduate,Stress Management,Intermediate,3,Medium,7200,6.1,Poor,High,Average,2.8,High,No,Yes,No,No,High,Medium,Medium,Moderate,Yes,Yes,No,No,Yes,Yes,Yes,High,Medium,No Preference,1850.0,3K-6K,5400,Full Payment,High,Yes,4,Yes,No,Medium,Medium,1,75.5,46.6,74.1,64.2,90.1,64.2,69.9,High,Mid-Range,Medium Value,The battery life is excellent and lasts almost a week on a single charge.
FT100781,45-54,Male,Working Professional,Tier 1,74700.0,50K-1L,High School,Weight Loss,Beginner,2,Medium,7500,5.8,Poor,Medium,Average,1.9,Medium,No,Yes,No,No,Medium,High,Medium,Moderate,Yes,Yes,Yes,Yes,No,Yes,Yes,Medium,Medium,Premium / Trusted,4110.0,6K-10K,7500,Full Payment,Low,No,4,Yes,No,Medium,Medium,2,62.5,29.7,66.1,53.2,42.1,70.7,70.3,High,Mid-Range,Medium Value,Comfortable to wear all day and the stress tracking is genuinely useful.
FT100782,25-34,Male,Working Professional,Tier 3,47600.0,25K-50K,Diploma,General Fitness,Beginner,3,Medium,6800,6.7,Average,Medium,Average,2.9,Low,No,No,No,No,Medium,High,High,Frequent,No,No,No,Yes,No,Yes,No,High,High,Premium / Trusted,1580.0,6K-10K,6200,Full Payment,Medium,No,3,No,No,Low,Medium,0,53.0,41.2,52.0,26.1,63.7,37.0,35.7,Moderate,Mid-Range,Low Value,"Average experience overall, nothing special but works fine."
FT100783,25-34,Female,Self-Employed,Tier 1,134600.0,1L-2L,Post Graduate,Muscle Gain,Advanced,4,High,7000,7.4,Average,Medium,Average,2.0,Low,Yes,Yes,Yes,No,High,High,High,Moderate,No,Yes,Yes,Yes,No,Yes,Yes,Low,High,No Preference,3810.0,6K-10K,8400,Full Payment,High,No,3,No,No,Low,High,4,47.4,55.8,42.5,94.4,75.7,43.1,80.5,Moderate,Mid-Range,Low Value,Heart rate readings feel inaccurate during workouts and the strap is uncomfortable.
FT100784,55+,Male,Retired,Tier 1,73500.0,50K-1L,Post Graduate,Stress Management,Beginner,1,Low,5700,5.2,Poor,High,Average,2.4,High,No,No,No,No,Low,Medium,Medium,Moderate,Yes,Yes,No,Yes,No,Yes,Yes,High,Medium,Budget / Value,660.0,3K-6K,4000,Full Payment,Low,No,3,No,No,Medium,High,5,82.3,27.3,77.8,23.3,43.5,41.4,40.6,High,Budget,Low Value,"Reasonable device for the price, a few features could be better."
FT100785,25-34,Male,Student,Tier 3,15800.0,< 25K,Post Graduate,Better Sleep,Intermediate,3,Medium,7900,6.7,Average,Medium,Average,2.2,Medium,Yes,No,No,Yes,High,High,Medium,Moderate,Yes,Yes,No,Yes,Yes,Yes,Yes,High,Medium,Budget / Value,190.0,< 3K,1800,Full Payment,Medium,No,3,No,Yes,Low,Low,0,57.4,49.9,51.8,45.9,81.9,47.5,52.8,Moderate,Budget,Medium Value,"Too expensive for the features offered, the price could be lower."
FT100786,35-44,Male,Working Professional,Tier 2,52600.0,50K-1L,Diploma,General Fitness,Beginner,2,Medium,4300,6.9,Average,High,Average,1.8,Medium,Yes,No,No,No,Low,Medium,Low,Moderate,No,Yes,No,Yes,Yes,Yes,No,High,Medium,Budget / Value,740.0,3K-6K,4800,Full Payment,Medium,Yes,2,No,Yes,Low,Medium,1,65.6,32.6,60.4,17.8,70.8,20.5,34.4,High,Budget,Low Value,The battery drains too quickly and charging takes very long.
FT100787,25-34,Male,Working Professional,Tier 1,100200.0,1L-2L,Graduate,Better Sleep,Beginner,2,Medium,5900,6.0,Poor,High,Average,4.1,Medium,Yes,No,No,No,High,Low,Medium,Minimal,No,No,No,No,No,Yes,Yes,High,High,Budget / Value,3760.0,6K-10K,6700,Full Payment,High,Yes,3,No,No,Medium,High,3,79.2,21.9,75.7,46.7,78.2,48.1,28.9,High,Mid-Range,Medium Value,"Average experience overall, nothing special but works fine."
FT100788,35-44,Male,Homemaker,Tier 1,37600.0,25K-50K,Post Graduate,General Fitness,Advanced,6,High,9100,7.0,Average,Medium,Poor,1.6,Medium,No,Yes,No,No,Medium,High,Medium,Moderate,No,Yes,Yes,No,No,No,No,High,High,No Preference,400.0,3K-6K,4800,Full Payment,Medium,No,3,No,No,Medium,Low,1,49.8,65.9,51.2,45.7,67.0,38.5,50.6,Moderate,Budget,Low Value,"Reasonable device for the price, a few features could be better."
FT100789,25-34,Female,Working Professional,Tier 1,79500.0,50K-1L,High School,Muscle Gain,Intermediate,2,Medium,1600,4.2,Poor,High,Average,0.5,High,No,No,No,No,Medium,High,Medium,Minimal,Yes,Yes,No,Yes,No,Yes,Yes,Medium,Medium,Budget / Value,3570.0,3K-6K,5800,Full Payment,Medium,No,2,No,No,Low,High,2,72.7,31.1,73.4,34.7,72.6,30.5,37.6,High,Mid-Range,Low Value,The app keeps crashing and the notifications are unreliable.
FT100790,18-24,Female,Student,Tier 1,33900.0,25K-50K,Graduate,Better Sleep,Advanced,6,High,10400,6.8,Average,Medium,Average,1.7,Medium,No,Yes,No,No,High,High,Medium,Moderate,No,No,Yes,No,No,No,Yes,Low,Medium,Premium / Trusted,500.0,6K-10K,7900,Full Payment,Medium,No,4,Yes,No,High,Medium,1,43.8,86.9,46.8,71.4,76.6,63.4,59.6,Moderate,Mid-Range,Medium Value,The personalized health reports keep me motivated to stay consistent.
FT100791,25-34,Female,Self-Employed,Tier 1,40700.0,25K-50K,High School,Stress Management,Advanced,4,High,5100,6.9,Average,Medium,Average,2.4,High,No,No,No,No,High,High,High,Frequent,Yes,Yes,Yes,No,No,No,No,Low,Medium,Premium / Trusted,1650.0,6K-10K,8700,Full Payment,Medium,No,2,No,Yes,Medium,High,4,46.1,56.6,44.5,37.7,65.4,27.6,44.1,Moderate,Mid-Range,Low Value,"Too expensive for the features offered, the price could be lower."
FT100792,25-34,Male,Working Professional,Tier 1,176300.0,1L-2L,Post Graduate,Better Sleep,Beginner,1,Low,4700,4.9,Poor,High,Average,2.0,High,No,Yes,Yes,Yes,High,High,Medium,Moderate,Yes,Yes,Yes,Yes,Yes,Yes,Yes,High,Medium,No Preference,6950.0,6K-10K,8700,Full Payment,High,Yes,5,Yes,No,Low,High,3,80.8,26.4,78.3,100.0,77.8,100.0,91.0,High,Mid-Range,Medium Value,"Affordable, lightweight and the companion app is very beginner friendly."
FT100793,18-24,Male,Working Professional,Tier 2,66300.0,50K-1L,Graduate,Better Sleep,Beginner,4,High,4600,6.6,Average,Low,Average,3.1,Low,No,Yes,Yes,Yes,High,High,Medium,Moderate,Yes,Yes,No,Yes,Yes,Yes,No,High,Low,Budget / Value,1390.0,6K-10K,6100,Full Payment,Low,Yes,4,Yes,No,Low,High,6,35.0,38.2,33.9,84.9,47.3,58.5,77.1,Low,Mid-Range,Medium Value,The battery life is excellent and lasts almost a week on a single charge.
FT100794,18-24,Female,Working Professional,Tier 3,34900.0,25K-50K,Graduate,General Fitness,Beginner,0,Low,1700,5.9,Poor,High,Good,3.1,High,No,Yes,No,No,Medium,Medium,Medium,Minimal,Yes,Yes,No,No,No,Yes,Yes,Medium,Low,Premium / Trusted,1270.0,3K-6K,4700,Full Payment,High,No,4,Yes,Yes,High,Medium,0,80.2,5.7,68.9,49.2,89.8,65.1,53.4,High,Budget,Medium Value,Step counting is accurate and syncing with the app is fast and seamless.
FT100795,25-34,Male,Homemaker,Tier 3,14600.0,< 25K,Graduate,Medical / Recovery,Intermediate,3,Medium,5500,6.3,Poor,Medium,Average,2.3,Medium,Yes,No,No,No,Medium,Medium,Medium,Moderate,No,No,Yes,No,Yes,No,Yes,Medium,Medium,Premium / Trusted,490.0,3K-6K,4600,Full Payment,Low,No,4,Yes,No,Medium,Low,1,63.4,44.1,63.8,36.1,48.9,55.9,36.5,High,Budget,Medium Value,Comfortable to wear all day and the stress tracking is genuinely useful.
FT100796,18-24,Female,Student,Tier 1,33600.0,25K-50K,Diploma,Medical / Recovery,Beginner,0,Low,5200,7.4,Average,Low,Average,1.0,Low,Yes,Yes,No,No,High,High,Low,Frequent,Yes,No,Yes,Yes,No,Yes,Yes,Low,Medium,Budget / Value,450.0,3K-6K,4100,Full Payment,High,Yes,4,Yes,No,Medium,Low,2,46.9,24.2,47.6,61.1,89.1,55.5,75.8,Low,Budget,Medium Value,Step counting is accurate and syncing with the app is fast and seamless.
FT100797,18-24,Male,Student,Tier 1,36600.0,25K-50K,Diploma,General Fitness,Beginner,2,Medium,4200,6.7,Poor,Medium,Poor,1.3,Medium,No,Yes,Yes,Yes,High,High,High,Moderate,Yes,Yes,No,Yes,Yes,Yes,No,High,Medium,Premium / Trusted,1280.0,6K-10K,7800,Full Payment,High,Yes,4,Yes,No,High,High,2,70.9,24.2,69.5,90.7,86.2,65.8,79.2,High,Mid-Range,Medium Value,"Reasonable device for the price, a few features could be better."
FT100798,35-44,Female,Self-Employed,Tier 3,52700.0,50K-1L,Graduate,Weight Loss,Intermediate,5,High,6600,7.3,Good,Low,Good,2.3,Low,Yes,Yes,Yes,No,Low,Low,Low,Frequent,No,No,No,No,No,Yes,No,Medium,High,Budget / Value,1970.0,3K-6K,3600,Full Payment,Medium,Yes,3,Yes,No,Low,Low,3,20.9,66.6,14.5,63.5,74.4,52.5,59.5,Low,Budget,Medium Value,"Reasonable device for the price, a few features could be better."
FT100799,35-44,Male,Working Professional,Tier 2,90000.0,50K-1L,Graduate,General Fitness,Beginner,2,Medium,5900,6.0,Poor,Medium,Average,1.0,Low,No,Yes,Yes,No,Medium,High,Low,Moderate,No,No,Yes,No,No,No,No,High,Medium,Budget / Value,4330.0,3K-6K,5600,Full Payment,Low,Yes,5,Yes,No,Low,High,4,65.6,27.8,67.3,74.7,42.0,85.4,56.4,High,Mid-Range,Medium Value,The personalized health reports keep me motivated to stay consistent.
FT100800,35-44,Female,Working Professional,Tier 2,87700.0,50K-1L,Graduate,Better Sleep,Intermediate,3,Medium,5900,7.0,Poor,Low,Good,2.0,Medium,No,Yes,No,Yes,Medium,High,Medium,Minimal,Yes,No,No,Yes,Yes,No,No,High,Medium,Premium / Trusted,4860.0,6K-10K,6500,Full Payment,High,No,3,No,Yes,Medium,Medium,0,45.6,36.6,46.1,52.8,89.3,49.3,50.3,Moderate,Mid-Range,Medium Value,"Too expensive for the features offered, the price could be lower."
FT100801,25-34,Female,Working Professional,Tier 1,82900.0,50K-1L,Diploma,Medical / Recovery,Beginner,3,Medium,7700,6.4,Poor,High,Good,3.4,High,Yes,No,No,No,High,Medium,Medium,Frequent,No,Yes,No,Yes,Yes,Yes,Yes,High,Medium,No Preference,4240.0,3K-6K,5600,Full Payment,Medium,Yes,3,No,No,Low,Medium,1,72.5,33.2,60.1,41.2,64.4,38.3,53.8,High,Mid-Range,Low Value,"It works as expected, neither impressed nor disappointed so far."
FT100802,45-54,Male,Working Professional,Tier 1,99000.0,50K-1L,Graduate,Better Sleep,Beginner,2,Medium,3400,6.5,Poor,Medium,Poor,2.6,Low,No,No,No,No,High,Medium,Medium,Moderate,Yes,No,Yes,No,Yes,Yes,No,High,High,Budget / Value,3920.0,6K-10K,6400,Full Payment,High,Yes,2,No,No,Medium,High,3,72.5,23.0,71.9,38.2,75.7,29.8,41.5,High,Mid-Range,Low Value,"Design is decent, battery is average, app could improve a little."
FT100803,25-34,Female,Working Professional,Tier 2,74000.0,50K-1L,Graduate,General Fitness,Beginner,2,Medium,5600,6.2,Poor,Medium,Good,2.3,High,No,Yes,No,No,Low,Low,High,Moderate,Yes,Yes,No,Yes,No,No,No,Medium,High,Premium / Trusted,1780.0,6K-10K,7400,Full Payment,Low,No,3,No,No,Low,Low,1,60.3,30.8,52.2,40.5,45.0,47.1,53.0,High,Mid-Range,Medium Value,Heart rate monitoring feels reliable and the hydration reminders really help.
FT100804,18-24,Male,Student,Tier 2,19800.0,< 25K,Diploma,Weight Loss,Beginner,2,Medium,9600,6.8,Poor,High,Average,1.5,High,Yes,Yes,No,No,High,Medium,Low,Frequent,Yes,No,No,No,Yes,Yes,Yes,Medium,High,Premium / Trusted,710.0,6K-10K,6400,Full Payment,Medium,No,3,Yes,No,High,Medium,2,75.7,36.6,69.3,60.2,67.9,53.2,71.2,High,Mid-Range,Medium Value,"It works as expected, neither impressed nor disappointed so far."
FT100805,18-24,Female,Student,Tier 1,29400.0,25K-50K,Post Graduate,General Fitness,Intermediate,0,Low,2600,6.2,Poor,High,Average,2.4,Medium,No,Yes,No,No,Medium,Medium,Low,Frequent,No,Yes,Yes,Yes,No,No,Yes,High,Medium,Premium / Trusted,2040.0,6K-10K,8000,Full Payment,Low,Yes,5,Yes,Yes,Low,Medium,2,83.2,19.2,76.8,56.8,54.4,77.5,70.0,High,Mid-Range,Medium Value,"I love the sleep tracking, it is accurate and easy to understand."
FT100806,35-44,Female,Working Professional,Tier 3,55100.0,50K-1L,Graduate,General Fitness,Beginner,1,Low,4400,6.0,Poor,High,Average,2.1,High,Yes,No,No,No,Low,Medium,Low,Frequent,Yes,Yes,No,Yes,No,Yes,No,High,High,Premium / Trusted,3670.0,6K-10K,7200,Full Payment,Low,Yes,4,Yes,No,High,Low,1,80.5,18.7,80.6,14.1,44.9,56.9,40.1,High,Mid-Range,Medium Value,"The watch is okay, does the basic job of counting steps."
FT100807,18-24,Male,Self-Employed,Tier 2,83200.0,50K-1L,Graduate,Weight Loss,Intermediate,2,Medium,2200,6.8,Average,Low,Average,2.5,Medium,No,Yes,No,Yes,Medium,Low,Low,Moderate,Yes,Yes,Yes,No,Yes,Yes,No,High,Medium,No Preference,3760.0,6K-10K,6200,Full Payment,Medium,Yes,4,Yes,No,Medium,Medium,2,36.7,31.7,40.6,53.0,63.8,58.3,66.0,Low,Mid-Range,Medium Value,"Average experience overall, nothing special but works fine."
FT100808,25-34,Male,Working Professional,Tier 2,74200.0,50K-1L,Post Graduate,Weight Loss,Intermediate,2,Medium,3700,6.5,Average,Medium,Good,2.9,Medium,No,Yes,No,No,Medium,High,High,Moderate,Yes,Yes,Yes,No,Yes,No,Yes,High,Medium,Premium / Trusted,590.0,6K-10K,7300,Full Payment,High,No,3,No,No,Medium,Low,2,44.3,41.4,43.8,51.2,87.2,39.6,65.3,Moderate,Mid-Range,Low Value,"Reasonable device for the price, a few features could be better."
FT100809,55+,Female,Retired,Tier 1,51200.0,50K-1L,Graduate,Weight Loss,Beginner,3,Medium,7100,5.6,Poor,Low,Poor,3.0,Medium,Yes,Yes,Yes,No,Low,Medium,Medium,Moderate,Yes,Yes,No,No,Yes,Yes,Yes,Medium,High,No Preference,530.0,3K-6K,5700,Full Payment,Medium,Yes,4,Yes,No,Low,Medium,2,60.6,35.5,60.6,61.0,64.4,62.9,68.8,Moderate,Mid-Range,Medium Value,Comfortable to wear all day and the stress tracking is genuinely useful.
FT100810,18-24,Male,Student,Tier 2,28300.0,25K-50K,Post Graduate,Weight Loss,Advanced,5,High,7900,6.3,Average,Medium,Average,2.4,High,Yes,Yes,No,No,High,High,Low,Moderate,Yes,No,Yes,Yes,No,No,Yes,High,Medium,Budget / Value,1710.0,< 3K,2200,Full Payment,Medium,Yes,4,Yes,No,Medium,High,1,47.7,64.0,47.3,62.5,77.3,56.4,65.0,Moderate,Budget,Medium Value,Heart rate readings feel inaccurate during workouts and the strap is uncomfortable.
FT100811,18-24,Female,Student,Tier 2,17700.0,< 25K,Graduate,Stress Management,Advanced,7,High,11800,7.1,Average,Medium,Poor,2.7,Medium,No,Yes,No,No,High,High,Medium,Minimal,Yes,Yes,No,No,No,No,Yes,High,Medium,Budget / Value,920.0,3K-6K,3100,Full Payment,Low,Yes,3,No,Yes,Medium,High,0,51.0,89.0,60.2,64.2,54.5,51.2,54.3,Moderate,Budget,Medium Value,"The watch is okay, does the basic job of counting steps."
FT100812,55+,Female,Working Professional,Tier 1,65600.0,50K-1L,Graduate,General Fitness,Beginner,0,Low,3800,6.4,Poor,Medium,Poor,1.9,High,Yes,Yes,No,No,Low,Medium,High,Frequent,Yes,Yes,No,No,Yes,Yes,No,Medium,Low,Budget / Value,2480.0,3K-6K,4900,Full Payment,High,No,3,No,No,Medium,Medium,1,80.4,14.5,76.5,39.7,87.2,43.2,64.0,High,Budget,Low Value,Customer support was slow and the device disconnects from the app often.
FT100813,25-34,Female,Student,Tier 2,21900.0,< 25K,Diploma,General Fitness,Advanced,4,High,5000,6.5,Good,Medium,Average,2.3,Low,No,Yes,Yes,Yes,High,High,High,Minimal,No,Yes,Yes,Yes,No,Yes,Yes,Medium,High,Premium / Trusted,590.0,3K-6K,5700,Full Payment,Medium,No,3,No,Yes,Low,Medium,1,32.6,60.0,34.5,90.1,66.5,52.4,72.0,Low,Mid-Range,Medium Value,"It works as expected, neither impressed nor disappointed so far."
FT100814,18-24,Male,Student,Tier 2,11600.0,< 25K,High School,Muscle Gain,Beginner,2,Medium,7000,5.7,Poor,Medium,Good,1.6,High,No,Yes,No,No,Medium,High,Medium,Frequent,Yes,Yes,Yes,Yes,No,Yes,Yes,Low,Low,No Preference,200.0,3K-6K,4200,Full Payment,Medium,No,4,Yes,No,Medium,Medium,1,58.2,30.6,54.3,55.9,71.6,54.5,78.3,High,Budget,Medium Value,"Average experience overall, nothing special but works fine."
FT100815,45-54,Female,Working Professional,Tier 3,46100.0,25K-50K,Graduate,Medical / Recovery,Intermediate,3,Medium,4100,6.5,Poor,Medium,Good,2.1,High,Yes,No,No,No,Low,Medium,Medium,Minimal,Yes,No,Yes,No,No,No,Yes,High,Low,Premium / Trusted,1680.0,3K-6K,4700,Full Payment,High,No,3,No,Yes,High,Low,1,56.5,31.0,56.1,2.5,87.9,35.2,17.7,High,Budget,Low Value,The battery drains too quickly and charging takes very long.
FT100816,45-54,Female,Working Professional,Tier 1,48900.0,25K-50K,High School,Stress Management,Beginner,2,Medium,3800,5.3,Poor,High,Average,3.3,Medium,No,Yes,No,No,Medium,Medium,Low,Minimal,No,No,No,No,No,No,No,High,Medium,No Preference,2320.0,3K-6K,5200,Full Payment,Low,No,4,Yes,No,Low,Low,1,76.2,22.7,75.3,44.8,45.3,59.5,34.7,High,Mid-Range,Medium Value,"It works as expected, neither impressed nor disappointed so far."
FT100817,25-34,Male,Working Professional,Tier 3,39400.0,25K-50K,High School,Muscle Gain,Intermediate,3,Medium,6700,7.1,Good,Medium,Average,1.9,Medium,No,Yes,Yes,Yes,Medium,Low,High,Minimal,No,Yes,Yes,Yes,No,Yes,No,High,Medium,Budget / Value,500.0,3K-6K,4200,Full Payment,Medium,Yes,2,No,Yes,High,High,2,37.4,53.8,39.8,72.3,74.0,33.2,61.4,Low,Budget,Low Value,The app keeps crashing and the notifications are unreliable.
FT100818,25-34,Male,Working Professional,Tier 2,80100.0,50K-1L,Graduate,Stress Management,Intermediate,3,Medium,9100,5.5,Poor,Medium,Good,1.2,High,No,No,No,No,Low,Low,High,Moderate,Yes,Yes,Yes,No,No,No,No,Low,High,Premium / Trusted,1410.0,6K-10K,6700,Full Payment,High,No,2,No,No,High,Low,0,52.7,46.3,61.3,7.4,85.3,25.0,26.4,High,Mid-Range,Low Value,Customer support was slow and the device disconnects from the app often.
FT100819,18-24,Male,Student,Tier 1,27600.0,25K-50K,Graduate,Stress Management,Advanced,5,High,6700,5.3,Poor,High,Average,2.0,High,No,Yes,No,No,High,High,Medium,Minimal,Yes,Yes,No,Yes,Yes,No,Yes,Medium,Low,Premium / Trusted,780.0,6K-10K,7900,Full Payment,Low,No,4,Yes,No,High,High,6,68.2,60.5,61.5,74.0,49.1,67.2,66.3,High,Mid-Range,Medium Value,"I love the sleep tracking, it is accurate and easy to understand."
FT100820,18-24,Male,Student,Tier 1,13600.0,< 25K,High School,Stress Management,Advanced,5,High,8800,5.7,Poor,Medium,Average,3.4,High,Yes,No,No,Yes,High,Medium,Medium,Minimal,Yes,Yes,No,Yes,Yes,No,No,Low,High,Budget / Value,800.0,3K-6K,5000,Full Payment,Medium,No,3,No,Yes,Medium,Medium,0,60.1,59.4,57.2,42.0,72.0,42.2,35.8,High,Mid-Range,Low Value,"The watch is okay, does the basic job of counting steps."
FT100821,25-34,Female,Working Professional,Tier 1,83600.0,50K-1L,Graduate,General Fitness,Beginner,2,Medium,5500,6.9,Average,High,Good,0.5,Medium,Yes,No,Yes,Yes,Medium,Medium,Medium,Moderate,Yes,No,No,No,No,Yes,No,High,Medium,Premium / Trusted,3990.0,6K-10K,7300,Full Payment,High,No,3,No,Yes,Low,Medium,1,58.2,34.7,56.8,50.1,84.9,38.4,37.1,High,Mid-Range,Low Value,Heart rate monitoring feels reliable and the hydration reminders really help.
FT100822,18-24,Male,Student,Tier 1,40800.0,25K-50K,Post Graduate,Muscle Gain,Intermediate,5,High,9700,6.1,Poor,Medium,Good,2.4,Medium,No,No,Yes,Yes,Medium,Low,Medium,Moderate,Yes,Yes,Yes,Yes,No,Yes,Yes,Medium,Medium,No Preference,2310.0,3K-6K,4900,Full Payment,Low,No,3,No,Yes,Low,High,4,48.0,56.0,42.8,54.7,59.0,46.4,55.9,High,Budget,Medium Value,"Reasonable device for the price, a few features could be better."
FT100823,35-44,Female,Working Professional,Tier 2,67800.0,50K-1L,Graduate,General Fitness,Beginner,1,Low,6200,5.8,Poor,Medium,Good,1.8,Medium,No,No,Yes,Yes,High,High,Medium,Minimal,Yes,No,Yes,No,Yes,Yes,Yes,High,High,No Preference,1900.0,3K-6K,4800,Full Payment,Medium,No,4,Yes,Yes,High,Medium,2,66.2,28.0,61.8,57.5,68.8,64.2,45.6,High,Budget,Medium Value,Heart rate monitoring feels reliable and the hydration reminders really help.
FT100824,35-44,Male,Working Professional,Tier 2,80300.0,50K-1L,Post Graduate,General Fitness,Beginner,1,Low,3400,4.9,Poor,Medium,Average,2.2,Medium,No,Yes,No,Yes,High,High,High,Moderate,Yes,No,Yes,No,Yes,Yes,Yes,High,High,Premium / Trusted,1330.0,6K-10K,8000,Full Payment,Medium,Yes,3,No,No,Medium,Medium,1,70.0,23.3,63.3,58.8,62.6,50.4,68.0,High,Mid-Range,Medium Value,"It works as expected, neither impressed nor disappointed so far."
FT100825,18-24,Male,Student,Tier 1,30900.0,25K-50K,Graduate,General Fitness,Beginner,1,Low,5900,4.8,Poor,High,Average,2.0,High,No,Yes,No,No,High,Medium,High,Minimal,Yes,Yes,Yes,Yes,No,Yes,Yes,Medium,High,Premium / Trusted,1860.0,6K-10K,8000,Full Payment,Low,No,4,Yes,No,Low,High,3,83.5,28.2,76.5,57.3,49.5,53.9,64.8,High,Mid-Range,Medium Value,The battery life is excellent and lasts almost a week on a single charge.
FT100826,25-34,Male,Working Professional,Tier 3,43900.0,25K-50K,Diploma,General Fitness,Advanced,7,High,13100,6.4,Poor,Medium,Average,3.1,Medium,Yes,Yes,No,No,Low,Medium,High,Frequent,Yes,Yes,No,No,Yes,No,Yes,Medium,Low,No Preference,1360.0,6K-10K,6600,Full Payment,Low,Yes,3,No,No,High,Medium,0,57.1,81.2,54.3,39.8,49.0,38.4,64.1,High,Mid-Range,Low Value,"The watch is okay, does the basic job of counting steps."
FT100827,18-24,Female,Student,Tier 1,29000.0,25K-50K,Graduate,General Fitness,Intermediate,4,High,10600,6.4,Poor,Medium,Average,2.3,High,No,Yes,No,No,High,High,Medium,Frequent,Yes,Yes,No,No,No,No,Yes,Medium,Medium,No Preference,1130.0,3K-6K,4000,Full Payment,High,No,3,No,No,Medium,High,3,52.7,55.2,54.9,64.3,93.1,42.5,68.4,High,Budget,Low Value,"Average experience overall, nothing special but works fine."
FT100828,45-54,Female,Working Professional,Tier 2,87500.0,50K-1L,Post Graduate,Muscle Gain,Beginner,0,Low,3900,6.1,Poor,Medium,Average,3.1,Medium,No,No,No,No,Medium,High,Medium,Moderate,Yes,No,Yes,No,No,No,No,Medium,High,Budget / Value,4490.0,3K-6K,5000,Full Payment,Low,No,3,No,No,Low,Medium,1,73.8,15.2,72.2,27.8,47.3,46.8,29.3,High,Mid-Range,Medium Value,"Too expensive for the features offered, the price could be lower."
FT100829,18-24,Male,Student,Tier 3,11500.0,< 25K,Graduate,General Fitness,Advanced,2,Medium,5500,5.5,Poor,High,Poor,3.3,High,No,Yes,Yes,No,High,High,Medium,Minimal,Yes,Yes,Yes,Yes,Yes,Yes,No,High,Low,No Preference,540.0,< 3K,2900,Full Payment,High,Yes,5,Yes,Yes,Medium,Medium,1,82.1,38.6,78.7,80.1,94.7,75.7,72.7,High,Budget,Medium Value,"I love the sleep tracking, it is accurate and easy to understand."
FT100830,25-34,Female,Self-Employed,Tier 3,93700.0,50K-1L,Post Graduate,Weight Loss,Intermediate,2,Medium,4300,7.8,Good,Medium,Poor,2.3,Medium,No,No,No,Yes,Medium,High,Low,Minimal,No,No,Yes,No,Yes,No,No,High,High,Budget / Value,4840.0,3K-6K,3900,Full Payment,High,No,2,No,No,High,Low,0,51.2,46.0,52.6,27.8,83.2,24.3,22.3,Low,Budget,Low Value,Customer support was slow and the device disconnects from the app often.
FT100831,25-34,Male,Student,Tier 2,23400.0,< 25K,Post Graduate,General Fitness,Beginner,2,Medium,2600,8.5,Good,Low,Average,2.0,Low,No,No,No,No,Medium,Medium,Medium,Moderate,No,Yes,Yes,No,No,Yes,No,Medium,Medium,Budget / Value,350.0,3K-6K,4000,Full Payment,Low,No,3,No,Yes,Low,High,4,28.1,26.0,35.0,34.7,46.7,39.1,36.0,Low,Budget,Low Value,Sleep tracking data seems wrong and the design feels cheap.
FT100832,25-34,Male,Working Professional,Tier 2,53900.0,50K-1L,Diploma,General Fitness,Beginner,1,Low,3600,7.0,Average,Medium,Poor,2.6,Medium,No,No,No,No,Medium,High,Low,Minimal,No,Yes,Yes,Yes,Yes,Yes,No,Medium,Medium,No Preference,640.0,3K-6K,5000,Full Payment,Low,Yes,3,Yes,No,Low,Low,0,64.6,23.9,67.1,36.6,51.7,53.6,38.2,Moderate,Mid-Range,Medium Value,"The watch is okay, does the basic job of counting steps."
FT100833,35-44,Male,Working Professional,Tier 1,83100.0,50K-1L,Diploma,Stress Management,Intermediate,4,High,7600,6.5,Poor,High,Average,2.8,High,Yes,Yes,No,No,High,High,Medium,Moderate,Yes,Yes,No,Yes,No,No,Yes,Medium,Medium,Budget / Value,2220.0,6K-10K,6000,Full Payment,High,No,4,Yes,Yes,High,High,3,65.1,53.2,65.0,63.2,81.6,61.3,65.3,High,Mid-Range,Medium Value,The battery drains too quickly and charging takes very long.
FT100834,35-44,Other,Self-Employed,Tier 1,73400.0,50K-1L,Graduate,General Fitness,Intermediate,3,Medium,6100,7.8,Average,Low,Poor,1.4,Low,No,No,Yes,Yes,High,High,Low,Minimal,Yes,Yes,Yes,No,Yes,Yes,No,Medium,Medium,No Preference,2570.0,3K-6K,5800,Full Payment,Medium,Yes,3,No,No,Medium,Low,2,44.3,41.6,45.4,66.3,68.7,45.0,48.6,Low,Mid-Range,Medium Value,I am worried about my health data privacy and how it is stored.
FT100835,25-34,Female,Working Professional,Tier 2,40500.0,25K-50K,High School,Weight Loss,Beginner,3,Medium,7400,7.6,Good,Medium,Poor,2.5,Low,No,Yes,No,No,High,High,Medium,Moderate,Yes,No,No,No,Yes,No,Yes,Medium,High,Premium / Trusted,1990.0,6K-10K,8100,EMI,Medium,No,3,No,No,High,High,0,52.6,49.3,46.6,70.5,65.3,52.4,63.5,Low,Mid-Range,Medium Value,"It works as expected, neither impressed nor disappointed so far."
FT100836,35-44,Female,Working Professional,Tier 1,91000.0,50K-1L,Graduate,Weight Loss,Beginner,2,Medium,2600,5.9,Poor,Medium,Good,2.1,High,No,No,No,No,High,Medium,High,Moderate,Yes,No,Yes,Yes,No,No,No,Medium,Medium,No Preference,4810.0,6K-10K,6000,Full Payment,Medium,No,3,No,No,Medium,High,1,60.3,23.4,51.5,46.4,64.5,46.7,40.1,High,Mid-Range,Medium Value,"Reasonable device for the price, a few features could be better."
FT100837,55+,Male,Retired,Tier 1,53200.0,50K-1L,Post Graduate,General Fitness,Beginner,2,Medium,4900,5.9,Poor,Medium,Average,2.0,High,No,Yes,No,No,High,High,Low,Minimal,Yes,Yes,Yes,No,No,Yes,No,Low,Medium,Premium / Trusted,2170.0,3K-6K,4600,Full Payment,High,No,4,Yes,No,High,Medium,3,67.3,24.7,65.7,59.5,91.1,54.2,57.0,High,Budget,Medium Value,"Design is decent, battery is average, app could improve a little."
FT100838,25-34,Male,Working Professional,Tier 1,101700.0,1L-2L,Graduate,Weight Loss,Beginner,3,Medium,9900,6.7,Average,High,Good,1.7,High,No,Yes,Yes,No,High,High,Low,Minimal,Yes,Yes,Yes,Yes,Yes,No,Yes,Medium,High,No Preference,5240.0,6K-10K,6300,Full Payment,High,Yes,4,Yes,No,Medium,Medium,2,59.1,45.3,58.7,89.9,90.6,72.7,76.2,High,Mid-Range,Medium Value,"Affordable, lightweight and the companion app is very beginner friendly."
FT100839,25-34,Female,Working Professional,Tier 3,24000.0,< 25K,Diploma,General Fitness,Beginner,0,Low,4800,6.2,Average,Low,Poor,1.8,Low,No,Yes,No,No,Medium,Low,Medium,Moderate,Yes,No,Yes,No,Yes,No,No,Medium,High,No Preference,930.0,3K-6K,5200,Full Payment,Medium,No,3,No,No,Medium,Low,1,53.2,18.6,60.5,46.3,70.0,39.3,55.1,Low,Mid-Range,Low Value,Sleep tracking data seems wrong and the design feels cheap.
FT100840,18-24,Male,Student,Tier 3,22800.0,< 25K,Graduate,Muscle Gain,Beginner,1,Low,5200,4.7,Poor,High,Poor,3.3,High,Yes,Yes,No,No,High,High,Medium,Moderate,No,Yes,Yes,Yes,No,Yes,No,Medium,Medium,No Preference,530.0,< 3K,2500,Full Payment,Medium,Yes,4,Yes,Yes,Low,High,6,91.1,21.4,88.9,69.0,78.1,69.0,67.3,High,Budget,Medium Value,"Average experience overall, nothing special but works fine."
FT100841,35-44,Female,Working Professional,Tier 3,35000.0,25K-50K,High School,Medical / Recovery,Beginner,2,Medium,5900,5.6,Poor,Medium,Poor,2.0,Medium,Yes,Yes,No,No,Low,Low,High,Moderate,Yes,Yes,No,No,No,Yes,Yes,High,Medium,Budget / Value,1850.0,3K-6K,3300,Full Payment,Low,No,4,Yes,Yes,Low,Low,1,73.4,26.4,71.8,33.4,55.8,54.0,54.8,High,Budget,Medium Value,"I love the sleep tracking, it is accurate and easy to understand."
FT100842,25-34,Female,Working Professional,Tier 2,91700.0,50K-1L,Post Graduate,Muscle Gain,Intermediate,4,High,6700,5.9,Poor,High,Poor,3.2,High,Yes,Yes,No,No,High,High,Medium,Moderate,Yes,No,No,Yes,No,Yes,Yes,Medium,High,No Preference,4060.0,3K-6K,5400,Full Payment,Medium,No,4,Yes,No,Medium,High,4,77.9,41.9,72.5,78.3,63.1,73.0,70.5,High,Mid-Range,Medium Value,"Great value for money, the app is smooth and the design looks premium."
FT100843,25-34,Male,Working Professional,Tier 1,36900.0,25K-50K,High School,Weight Loss,Beginner,0,Low,800,4.8,Poor,High,Poor,2.4,Medium,No,No,No,No,Medium,High,High,Moderate,Yes,Yes,No,Yes,Yes,Yes,Yes,Medium,Medium,Premium / Trusted,1630.0,6K-10K,7900,Full Payment,Low,No,3,No,Yes,High,Medium,0,88.5,11.3,86.6,30.9,51.5,37.0,47.5,High,Mid-Range,Low Value,Sleep tracking data seems wrong and the design feels cheap.
FT100844,18-24,Female,Student,Tier 1,29000.0,25K-50K,Post Graduate,General Fitness,Beginner,1,Low,4900,6.0,Poor,Low,Average,1.4,Low,No,No,Yes,Yes,High,High,Low,Minimal,Yes,No,No,Yes,Yes,Yes,Yes,High,High,Budget / Value,1560.0,6K-10K,6100,Full Payment,Low,No,3,No,Yes,Medium,High,1,60.3,19.6,51.9,71.1,50.2,45.6,50.3,Moderate,Mid-Range,Medium Value,Sleep tracking data seems wrong and the design feels cheap.
FT100845,45-54,Female,Self-Employed,Tier 2,81700.0,50K-1L,Graduate,Stress Management,Beginner,2,Medium,800,6.2,Average,Medium,Poor,2.5,Low,No,No,Yes,Yes,High,High,Low,Moderate,Yes,No,No,No,Yes,Yes,Yes,High,Medium,No Preference,700.0,3K-6K,5300,Full Payment,Low,No,3,Yes,Yes,High,High,0,55.6,24.2,60.9,57.9,43.5,53.8,48.4,Moderate,Mid-Range,Medium Value,"Design is decent, battery is average, app could improve a little."
FT100846,25-34,Male,Working Professional,Tier 2,182600.0,1L-2L,Graduate,Weight Loss,Advanced,6,High,9000,5.7,Average,Medium,Good,1.3,Low,No,No,Yes,Yes,High,High,High,Frequent,No,No,No,Yes,No,No,No,High,High,Premium / Trusted,3370.0,10K-18K,10600,EMI,High,Yes,4,Yes,No,Low,Medium,0,39.2,70.5,38.4,62.8,67.8,54.0,44.3,Moderate,Mid-Range,Medium Value,"The watch is okay, does the basic job of counting steps."
FT100847,35-44,Female,Working Professional,Tier 1,122900.0,1L-2L,Graduate,Better Sleep,Beginner,3,Medium,6300,6.3,Poor,High,Average,2.8,High,No,No,No,No,Low,Low,Low,Minimal,No,No,Yes,Yes,No,Yes,Yes,Medium,High,Budget / Value,1410.0,6K-10K,7300,Full Payment,Medium,Yes,3,No,No,Low,Medium,0,71.4,35.6,70.2,16.8,57.1,49.8,27.0,High,Mid-Range,Medium Value,Step counting is accurate and syncing with the app is fast and seamless.
FT100848,18-24,Female,Student,Tier 2,21300.0,< 25K,Diploma,General Fitness,Beginner,2,Medium,4400,6.8,Average,Low,Poor,2.1,Medium,No,No,No,Yes,Medium,Medium,Medium,Frequent,Yes,No,Yes,No,No,No,No,Low,Low,Premium / Trusted,390.0,3K-6K,5600,Full Payment,High,No,3,No,No,Low,Low,0,43.9,31.9,52.5,30.9,81.6,51.0,37.4,Low,Mid-Range,Medium Value,"Reasonable device for the price, a few features could be better."
FT100849,55+,Male,Homemaker,Tier 2,29000.0,25K-50K,Graduate,Weight Loss,Beginner,1,Low,8000,7.2,Good,Low,Good,3.0,Low,No,Yes,No,Yes,Low,Medium,Medium,Frequent,No,No,No,No,No,Yes,No,Medium,Medium,No Preference,450.0,3K-6K,3900,Full Payment,Low,No,4,Yes,No,Medium,Low,1,29.5,43.7,35.4,42.3,53.0,68.0,52.1,Low,Budget,Medium Value,"Affordable, lightweight and the companion app is very beginner friendly."
FT100850,18-24,Female,Student,Tier 1,28600.0,25K-50K,Post Graduate,Weight Loss,Intermediate,4,High,10700,6.3,Poor,High,Average,3.4,Medium,No,Yes,Yes,No,High,High,High,Frequent,Yes,Yes,No,Yes,No,No,No,Medium,High,No Preference,1860.0,3K-6K,5400,Full Payment,Medium,Yes,4,Yes,No,Medium,Medium,1,72.3,50.8,61.6,88.8,77.8,59.7,76.9,High,Mid-Range,Medium Value,"Reasonable device for the price, a few features could be better."
FT100851,18-24,Male,Student,Tier 1,45400.0,25K-50K,Post Graduate,Better Sleep,Beginner,1,Low,6000,5.8,Poor,High,Average,0.9,Low,Yes,Yes,No,No,High,High,Medium,Minimal,Yes,Yes,No,Yes,No,No,No,Medium,Low,Budget / Value,3050.0,3K-6K,4500,Full Payment,Medium,Yes,4,Yes,No,High,High,1,86.7,22.4,85.9,61.8,70.9,69.1,53.5,High,Budget,Medium Value,"Affordable, lightweight and the companion app is very beginner friendly."
FT100852,45-54,Female,Working Professional,Tier 2,30700.0,25K-50K,High School,Medical / Recovery,Beginner,2,Medium,3500,6.6,Poor,Medium,Average,1.9,Medium,Yes,Yes,No,No,Medium,High,High,Frequent,No,No,No,No,No,Yes,No,Low,Medium,No Preference,1060.0,< 3K,2700,Full Payment,High,Yes,3,No,No,Medium,Medium,0,63.4,25.9,63.1,44.6,91.0,41.4,52.9,High,Budget,Low Value,"Too expensive for the features offered, the price could be lower."
FT100853,45-54,Female,Self-Employed,Tier 2,42700.0,25K-50K,Graduate,Better Sleep,Advanced,6,High,13100,7.2,Good,Low,Average,1.3,Low,No,No,No,No,Low,Low,Medium,Minimal,No,Yes,No,No,No,Yes,Yes,High,Medium,Budget / Value,460.0,3K-6K,3400,Full Payment,Medium,Yes,1,No,No,Low,Medium,0,22.5,86.0,29.9,10.9,67.8,12.8,20.7,Low,Budget,Low Value,The app keeps crashing and the notifications are unreliable.
FT100854,18-24,Female,Working Professional,Tier 3,40300.0,25K-50K,Post Graduate,General Fitness,Intermediate,3,Medium,7400,6.7,Average,Low,Average,4.0,Low,No,Yes,No,Yes,High,High,Low,Moderate,Yes,No,Yes,Yes,No,No,Yes,Medium,High,Premium / Trusted,1950.0,6K-10K,6100,Full Payment,Low,Yes,4,Yes,Yes,Low,High,2,39.6,48.4,38.9,71.5,58.8,65.4,68.2,Low,Mid-Range,Medium Value,The battery life is excellent and lasts almost a week on a single charge.
FT100855,25-34,Male,Student,Tier 2,32100.0,25K-50K,Post Graduate,Stress Management,Beginner,2,Medium,3500,4.6,Poor,High,Good,1.9,High,No,No,No,Yes,Medium,Medium,Low,Moderate,Yes,Yes,Yes,Yes,Yes,Yes,No,Medium,Medium,Budget / Value,1750.0,3K-6K,3400,Full Payment,High,No,3,No,Yes,Medium,Medium,0,70.3,24.8,68.9,32.6,94.8,45.5,48.1,High,Budget,Medium Value,The app keeps crashing and the notifications are unreliable.
FT100856,35-44,Female,Self-Employed,Tier 2,56900.0,50K-1L,Graduate,Weight Loss,Beginner,3,Medium,6400,6.2,Poor,High,Average,1.2,High,No,Yes,No,No,High,Medium,Medium,Minimal,No,Yes,Yes,Yes,Yes,No,Yes,Medium,Low,Budget / Value,1690.0,3K-6K,5400,Full Payment,Medium,No,4,Yes,No,Medium,High,2,81.0,33.3,74.0,57.5,63.6,61.4,60.6,High,Mid-Range,Medium Value,"Design is decent, battery is average, app could improve a little."
FT100857,45-54,Male,Working Professional,Tier 3,29400.0,25K-50K,High School,General Fitness,Advanced,6,High,11300,5.6,Poor,Medium,Average,4.1,Medium,No,No,Yes,No,Medium,Medium,Low,Moderate,Yes,Yes,Yes,Yes,Yes,No,No,High,Medium,No Preference,1480.0,3K-6K,3400,Full Payment,Low,No,3,No,No,Low,Medium,0,58.1,72.8,53.6,52.4,60.9,43.5,50.8,High,Budget,Low Value,The app keeps crashing and the notifications are unreliable.
FT100858,25-34,Male,Working Professional,Tier 1,109700.0,1L-2L,Post Graduate,Stress Management,Advanced,7,High,9600,6.4,Poor,Medium,Good,1.7,High,No,Yes,No,No,Medium,High,Medium,Frequent,No,No,No,No,No,No,No,Medium,Medium,Premium / Trusted,1230.0,6K-10K,9700,EMI,High,Yes,3,No,No,Low,High,3,48.8,72.5,43.7,50.6,88.1,52.4,50.7,High,Mid-Range,Medium Value,"The watch is okay, does the basic job of counting steps."
FT100859,25-34,Male,Working Professional,Tier 2,48800.0,25K-50K,Graduate,Medical / Recovery,Intermediate,6,High,9900,6.5,Average,Medium,Average,1.0,High,Yes,Yes,Yes,No,High,High,Medium,Minimal,Yes,No,Yes,Yes,No,No,Yes,Medium,High,No Preference,1540.0,3K-6K,3400,Full Payment,Medium,No,3,No,No,High,Medium,1,47.3,67.2,44.5,77.4,65.4,50.2,63.2,Moderate,Budget,Medium Value,"Average experience overall, nothing special but works fine."
FT100860,35-44,Female,Self-Employed,Tier 2,48800.0,25K-50K,Graduate,General Fitness,Intermediate,4,High,8000,5.5,Poor,Medium,Good,1.4,Medium,No,No,No,No,Medium,Medium,Medium,Moderate,No,Yes,No,Yes,No,No,No,High,Low,Premium / Trusted,440.0,6K-10K,7800,Full Payment,Medium,No,2,No,No,Medium,Medium,0,52.4,45.1,49.3,32.8,72.7,34.2,31.1,High,Mid-Range,Low Value,"It works as expected, neither impressed nor disappointed so far."
FT100861,35-44,Male,Self-Employed,Tier 2,49500.0,25K-50K,Graduate,General Fitness,Advanced,4,High,5400,6.8,Good,Medium,Good,2.4,Medium,No,Yes,Yes,Yes,Medium,Medium,Medium,Frequent,Yes,Yes,No,Yes,No,No,Yes,Low,High,Budget / Value,2540.0,3K-6K,3600,Full Payment,High,No,3,No,No,Medium,High,3,29.5,60.0,28.5,68.0,88.0,38.0,73.9,Low,Budget,Low Value,"Reasonable device for the price, a few features could be better."
FT100862,35-44,Male,Working Professional,Tier 1,50800.0,50K-1L,Diploma,Weight Loss,Advanced,6,High,9100,5.6,Poor,High,Average,2.3,High,No,No,No,No,High,High,High,Minimal,Yes,Yes,No,Yes,No,Yes,No,High,Medium,Premium / Trusted,1420.0,6K-10K,6700,Full Payment,High,Yes,2,No,No,Low,Medium,0,69.2,69.0,65.3,42.3,80.8,27.9,35.9,High,Mid-Range,Low Value,Hard to set up for beginners and too many confusing notifications.
FT100863,25-34,Female,Student,Tier 3,15700.0,< 25K,Post Graduate,General Fitness,Beginner,2,Medium,3400,5.9,Poor,High,Average,1.6,Medium,No,Yes,No,No,Medium,Medium,Low,Frequent,No,Yes,No,No,No,Yes,No,High,High,Premium / Trusted,1410.0,3K-6K,5000,Full Payment,Medium,No,3,Yes,No,Low,Medium,1,81.8,22.0,70.5,45.5,69.7,53.3,57.5,High,Mid-Range,Medium Value,"It works as expected, neither impressed nor disappointed so far."
FT100864,18-24,Male,Student,Tier 3,8000.0,< 25K,High School,Weight Loss,Advanced,6,High,11200,6.2,Poor,Medium,Average,1.9,Medium,No,No,No,No,Medium,Low,High,Frequent,Yes,Yes,No,No,Yes,Yes,No,Medium,High,Budget / Value,120.0,3K-6K,3000,Full Payment,High,Yes,2,No,No,Medium,Medium,0,56.6,73.8,50.5,35.4,96.5,32.5,47.5,High,Budget,Low Value,"Average experience overall, nothing special but works fine."
FT100865,45-54,Male,Working Professional,Tier 1,105300.0,1L-2L,Graduate,Better Sleep,Intermediate,5,High,6900,6.5,Good,Low,Poor,2.3,Low,No,No,No,No,Medium,High,Medium,Minimal,Yes,Yes,No,No,Yes,No,No,High,High,Budget / Value,1170.0,3K-6K,5000,Full Payment,Medium,No,2,No,Yes,Medium,Medium,1,26.1,61.2,34.5,25.6,65.8,26.1,25.8,Low,Mid-Range,Low Value,"Too expensive for the features offered, the price could be lower."
FT100866,45-54,Male,Working Professional,Tier 1,129900.0,1L-2L,Post Graduate,Weight Loss,Intermediate,1,Low,4600,6.7,Average,Medium,Average,3.4,Medium,No,No,Yes,Yes,High,Medium,High,Moderate,No,No,No,No,No,No,No,High,Medium,Premium / Trusted,1640.0,6K-10K,9300,EMI,High,No,3,No,No,Medium,High,5,55.5,35.9,55.7,70.3,90.8,37.0,35.6,Moderate,Mid-Range,Low Value,Sleep tracking data seems wrong and the design feels cheap.
FT100867,35-44,Male,Homemaker,Tier 1,31300.0,25K-50K,Post Graduate,Stress Management,Beginner,3,Medium,3800,5.8,Poor,Medium,Poor,2.6,Medium,No,No,No,No,Medium,Low,Medium,Minimal,Yes,Yes,Yes,Yes,Yes,Yes,No,High,Medium,No Preference,1110.0,3K-6K,3600,Full Payment,High,Yes,2,No,No,High,Medium,0,69.2,26.3,73.1,27.6,91.6,30.7,39.4,High,Budget,Low Value,Customer support was slow and the device disconnects from the app often.
FT100868,18-24,Female,Working Professional,Tier 3,51500.0,50K-1L,Post Graduate,General Fitness,Beginner,4,High,5400,5.9,Poor,Medium,Average,1.8,Low,No,Yes,No,No,High,Medium,Low,Frequent,No,Yes,No,No,No,No,Yes,Medium,Low,Budget / Value,840.0,3K-6K,3500,Full Payment,High,Yes,4,Yes,No,Medium,Medium,3,54.3,32.7,57.0,62.4,81.3,57.5,63.4,High,Budget,Medium Value,The personalized health reports keep me motivated to stay consistent.
FT100869,18-24,Male,Student,Tier 2,40000.0,25K-50K,Post Graduate,General Fitness,Intermediate,4,High,5300,6.6,Average,Medium,Average,2.1,Medium,No,Yes,Yes,Yes,High,High,High,Minimal,No,Yes,No,Yes,No,No,Yes,High,High,Premium / Trusted,1930.0,6K-10K,7700,Full Payment,High,Yes,3,No,Yes,Low,High,5,45.5,51.5,49.5,95.9,85.9,52.0,65.4,Moderate,Mid-Range,Medium Value,"Average experience overall, nothing special but works fine."
FT100870,35-44,Male,Homemaker,Tier 1,22200.0,< 25K,Diploma,General Fitness,Intermediate,4,High,6900,6.8,Average,Medium,Good,2.9,Medium,No,No,No,Yes,Medium,Medium,High,Moderate,No,No,Yes,Yes,Yes,Yes,Yes,Medium,High,Budget / Value,760.0,3K-6K,4100,Full Payment,Medium,Yes,2,No,Yes,High,Medium,1,44.9,49.4,35.9,25.1,70.8,16.0,41.2,Moderate,Budget,Low Value,The battery drains too quickly and charging takes very long.
FT100871,18-24,Female,Working Professional,Tier 3,61700.0,50K-1L,Post Graduate,General Fitness,Beginner,1,Low,4400,7.3,Average,Low,Poor,3.6,Low,Yes,No,Yes,Yes,Medium,Medium,High,Moderate,Yes,Yes,Yes,Yes,Yes,No,No,Low,Medium,No Preference,3390.0,3K-6K,3400,Full Payment,High,Yes,3,No,No,Medium,Medium,0,48.6,24.9,56.6,56.8,86.2,42.7,52.3,Low,Budget,Low Value,"Reasonable device for the price, a few features could be better."
FT100872,55+,Female,Homemaker,Tier 1,44400.0,25K-50K,Post Graduate,Muscle Gain,Intermediate,3,Medium,7000,5.9,Poor,High,Average,1.4,Medium,No,Yes,No,Yes,Low,Medium,High,Moderate,Yes,Yes,Yes,Yes,No,No,Yes,Medium,Medium,No Preference,2540.0,3K-6K,4900,Full Payment,Medium,No,2,No,Yes,Low,Low,0,71.4,42.7,67.6,34.1,68.7,27.3,59.4,High,Budget,Low Value,Hard to set up for beginners and too many confusing notifications.
FT100873,25-34,Female,Student,Tier 2,27300.0,25K-50K,Graduate,Muscle Gain,Beginner,2,Medium,2000,5.1,Poor,Medium,Average,3.2,High,No,No,No,No,Low,Medium,Low,Moderate,No,Yes,Yes,Yes,No,Yes,Yes,Low,Medium,Budget / Value,1390.0,< 3K,2800,Full Payment,High,No,2,No,Yes,Medium,Low,0,65.9,14.3,59.8,17.8,92.5,22.0,38.7,High,Budget,Low Value,"Too expensive for the features offered, the price could be lower."
FT100874,35-44,Female,Working Professional,Tier 1,98100.0,50K-1L,Graduate,Medical / Recovery,Beginner,2,Medium,4900,6.8,Average,High,Average,2.0,Medium,Yes,Yes,No,No,Medium,High,High,Minimal,Yes,Yes,No,Yes,No,No,Yes,Low,Medium,Premium / Trusted,1640.0,6K-10K,8800,EMI,High,No,4,Yes,No,Medium,Low,4,63.0,30.7,62.0,47.7,89.2,55.4,52.8,High,Mid-Range,Medium Value,"Reasonable device for the price, a few features could be better."
FT100875,45-54,Female,Self-Employed,Tier 2,32400.0,25K-50K,High School,General Fitness,Intermediate,4,High,6000,5.0,Poor,Medium,Poor,1.0,High,Yes,Yes,Yes,Yes,Low,Low,High,Moderate,Yes,No,No,No,No,Yes,Yes,High,Medium,Budget / Value,1100.0,3K-6K,4100,Full Payment,High,No,2,No,No,High,Low,0,64.0,42.6,63.5,58.8,92.2,31.2,59.4,High,Budget,Low Value,I am worried about my health data privacy and how it is stored.
FT100876,25-34,Male,Working Professional,Tier 2,65800.0,50K-1L,Graduate,Muscle Gain,Intermediate,4,High,8400,6.9,Average,Medium,Average,0.8,Low,Yes,No,No,No,Medium,Medium,High,Moderate,No,No,Yes,No,No,Yes,No,High,Medium,No Preference,3800.0,3K-6K,3400,Full Payment,High,Yes,3,No,No,High,Medium,1,49.3,55.4,43.4,32.0,79.2,43.0,30.8,Moderate,Budget,Low Value,"I love the sleep tracking, it is accurate and easy to understand."
FT100877,25-34,Female,Self-Employed,Tier 1,83000.0,50K-1L,Graduate,Better Sleep,Beginner,3,Medium,5800,7.1,Average,High,Average,3.4,Medium,No,No,No,No,High,High,Medium,Moderate,No,No,Yes,Yes,No,No,Yes,Medium,High,Premium / Trusted,4280.0,6K-10K,7400,Full Payment,High,No,2,No,No,Low,High,3,61.9,38.1,60.1,37.8,86.4,29.1,37.1,High,Mid-Range,Low Value,Sleep tracking data seems wrong and the design feels cheap.
FT100878,25-34,Female,Working Professional,Tier 2,63200.0,50K-1L,Graduate,General Fitness,Beginner,2,Medium,5100,6.4,Average,Medium,Average,3.5,Medium,No,No,Yes,Yes,Medium,Medium,High,Moderate,Yes,Yes,No,No,No,Yes,No,Medium,Medium,Budget / Value,2300.0,3K-6K,5300,Full Payment,High,Yes,2,No,Yes,Medium,Low,1,47.0,31.5,52.2,56.6,79.9,21.6,43.7,Moderate,Mid-Range,Low Value,"It works as expected, neither impressed nor disappointed so far."
FT100879,25-34,Male,Self-Employed,Tier 3,29400.0,25K-50K,Graduate,Better Sleep,Beginner,0,Low,1700,6.0,Poor,High,Average,1.8,Medium,No,No,No,No,Low,Medium,Medium,Minimal,Yes,Yes,No,Yes,No,Yes,Yes,Medium,Low,No Preference,1240.0,3K-6K,3200,Full Payment,High,Yes,2,No,No,Medium,Medium,0,83.6,9.9,78.1,21.0,88.3,25.7,32.8,High,Budget,Low Value,"It works as expected, neither impressed nor disappointed so far."
FT100880,25-34,Male,Homemaker,Tier 2,34700.0,25K-50K,Graduate,Medical / Recovery,Intermediate,4,High,10500,7.1,Good,Low,Poor,2.1,Low,Yes,Yes,No,Yes,High,High,Medium,Minimal,No,Yes,Yes,Yes,No,Yes,Yes,Low,Medium,No Preference,820.0,3K-6K,4000,Full Payment,Medium,Yes,2,No,No,High,Medium,1,30.5,70.7,37.9,59.2,78.1,30.1,61.1,Low,Budget,Low Value,"Reasonable device for the price, a few features could be better."
FT100881,25-34,Male,Working Professional,Tier 3,37400.0,25K-50K,High School,Better Sleep,Advanced,7,High,8400,5.7,Poor,High,Average,0.9,High,No,No,No,No,High,High,High,Minimal,Yes,No,Yes,No,No,Yes,Yes,Medium,Low,Budget / Value,2170.0,3K-6K,3300,Full Payment,High,No,3,No,No,Low,Medium,0,69.7,77.1,65.8,42.8,81.9,50.4,36.1,High,Budget,Medium Value,"Too expensive for the features offered, the price could be lower."
FT100882,45-54,Female,Homemaker,Tier 2,23600.0,< 25K,Post Graduate,Muscle Gain,Intermediate,3,Medium,5600,8.3,Good,Low,Good,2.9,Low,No,No,No,No,Medium,High,Low,Moderate,Yes,No,Yes,Yes,No,Yes,No,High,Medium,Premium / Trusted,1170.0,3K-6K,3400,Full Payment,Low,No,3,No,Yes,Medium,High,2,17.5,52.1,23.1,35.8,60.9,47.2,40.7,Low,Budget,Medium Value,"The watch is okay, does the basic job of counting steps."
FT100883,25-34,Female,Working Professional,Tier 2,47500.0,25K-50K,Diploma,Stress Management,Intermediate,5,High,8700,4.7,Poor,High,Poor,2.3,High,No,Yes,Yes,Yes,Medium,High,High,Minimal,Yes,No,Yes,Yes,Yes,No,Yes,Medium,Medium,Premium / Trusted,2330.0,6K-10K,7500,Full Payment,Medium,Yes,3,No,Yes,High,Medium,1,74.0,54.2,77.0,73.9,71.7,42.4,66.3,High,Mid-Range,Low Value,"The watch is okay, does the basic job of counting steps."
FT100884,18-24,Female,Student,Tier 1,17300.0,< 25K,High School,General Fitness,Beginner,0,Low,2500,5.9,Poor,Medium,Poor,1.1,Low,No,Yes,No,No,High,High,Medium,Minimal,Yes,No,Yes,Yes,No,Yes,No,High,Low,Budget / Value,1190.0,6K-10K,6500,Full Payment,High,Yes,5,Yes,No,Medium,High,2,75.7,9.6,74.2,71.0,93.6,79.4,61.0,High,Mid-Range,Medium Value,The personalized health reports keep me motivated to stay consistent.
FT100885,25-34,Male,Working Professional,Tier 3,21500.0,< 25K,High School,Muscle Gain,Beginner,1,Low,2700,5.6,Poor,High,Good,2.5,High,No,Yes,No,No,Medium,Medium,Low,Moderate,Yes,No,Yes,Yes,No,Yes,Yes,High,Medium,No Preference,1180.0,3K-6K,3600,Full Payment,Low,No,3,No,No,Low,High,2,72.0,14.8,70.3,45.5,47.9,47.9,63.4,High,Budget,Medium Value,I am worried about my health data privacy and how it is stored.
FT100886,25-34,Male,Self-Employed,Tier 1,61700.0,50K-1L,Post Graduate,Medical / Recovery,Advanced,4,High,4100,7.6,Good,Medium,Poor,1.2,Low,Yes,No,No,No,Medium,High,Medium,Moderate,No,Yes,Yes,No,Yes,No,Yes,Low,High,No Preference,3180.0,3K-6K,5400,Full Payment,High,Yes,4,Yes,No,Medium,High,2,45.5,57.7,41.4,37.0,87.6,69.3,41.1,Low,Mid-Range,Medium Value,The personalized health reports keep me motivated to stay consistent.
FT100887,18-24,Male,Student,Tier 1,29900.0,25K-50K,Post Graduate,Weight Loss,Beginner,3,Medium,5100,5.4,Poor,High,Average,2.7,High,No,Yes,No,No,High,High,Medium,Moderate,Yes,No,Yes,Yes,Yes,No,Yes,High,High,No Preference,1140.0,3K-6K,4900,Full Payment,High,Yes,4,Yes,No,Low,High,2,75.4,34.6,71.2,66.7,88.8,60.4,70.8,High,Budget,Medium Value,"Average experience overall, nothing special but works fine."
FT100888,18-24,Male,Student,Tier 1,16700.0,< 25K,High School,Stress Management,Beginner,4,High,5700,5.9,Poor,High,Average,1.4,High,No,Yes,Yes,Yes,High,Medium,Low,Frequent,Yes,Yes,Yes,Yes,No,Yes,Yes,Low,Medium,Premium / Trusted,590.0,6K-10K,6400,Full Payment,Medium,Yes,4,Yes,No,Medium,Medium,1,69.3,33.8,69.1,79.9,69.6,63.2,86.7,High,Mid-Range,Medium Value,Heart rate monitoring feels reliable and the hydration reminders really help.
FT100889,35-44,Female,Self-Employed,Tier 1,35500.0,25K-50K,High School,General Fitness,Intermediate,3,Medium,9300,7.5,Good,Low,Average,2.6,Low,No,No,Yes,Yes,Low,Medium,High,Moderate,No,Yes,No,Yes,No,Yes,No,High,Low,No Preference,890.0,3K-6K,4100,Full Payment,High,No,2,No,No,Medium,Medium,1,32.2,60.3,32.8,42.3,89.6,30.9,38.7,Low,Budget,Low Value,The app keeps crashing and the notifications are unreliable.
FT100890,25-34,Female,Working Professional,Tier 3,47900.0,25K-50K,Graduate,Weight Loss,Intermediate,5,High,12600,7.9,Good,Low,Average,1.8,Low,No,Yes,No,No,High,Medium,Medium,Moderate,Yes,No,No,Yes,Yes,Yes,Yes,Low,High,Budget / Value,1440.0,3K-6K,3500,Full Payment,Medium,Yes,2,No,No,Low,Medium,2,22.0,73.9,20.1,59.6,78.9,33.5,68.3,Low,Budget,Low Value,Heart rate readings feel inaccurate during workouts and the strap is uncomfortable.
FT100891,55+,Female,Retired,Tier 3,29500.0,25K-50K,Diploma,Muscle Gain,Beginner,4,High,7300,6.0,Poor,High,Average,0.5,High,No,Yes,No,Yes,Low,Low,Medium,Minimal,Yes,Yes,No,No,No,Yes,No,Medium,Low,Budget / Value,1280.0,< 3K,2900,Full Payment,Medium,No,2,No,Yes,High,Low,2,71.2,43.5,63.8,27.5,74.7,25.6,41.5,High,Budget,Low Value,Hard to set up for beginners and too many confusing notifications.
FT100892,18-24,Female,Working Professional,Tier 2,79800.0,50K-1L,Graduate,Stress Management,Beginner,1,Low,1600,6.6,Poor,High,Good,3.1,High,No,Yes,Yes,No,Medium,Low,Low,Frequent,Yes,Yes,Yes,No,No,Yes,Yes,Medium,High,Premium / Trusted,3220.0,6K-10K,7000,Full Payment,Medium,Yes,4,Yes,Yes,Medium,Medium,4,75.2,13.3,72.3,75.8,65.0,65.3,81.0,High,Mid-Range,Medium Value,"The watch is okay, does the basic job of counting steps."
FT100893,18-24,Female,Working Professional,Tier 1,55200.0,50K-1L,High School,Muscle Gain,Intermediate,3,Medium,7600,7.5,Good,Low,Average,3.1,Low,No,No,No,No,High,Medium,Low,Moderate,Yes,No,Yes,Yes,No,No,Yes,High,Medium,Premium / Trusted,910.0,6K-10K,7200,Full Payment,Low,No,3,No,No,High,Medium,1,31.8,53.0,33.1,53.1,50.9,44.1,46.7,Low,Mid-Range,Low Value,"The watch is okay, does the basic job of counting steps."
FT100894,35-44,Male,Self-Employed,Tier 3,25800.0,25K-50K,Graduate,Better Sleep,Beginner,2,Medium,3400,6.1,Poor,Medium,Average,1.9,Medium,No,Yes,Yes,Yes,Medium,Low,Low,Minimal,Yes,No,Yes,Yes,No,Yes,Yes,Medium,Medium,Budget / Value,850.0,< 3K,2400,Full Payment,Medium,No,3,No,Yes,Low,High,2,65.0,20.8,61.0,70.5,70.3,39.5,65.1,High,Budget,Low Value,I am worried about my health data privacy and how it is stored.
FT100895,45-54,Male,Self-Employed,Tier 2,69100.0,50K-1L,Graduate,General Fitness,Beginner,0,Low,2000,6.3,Poor,Medium,Good,2.5,Medium,No,No,No,Yes,Medium,Medium,Low,Minimal,Yes,Yes,Yes,Yes,No,Yes,No,Low,Low,Premium / Trusted,2510.0,6K-10K,6800,Full Payment,Medium,No,2,No,Yes,Low,Medium,1,65.2,16.3,63.3,26.2,69.9,31.8,34.6,High,Mid-Range,Low Value,"Too expensive for the features offered, the price could be lower."
FT100896,18-24,Male,Self-Employed,Tier 1,84400.0,50K-1L,Graduate,Better Sleep,Intermediate,3,Medium,5200,6.5,Average,Low,Poor,2.7,Medium,No,Yes,No,No,Medium,Medium,High,Minimal,Yes,No,No,No,No,Yes,Yes,Low,High,Budget / Value,3040.0,3K-6K,5200,Full Payment,High,No,4,Yes,Yes,High,High,6,45.3,44.3,51.5,50.9,79.7,64.4,49.7,Low,Mid-Range,Medium Value,"I love the sleep tracking, it is accurate and easy to understand."
FT100897,18-24,Male,Student,Tier 2,23100.0,< 25K,Graduate,Muscle Gain,Advanced,7,High,9800,8.1,Average,Medium,Good,2.7,Medium,No,No,No,No,Medium,High,Medium,Moderate,Yes,Yes,No,No,No,No,No,Medium,Low,Budget / Value,210.0,< 3K,2400,Full Payment,High,No,2,No,No,Medium,Low,1,38.4,82.5,36.5,28.9,95.0,23.0,29.7,Moderate,Budget,Low Value,"Too expensive for the features offered, the price could be lower."
FT100898,18-24,Male,Student,Tier 2,21100.0,< 25K,High School,Stress Management,Beginner,1,Low,3500,5.5,Poor,High,Good,3.7,High,No,No,Yes,No,High,High,High,Minimal,Yes,Yes,Yes,Yes,No,No,Yes,High,Medium,Budget / Value,1100.0,< 3K,2700,Full Payment,Medium,No,2,No,No,Medium,High,2,74.9,19.9,72.2,63.0,66.4,20.4,47.5,High,Budget,Low Value,Heart rate readings feel inaccurate during workouts and the strap is uncomfortable.
FT100899,25-34,Male,Working Professional,Tier 1,58700.0,50K-1L,Diploma,General Fitness,Beginner,3,Medium,3900,5.9,Poor,High,Good,2.6,High,No,No,Yes,No,High,High,High,Frequent,Yes,Yes,Yes,Yes,No,No,Yes,High,Low,No Preference,3870.0,6K-10K,7200,Full Payment,High,No,3,No,No,High,High,1,71.5,30.2,64.1,65.7,86.4,50.0,62.4,High,Mid-Range,Medium Value,"The watch is okay, does the basic job of counting steps."
FT100900,25-34,Female,Working Professional,Tier 2,19700.0,< 25K,High School,General Fitness,Beginner,2,Medium,3900,5.3,Poor,Medium,Poor,2.0,Medium,Yes,Yes,Yes,Yes,High,High,Low,Moderate,Yes,No,No,Yes,No,Yes,Yes,High,High,Budget / Value,360.0,3K-6K,3600,Full Payment,High,No,4,Yes,Yes,Low,Medium,3,71.8,23.0,70.4,78.0,96.4,67.5,70.4,High,Budget,Medium Value,The personalized health reports keep me motivated to stay consistent.
FT100901,18-24,Male,Student,Tier 2,10000.0,< 25K,High School,Better Sleep,Beginner,1,Low,5900,5.7,Poor,High,Average,2.6,High,No,Yes,No,No,Medium,Low,High,Frequent,Yes,Yes,No,Yes,No,No,Yes,High,High,Budget / Value,1410.0,< 3K,2700,Full Payment,Medium,No,3,No,No,High,Low,1,83.5,24.1,79.6,54.9,81.0,49.6,69.4,High,Budget,Medium Value,Step counting is accurate and syncing with the app is fast and seamless.
FT100902,18-24,Female,Working Professional,Tier 1,124400.0,1L-2L,Post Graduate,Weight Loss,Advanced,5,High,8400,5.4,Poor,High,Good,2.0,High,Yes,No,No,No,High,High,High,Minimal,Yes,Yes,No,Yes,No,No,Yes,High,Low,Premium / Trusted,2310.0,6K-10K,8300,Full Payment,High,Yes,3,No,No,Low,High,1,61.5,58.3,60.5,40.3,71.2,47.4,35.2,High,Mid-Range,Medium Value,"Design is decent, battery is average, app could improve a little."
FT100903,25-34,Female,Working Professional,Tier 2,51600.0,50K-1L,Diploma,General Fitness,Intermediate,5,High,8700,6.7,Poor,Medium,Average,1.4,Medium,Yes,Yes,Yes,Yes,High,High,Low,Moderate,No,No,Yes,No,No,No,No,Medium,Medium,Budget / Value,480.0,3K-6K,4000,Full Payment,Medium,No,4,Yes,Yes,Low,High,0,54.1,52.1,55.9,78.3,64.4,59.4,57.7,High,Budget,Medium Value,The personalized health reports keep me motivated to stay consistent.
FT100904,55+,Female,Retired,Tier 2,22900.0,< 25K,Diploma,Stress Management,Beginner,2,Medium,1200,7.2,Good,Low,Average,3.3,Low,No,Yes,No,No,Low,Medium,Medium,Frequent,Yes,Yes,No,No,No,Yes,No,High,Medium,Budget / Value,1000.0,3K-6K,4000,Full Payment,Low,No,3,No,No,High,Low,0,27.9,28.3,32.3,27.7,53.2,45.7,55.6,Low,Budget,Medium Value,Comfortable to wear all day and the stress tracking is genuinely useful.
FT100905,35-44,Female,Self-Employed,Tier 2,25300.0,25K-50K,High School,Stress Management,Intermediate,4,High,9100,7.0,Average,Medium,Poor,2.7,High,No,No,No,No,Medium,Low,Medium,Minimal,Yes,No,No,Yes,Yes,Yes,Yes,High,Low,Budget / Value,1390.0,3K-6K,4300,Full Payment,Medium,No,2,No,Yes,Low,Medium,0,51.2,56.8,52.0,30.7,75.0,33.3,36.2,Moderate,Budget,Low Value,Heart rate readings feel inaccurate during workouts and the strap is uncomfortable.
FT100906,25-34,Male,Homemaker,Tier 3,16500.0,< 25K,Graduate,Better Sleep,Beginner,3,Medium,5100,7.1,Good,Medium,Poor,0.8,Low,No,Yes,Yes,Yes,Low,Medium,Medium,Frequent,No,Yes,No,No,Yes,Yes,No,Medium,Medium,No Preference,870.0,< 3K,2400,Full Payment,Medium,Yes,3,Yes,Yes,High,High,1,45.4,42.0,53.5,59.0,70.6,52.9,66.5,Low,Budget,Medium Value,Heart rate monitoring feels reliable and the hydration reminders really help.
FT100907,18-24,Female,Student,Tier 3,13000.0,< 25K,Post Graduate,Stress Management,Intermediate,3,Medium,8300,5.7,Poor,High,Good,1.8,High,Yes,Yes,No,No,Medium,Medium,Medium,Minimal,Yes,Yes,Yes,Yes,No,No,Yes,Medium,Medium,Budget / Value,160.0,< 3K,1900,Full Payment,Medium,No,3,No,No,Medium,Low,0,69.0,47.9,65.5,45.6,73.4,50.6,56.4,High,Budget,Medium Value,The personalized health reports keep me motivated to stay consistent.
FT100908,18-24,Male,Student,Tier 2,28600.0,25K-50K,Post Graduate,Medical / Recovery,Advanced,4,High,7700,5.4,Poor,High,Good,2.9,High,Yes,Yes,No,No,High,Medium,Medium,Moderate,Yes,No,No,Yes,No,No,No,High,Medium,Premium / Trusted,200.0,3K-6K,5000,Full Payment,Low,Yes,4,Yes,No,Low,High,2,60.2,61.1,57.2,61.1,52.6,64.9,56.0,High,Mid-Range,Medium Value,The battery life is excellent and lasts almost a week on a single charge.
FT100909,18-24,Female,Student,Tier 2,18800.0,< 25K,Graduate,General Fitness,Beginner,4,High,6400,5.4,Poor,High,Poor,1.0,High,No,Yes,Yes,No,High,High,Medium,Frequent,Yes,No,Yes,Yes,Yes,Yes,Yes,High,High,Budget / Value,1160.0,< 3K,2700,Full Payment,Low,No,4,Yes,No,Medium,Low,2,75.3,35.5,72.8,84.6,53.3,68.9,88.3,High,Budget,Medium Value,Step counting is accurate and syncing with the app is fast and seamless.
FT100910,35-44,Male,Working Professional,Tier 2,66800.0,50K-1L,Post Graduate,Muscle Gain,Beginner,2,Medium,2200,6.2,Poor,High,Poor,1.7,High,No,No,No,No,Medium,Medium,Medium,Minimal,Yes,No,Yes,Yes,Yes,Yes,Yes,High,Medium,No Preference,1550.0,3K-6K,5000,Full Payment,Medium,No,3,No,Yes,Low,Medium,0,79.7,21.2,80.9,33.7,67.4,35.3,41.5,High,Mid-Range,Low Value,"Design is decent, battery is average, app could improve a little."
FT100911,45-54,Male,Working Professional,Tier 2,53500.0,50K-1L,Graduate,Better Sleep,Advanced,6,High,13500,6.4,Average,Medium,Average,4.4,Medium,No,Yes,No,No,Low,Medium,Medium,Minimal,Yes,No,No,No,No,Yes,No,Medium,High,Premium / Trusted,950.0,3K-6K,5600,Full Payment,High,No,4,Yes,No,Low,Medium,0,42.6,81.8,42.5,34.3,88.4,56.0,39.6,Moderate,Mid-Range,Medium Value,"Average experience overall, nothing special but works fine."
FT100912,45-54,Female,Working Professional,Tier 1,117600.0,1L-2L,Post Graduate,Stress Management,Beginner,0,Low,4400,5.6,Poor,High,Poor,2.0,High,No,No,Yes,Yes,Low,Medium,High,Minimal,No,Yes,No,No,Yes,No,No,Medium,High,No Preference,7200.0,6K-10K,7000,Full Payment,Low,No,2,No,No,Low,Medium,1,84.5,11.7,83.4,32.3,49.2,30.6,23.9,High,Mid-Range,Low Value,Sleep tracking data seems wrong and the design feels cheap.
FT100913,55+,Female,Self-Employed,Tier 2,70500.0,50K-1L,Post Graduate,Weight Loss,Beginner,2,Medium,6800,5.2,Poor,High,Average,3.2,High,No,Yes,No,No,Low,Low,Low,Minimal,Yes,Yes,No,Yes,Yes,Yes,No,Medium,Low,No Preference,1750.0,3K-6K,4900,Full Payment,Low,No,3,No,No,Medium,Medium,0,72.7,37.9,76.7,39.8,47.1,47.2,54.4,High,Budget,Medium Value,The personalized health reports keep me motivated to stay consistent.
FT100914,55+,Male,Retired,Tier 2,25800.0,25K-50K,High School,General Fitness,Beginner,0,Low,6300,8.0,Good,Low,Average,3.5,Low,Yes,No,No,No,Low,Low,Low,Moderate,No,No,No,No,No,Yes,No,High,Low,No Preference,830.0,3K-6K,3600,Full Payment,Low,No,1,No,No,Medium,Low,3,36.4,32.1,44.1,2.0,58.1,0.2,16.0,Low,Budget,Low Value,The battery drains too quickly and charging takes very long.
FT100915,55+,Female,Retired,Tier 2,41100.0,25K-50K,Graduate,Muscle Gain,Beginner,1,Low,4500,5.4,Poor,Medium,Average,1.6,High,No,No,No,No,Medium,Medium,Medium,Moderate,Yes,No,No,Yes,No,Yes,Yes,High,High,Budget / Value,2570.0,3K-6K,3600,Full Payment,Medium,Yes,2,No,No,Low,Low,2,68.5,20.0,69.0,27.8,70.4,31.9,37.9,High,Budget,Low Value,The battery drains too quickly and charging takes very long.
FT100916,18-24,Male,Student,Tier 3,11500.0,< 25K,Diploma,Stress Management,Beginner,1,Low,6500,4.8,Poor,High,Good,2.5,High,No,No,No,No,Medium,Medium,Medium,Minimal,Yes,Yes,Yes,No,No,Yes,No,High,Medium,Premium / Trusted,570.0,3K-6K,5900,Full Payment,Low,No,3,No,No,Low,High,4,75.5,28.5,73.1,25.3,51.8,37.6,30.0,High,Mid-Range,Low Value,"It works as expected, neither impressed nor disappointed so far."
FT100917,18-24,Female,Working Professional,Tier 2,31200.0,25K-50K,High School,Muscle Gain,Beginner,0,Low,2100,6.1,Poor,Low,Poor,3.9,Medium,No,Yes,Yes,No,High,High,Medium,Moderate,Yes,Yes,No,Yes,Yes,Yes,Yes,Low,High,No Preference,1010.0,6K-10K,7200,Full Payment,Medium,No,4,Yes,No,Medium,High,3,63.8,18.5,66.1,99.7,70.6,73.0,86.6,Moderate,Mid-Range,Medium Value,"Affordable, lightweight and the companion app is very beginner friendly."
FT100918,25-34,Male,Working Professional,Tier 1,91700.0,50K-1L,Post Graduate,Stress Management,Beginner,1,Low,5400,5.1,Poor,High,Average,2.7,High,No,Yes,No,No,Medium,High,Medium,Moderate,Yes,Yes,Yes,Yes,No,Yes,Yes,Medium,Medium,Budget / Value,3580.0,3K-6K,5300,Full Payment,Medium,Yes,4,Yes,Yes,Medium,High,4,83.1,24.2,80.6,52.0,58.0,53.9,69.9,High,Mid-Range,Medium Value,"Average experience overall, nothing special but works fine."
FT100919,25-34,Male,Working Professional,Tier 1,51600.0,50K-1L,High School,Better Sleep,Beginner,0,Low,1900,6.3,Poor,High,Good,4.2,High,No,Yes,No,No,High,High,Low,Frequent,Yes,No,No,Yes,No,Yes,Yes,High,High,Budget / Value,1410.0,3K-6K,4000,Full Payment,High,Yes,5,Yes,Yes,High,High,2,76.7,18.4,71.9,64.1,84.3,83.9,72.6,High,Budget,Medium Value,Comfortable to wear all day and the stress tracking is genuinely useful.
FT100920,18-24,Male,Student,Tier 1,49100.0,25K-50K,Graduate,Weight Loss,Intermediate,2,Medium,4300,6.6,Average,Low,Poor,1.8,Medium,No,Yes,No,No,Medium,High,Medium,Frequent,No,No,Yes,Yes,Yes,No,No,Low,Medium,Premium / Trusted,2660.0,6K-10K,9000,Full Payment,Medium,Yes,3,No,Yes,Low,High,3,48.4,37.9,50.4,56.9,66.7,49.6,65.8,Low,Mid-Range,Medium Value,"Average experience overall, nothing special but works fine."
FT100921,45-54,Male,Self-Employed,Tier 1,70200.0,50K-1L,Post Graduate,Muscle Gain,Advanced,6,High,9800,6.1,Poor,Medium,Poor,3.7,High,No,No,Yes,No,Medium,High,Medium,Frequent,No,Yes,No,Yes,Yes,Yes,Yes,Medium,Medium,No Preference,2780.0,3K-6K,5600,Full Payment,High,No,2,No,No,Low,Low,1,64.5,72.0,60.4,46.8,87.1,34.5,55.8,High,Mid-Range,Low Value,Customer support was slow and the device disconnects from the app often.
FT100922,25-34,Male,Student,Tier 2,18700.0,< 25K,Graduate,Muscle Gain,Intermediate,4,High,5100,6.7,Poor,Medium,Average,2.3,Medium,No,No,No,No,High,High,Medium,Minimal,Yes,Yes,No,No,No,No,Yes,High,High,No Preference,1010.0,3K-6K,4200,Full Payment,Medium,No,2,No,Yes,Medium,Medium,1,58.0,40.0,59.9,37.4,79.7,34.6,29.9,High,Budget,Low Value,Heart rate readings feel inaccurate during workouts and the strap is uncomfortable.
FT100923,25-34,Male,Working Professional,Tier 1,93400.0,50K-1L,Graduate,Weight Loss,Intermediate,2,Medium,5800,5.9,Poor,Medium,Poor,2.0,Low,No,Yes,No,No,High,High,Medium,Minimal,Yes,No,Yes,Yes,Yes,Yes,Yes,High,Low,No Preference,6230.0,3K-6K,5900,Full Payment,Medium,No,4,Yes,No,Medium,High,2,67.2,33.1,67.0,68.4,63.3,66.7,68.7,High,Mid-Range,Medium Value,"Great value for money, the app is smooth and the design looks premium."
FT100924,18-24,Male,Student,Tier 1,27200.0,25K-50K,Graduate,General Fitness,Intermediate,4,High,6800,6.5,Average,Medium,Average,2.8,Medium,No,No,Yes,Yes,High,Medium,Medium,Moderate,No,Yes,No,No,No,Yes,Yes,High,Medium,Budget / Value,870.0,3K-6K,3700,Full Payment,Medium,Yes,4,Yes,Yes,Low,High,3,44.0,53.3,47.1,72.3,68.0,60.0,49.2,Moderate,Budget,Medium Value,"Reasonable device for the price, a few features could be better."
FT100925,18-24,Male,Student,Tier 1,46300.0,25K-50K,Post Graduate,Muscle Gain,Beginner,0,Low,800,5.7,Poor,High,Good,2.2,High,No,No,No,No,High,High,Medium,Minimal,No,No,Yes,No,No,Yes,Yes,Medium,Medium,No Preference,380.0,6K-10K,6300,Full Payment,Medium,No,4,Yes,No,Low,High,3,77.4,12.3,69.2,50.0,73.4,54.5,34.4,High,Mid-Range,Medium Value,The personalized health reports keep me motivated to stay consistent.
FT100926,18-24,Male,Student,Tier 3,10800.0,< 25K,Diploma,Better Sleep,Beginner,2,Medium,4400,5.6,Poor,Medium,Poor,2.2,High,No,No,Yes,No,High,Medium,High,Minimal,Yes,No,Yes,Yes,Yes,No,No,Low,Medium,Budget / Value,650.0,< 3K,1600,Full Payment,Low,No,3,No,Yes,High,High,3,69.0,23.8,64.4,64.3,55.5,50.7,43.6,High,Budget,Medium Value,"The watch is okay, does the basic job of counting steps."
FT100927,45-54,Male,Homemaker,Tier 2,19000.0,< 25K,Diploma,General Fitness,Beginner,1,Low,3500,6.4,Average,Low,Average,2.7,Low,No,No,No,No,Low,Low,Medium,Frequent,No,No,Yes,Yes,No,No,Yes,High,Low,No Preference,370.0,3K-6K,4400,Full Payment,Medium,Yes,2,No,No,Low,Medium,0,44.6,27.7,50.9,18.2,77.8,30.0,37.2,Low,Budget,Low Value,"Too expensive for the features offered, the price could be lower."
FT100928,25-34,Female,Working Professional,Tier 1,111700.0,1L-2L,Graduate,Weight Loss,Beginner,1,Low,5600,6.5,Average,Medium,Poor,0.9,Low,No,No,No,No,High,High,High,Moderate,No,Yes,Yes,Yes,Yes,Yes,Yes,Medium,Medium,Premium / Trusted,2460.0,10K-18K,10000,EMI,Low,Yes,3,No,No,Medium,High,2,66.1,30.9,67.8,46.8,47.3,38.3,53.1,Moderate,Mid-Range,Low Value,"The watch is okay, does the basic job of counting steps."
FT100929,35-44,Female,Working Professional,Tier 1,173200.0,1L-2L,Post Graduate,General Fitness,Advanced,5,High,9000,7.0,Good,Medium,Average,1.7,Low,No,Yes,No,No,Medium,Medium,High,Moderate,Yes,No,No,No,No,No,Yes,High,Medium,No Preference,4130.0,6K-10K,7600,Full Payment,Medium,No,3,No,Yes,Medium,Medium,0,36.3,73.3,31.7,53.0,58.0,35.2,53.1,Low,Mid-Range,Low Value,"It works as expected, neither impressed nor disappointed so far."
FT100930,18-24,Male,Working Professional,Tier 1,102600.0,1L-2L,Diploma,Better Sleep,Beginner,5,High,11100,7.3,Good,Medium,Average,2.9,Low,Yes,Yes,Yes,Yes,High,High,Medium,Moderate,No,No,Yes,No,Yes,Yes,No,High,Medium,No Preference,5870.0,6K-10K,8200,EMI,High,Yes,3,No,No,Medium,High,2,35.6,67.2,37.8,93.3,84.4,36.1,71.5,Low,Mid-Range,Low Value,Customer support was slow and the device disconnects from the app often.
FT100931,25-34,Female,Self-Employed,Tier 1,78600.0,50K-1L,Graduate,Muscle Gain,Intermediate,2,Medium,6100,7.8,Good,Medium,Good,3.1,Low,No,No,No,No,High,High,High,Minimal,Yes,Yes,No,Yes,No,Yes,No,Medium,Low,Premium / Trusted,3140.0,6K-10K,8300,EMI,Medium,No,2,No,No,Medium,Medium,2,34.5,45.1,34.3,41.5,70.3,26.0,35.7,Low,Mid-Range,Low Value,The app keeps crashing and the notifications are unreliable.
FT100932,25-34,Male,Working Professional,Tier 1,108800.0,1L-2L,Post Graduate,General Fitness,Beginner,2,Medium,4200,6.3,Average,High,Poor,2.6,Medium,No,Yes,No,No,High,High,Medium,Minimal,No,Yes,Yes,Yes,Yes,Yes,Yes,High,Medium,Budget / Value,5680.0,6K-10K,6700,Full Payment,Low,Yes,4,Yes,Yes,High,High,4,73.0,33.9,76.3,66.5,47.4,72.3,68.0,High,Mid-Range,Medium Value,The personalized health reports keep me motivated to stay consistent.
FT100933,35-44,Male,Working Professional,Tier 1,57600.0,50K-1L,High School,Better Sleep,Beginner,2,Medium,5100,5.7,Poor,High,Good,2.5,Medium,No,No,No,Yes,Medium,Medium,High,Frequent,Yes,Yes,Yes,Yes,No,No,No,Low,Medium,Budget / Value,860.0,3K-6K,5300,Full Payment,Low,No,3,No,Yes,Medium,High,2,67.6,26.3,60.4,36.7,53.3,38.3,48.0,High,Mid-Range,Low Value,"Too expensive for the features offered, the price could be lower."
FT100934,35-44,Female,Working Professional,Tier 1,59100.0,50K-1L,High School,Weight Loss,Beginner,0,Low,2400,5.5,Poor,High,Good,2.6,High,No,Yes,No,No,High,Medium,High,Minimal,No,Yes,No,Yes,No,No,No,Medium,High,Budget / Value,1790.0,3K-6K,3300,Full Payment,High,Yes,4,Yes,No,Low,High,4,76.1,14.3,69.7,60.9,91.6,55.8,48.9,High,Budget,Medium Value,Comfortable to wear all day and the stress tracking is genuinely useful.
FT100935,18-24,Female,Working Professional,Tier 3,37100.0,25K-50K,Graduate,General Fitness,Beginner,0,Low,3900,6.1,Poor,Medium,Good,3.1,Medium,No,Yes,No,No,Medium,Low,Medium,Moderate,No,Yes,Yes,Yes,No,Yes,Yes,High,High,Premium / Trusted,770.0,3K-6K,4200,Full Payment,Medium,No,4,Yes,No,Low,Low,0,62.4,16.2,63.6,48.2,70.8,69.4,64.3,High,Budget,Medium Value,"Affordable, lightweight and the companion app is very beginner friendly."
FT100936,45-54,Female,Self-Employed,Tier 2,45600.0,25K-50K,High School,General Fitness,Beginner,1,Low,4200,6.5,Average,Low,Average,1.2,Low,No,No,Yes,No,Low,Medium,Medium,Minimal,Yes,Yes,Yes,No,Yes,Yes,Yes,Low,Low,No Preference,330.0,3K-6K,5100,Full Payment,Low,Yes,3,No,No,High,Medium,0,47.0,26.9,46.8,30.1,47.6,36.7,40.2,Low,Mid-Range,Low Value,"Design is decent, battery is average, app could improve a little."
FT100937,18-24,Male,Working Professional,Tier 3,38200.0,25K-50K,Diploma,Stress Management,Intermediate,4,High,6300,6.5,Average,Medium,Poor,1.9,Medium,No,Yes,Yes,Yes,High,High,Medium,Minimal,Yes,No,Yes,No,Yes,No,Yes,High,High,No Preference,1680.0,3K-6K,4100,Full Payment,Medium,No,4,Yes,Yes,High,High,1,55.0,41.2,50.9,84.4,71.1,67.4,65.7,Moderate,Budget,Medium Value,"Great value for money, the app is smooth and the design looks premium."
FT100938,45-54,Female,Self-Employed,Tier 1,80500.0,50K-1L,Graduate,Better Sleep,Beginner,1,Low,4100,6.5,Poor,Medium,Average,2.2,Medium,No,Yes,No,No,High,High,Medium,Minimal,No,No,Yes,No,No,Yes,Yes,Medium,High,No Preference,590.0,6K-10K,7500,Full Payment,High,No,4,Yes,No,High,Medium,0,69.6,18.6,69.3,60.6,83.8,56.6,53.1,High,Mid-Range,Medium Value,"I love the sleep tracking, it is accurate and easy to understand."
FT100939,18-24,Male,Student,Tier 1,21300.0,< 25K,Graduate,Weight Loss,Intermediate,3,Medium,7100,5.4,Poor,Medium,Average,2.5,High,No,Yes,Yes,Yes,High,High,Medium,Minimal,Yes,No,No,Yes,Yes,No,Yes,High,Medium,Budget / Value,1250.0,3K-6K,5200,Full Payment,Medium,No,3,No,Yes,Low,Medium,0,66.8,39.9,64.9,81.9,69.1,52.4,64.8,High,Mid-Range,Medium Value,"I love the sleep tracking, it is accurate and easy to understand."
FT100940,18-24,Male,Student,Tier 3,15000.0,< 25K,Graduate,Stress Management,Advanced,6,High,7800,6.5,Poor,High,Poor,0.6,High,No,No,No,No,High,High,Medium,Moderate,Yes,No,Yes,No,Yes,No,Yes,Low,Medium,Budget / Value,720.0,< 3K,1200,Full Payment,Medium,No,3,No,No,Low,High,3,79.1,66.1,73.7,42.4,80.0,42.8,43.0,High,Budget,Low Value,Sleep tracking data seems wrong and the design feels cheap.
FT100941,45-54,Male,Working Professional,Tier 1,56800.0,50K-1L,Graduate,Stress Management,Beginner,0,Low,3600,4.4,Poor,High,Average,1.3,High,No,Yes,No,Yes,Low,Medium,Medium,Minimal,Yes,Yes,No,Yes,No,Yes,Yes,High,Medium,Budget / Value,2300.0,3K-6K,3800,Full Payment,High,No,2,No,No,Medium,Low,2,80.3,14.2,78.5,33.4,88.1,34.1,52.1,High,Budget,Low Value,"Reasonable device for the price, a few features could be better."
FT100942,18-24,Other,Working Professional,Tier 2,55900.0,50K-1L,Graduate,Better Sleep,Advanced,5,High,5700,5.9,Poor,High,Average,2.3,Medium,Yes,No,No,Yes,Medium,High,Medium,Moderate,Yes,Yes,No,Yes,No,No,No,Medium,Medium,Premium / Trusted,1900.0,6K-10K,6200,Full Payment,Low,No,3,No,Yes,High,Low,0,70.6,50.2,62.8,34.4,45.5,49.4,35.9,High,Mid-Range,Medium Value,"Average experience overall, nothing special but works fine."
FT100943,25-34,Male,Working Professional,Tier 3,39800.0,25K-50K,Graduate,Better Sleep,Beginner,0,Low,5000,6.8,Average,Medium,Average,3.1,Medium,No,Yes,No,No,Medium,High,High,Moderate,Yes,Yes,No,No,Yes,Yes,No,Medium,High,No Preference,1270.0,< 3K,2900,Full Payment,Medium,Yes,3,No,No,High,Low,1,58.1,25.9,57.2,52.7,76.1,52.1,61.6,Moderate,Budget,Medium Value,"Design is decent, battery is average, app could improve a little."
FT100944,25-34,Female,Working Professional,Tier 2,84000.0,50K-1L,Post Graduate,Stress Management,Beginner,2,Medium,6100,6.2,Poor,High,Average,2.0,High,No,No,Yes,Yes,Low,High,Medium,Moderate,No,Yes,No,Yes,Yes,Yes,Yes,High,Low,No Preference,2190.0,3K-6K,5800,Full Payment,Low,No,3,No,No,Low,Low,0,72.4,28.8,61.3,41.3,47.0,42.5,46.9,High,Mid-Range,Low Value,"Too expensive for the features offered, the price could be lower."
FT100945,18-24,Female,Student,Tier 1,56600.0,50K-1L,Post Graduate,Weight Loss,Beginner,2,Medium,8100,6.2,Poor,Medium,Average,1.8,High,No,Yes,No,No,Medium,High,Medium,Minimal,No,No,Yes,Yes,No,Yes,No,High,High,Budget / Value,2580.0,6K-10K,6100,Full Payment,Medium,No,4,Yes,Yes,High,Medium,2,59.3,33.8,65.3,49.9,72.9,69.0,49.3,High,Mid-Range,Medium Value,"It works as expected, neither impressed nor disappointed so far."
FT100946,35-44,Female,Self-Employed,Tier 2,66600.0,50K-1L,Graduate,General Fitness,Intermediate,4,High,5400,8.0,Good,Low,Average,2.7,Low,No,No,No,No,Medium,High,High,Minimal,Yes,No,No,No,Yes,No,Yes,High,Medium,Premium / Trusted,2440.0,6K-10K,7000,Full Payment,Medium,No,2,No,No,Medium,Medium,0,26.9,55.9,27.5,32.0,66.3,21.0,28.1,Low,Mid-Range,Low Value,Heart rate readings feel inaccurate during workouts and the strap is uncomfortable.
FT100947,45-54,Female,Self-Employed,Tier 1,141200.0,1L-2L,Post Graduate,Medical / Recovery,Intermediate,2,Medium,7200,5.7,Poor,High,Average,2.0,Medium,Yes,No,Yes,No,Medium,Medium,High,Minimal,Yes,Yes,Yes,Yes,No,Yes,Yes,High,Medium,Budget / Value,3660.0,6K-10K,7900,Full Payment,High,No,3,No,Yes,Low,Medium,0,70.9,39.6,68.2,44.1,81.0,49.5,45.1,High,Mid-Range,Medium Value,Step counting is accurate and syncing with the app is fast and seamless.
FT100948,45-54,Female,Self-Employed,Tier 1,115500.0,1L-2L,Post Graduate,Muscle Gain,Intermediate,3,Medium,8000,5.4,Poor,Medium,Average,3.0,Medium,Yes,Yes,No,Yes,Medium,Medium,Medium,Minimal,No,No,No,No,No,No,No,Medium,Medium,Budget / Value,7310.0,6K-10K,6800,Full Payment,Medium,No,3,No,No,Low,Medium,1,65.0,51.1,59.9,46.0,64.8,46.1,35.1,High,Mid-Range,Medium Value,"It works as expected, neither impressed nor disappointed so far."
FT100949,25-34,Male,Working Professional,Tier 1,75500.0,50K-1L,High School,Muscle Gain,Advanced,3,Medium,6000,6.9,Poor,Low,Average,2.1,Medium,No,Yes,No,No,Medium,Medium,Low,Moderate,Yes,Yes,Yes,No,No,Yes,Yes,Low,Medium,No Preference,2120.0,3K-6K,5800,Full Payment,Medium,No,4,Yes,No,Medium,High,7,53.1,50.1,53.3,56.7,67.2,64.4,67.3,Moderate,Mid-Range,Medium Value,"Affordable, lightweight and the companion app is very beginner friendly."
FT100950,25-34,Male,Student,Tier 3,28300.0,25K-50K,Post Graduate,Better Sleep,Beginner,1,Low,3400,4.7,Poor,High,Poor,1.4,High,No,No,No,Yes,Low,Medium,Medium,Moderate,Yes,Yes,No,No,Yes,No,Yes,High,Medium,No Preference,1530.0,< 3K,1800,Full Payment,Medium,Yes,2,No,Yes,Low,Medium,2,87.6,18.9,89.8,20.2,69.6,23.8,35.2,High,Budget,Low Value,The app keeps crashing and the notifications are unreliable.
FT100951,18-24,Female,Working Professional,Tier 2,65100.0,50K-1L,Post Graduate,Better Sleep,Intermediate,5,High,6500,6.1,Average,Medium,Average,3.4,Low,No,No,No,No,High,Medium,Medium,Minimal,Yes,Yes,No,Yes,No,No,Yes,Low,Medium,Premium / Trusted,2020.0,6K-10K,7500,Full Payment,Low,Yes,2,No,No,Medium,Medium,0,47.8,57.1,44.3,38.2,50.3,32.5,34.5,Moderate,Mid-Range,Low Value,"Too expensive for the features offered, the price could be lower."
FT100952,18-24,Male,Working Professional,Tier 1,59100.0,50K-1L,Diploma,Stress Management,Intermediate,3,Medium,3900,6.0,Poor,High,Average,3.3,High,No,Yes,Yes,Yes,High,High,Low,Minimal,Yes,Yes,Yes,Yes,No,Yes,Yes,High,Medium,Budget / Value,810.0,3K-6K,5600,Full Payment,Medium,No,4,Yes,Yes,Low,Medium,4,72.0,34.8,71.3,83.5,71.0,69.4,73.9,High,Mid-Range,Medium Value,Comfortable to wear all day and the stress tracking is genuinely useful.
FT100953,18-24,Male,Working Professional,Tier 1,67300.0,50K-1L,High School,Better Sleep,Beginner,0,Low,1600,5.6,Poor,High,Average,1.5,High,No,Yes,No,No,High,High,High,Moderate,Yes,Yes,No,Yes,No,Yes,Yes,Medium,Medium,Budget / Value,4310.0,6K-10K,6700,Full Payment,Low,Yes,4,Yes,Yes,Low,High,5,78.8,8.8,79.1,58.6,43.6,69.5,67.9,High,Mid-Range,Medium Value,The battery life is excellent and lasts almost a week on a single charge.
FT100954,45-54,Male,Homemaker,Tier 2,25400.0,25K-50K,Graduate,Weight Loss,Beginner,1,Low,1800,6.9,Average,Medium,Poor,2.3,Medium,Yes,No,No,No,Low,Low,Low,Minimal,Yes,Yes,Yes,No,Yes,No,Yes,Medium,Low,No Preference,1350.0,< 3K,2800,Full Payment,Medium,Yes,3,No,No,High,Medium,0,61.1,23.6,66.0,19.3,82.1,35.7,32.2,Moderate,Budget,Low Value,"Reasonable device for the price, a few features could be better."
FT100955,45-54,Male,Homemaker,Tier 3,19000.0,< 25K,Graduate,Stress Management,Beginner,0,Low,5900,6.5,Average,Low,Poor,2.0,Low,Yes,No,No,No,Low,Low,Medium,Moderate,No,No,No,No,Yes,No,Yes,High,High,Premium / Trusted,310.0,6K-10K,6100,Full Payment,Low,Yes,3,No,No,High,Low,0,50.4,31.1,60.1,17.7,60.4,42.9,25.8,Low,Mid-Range,Low Value,I am worried about my health data privacy and how it is stored.
FT100956,35-44,Male,Self-Employed,Tier 1,76500.0,50K-1L,Graduate,Medical / Recovery,Beginner,0,Low,800,6.7,Average,Medium,Average,2.3,Low,Yes,No,No,No,High,High,Medium,Frequent,No,No,No,No,No,Yes,Yes,Medium,Medium,No Preference,2440.0,6K-10K,7800,Full Payment,Low,Yes,3,No,Yes,Medium,Medium,1,60.4,13.9,60.7,41.8,48.0,39.6,41.2,Moderate,Mid-Range,Low Value,"Too expensive for the features offered, the price could be lower."
FT100957,25-34,Male,Working Professional,Tier 1,78500.0,50K-1L,Graduate,Weight Loss,Intermediate,4,High,7700,4.5,Poor,High,Poor,1.6,High,Yes,Yes,Yes,No,High,High,Medium,Frequent,Yes,No,Yes,No,Yes,No,No,Medium,High,Premium / Trusted,4780.0,6K-10K,7700,Full Payment,High,No,4,Yes,No,Low,High,3,80.7,50.2,74.7,79.6,89.1,58.4,73.7,High,Mid-Range,Medium Value,"Great value for money, the app is smooth and the design looks premium."
FT100958,25-34,Female,Working Professional,Tier 3,43000.0,25K-50K,High School,Weight Loss,Beginner,0,Low,3800,6.7,Average,High,Good,3.0,High,No,No,No,No,Low,Medium,Medium,Moderate,Yes,No,No,No,No,Yes,Yes,High,Medium,Premium / Trusted,2150.0,3K-6K,5400,Full Payment,Medium,Yes,3,No,No,High,Low,1,62.9,18.6,58.3,14.6,70.3,50.3,29.0,High,Mid-Range,Medium Value,"The watch is okay, does the basic job of counting steps."
FT100959,25-34,Male,Self-Employed,Tier 3,24600.0,< 25K,Diploma,Stress Management,Beginner,2,Medium,5800,6.7,Average,Low,Average,3.3,Low,Yes,No,Yes,Yes,Low,Low,High,Moderate,No,No,No,Yes,No,Yes,No,Medium,Low,Premium / Trusted,1020.0,3K-6K,3400,Full Payment,Medium,No,1,No,No,Low,Medium,0,40.3,36.5,39.2,40.9,70.0,10.9,33.9,Low,Budget,Low Value,Sleep tracking data seems wrong and the design feels cheap.
FT100960,25-34,Other,Working Professional,Tier 3,65800.0,50K-1L,Post Graduate,General Fitness,Intermediate,3,Medium,7100,6.2,Poor,High,Poor,1.5,High,Yes,Yes,Yes,Yes,High,High,High,Frequent,Yes,Yes,Yes,No,Yes,Yes,No,Medium,High,No Preference,3960.0,3K-6K,4000,Full Payment,Medium,Yes,4,Yes,No,Low,Medium,2,88.3,40.1,79.0,80.8,71.6,55.6,82.7,High,Budget,Medium Value,"Reasonable device for the price, a few features could be better."
FT100961,25-34,Female,Working Professional,Tier 1,64900.0,50K-1L,High School,Weight Loss,Intermediate,3,Medium,8000,6.2,Average,Low,Good,2.4,Medium,No,No,No,No,Medium,High,Low,Moderate,Yes,Yes,No,No,No,No,Yes,High,High,No Preference,1460.0,3K-6K,4700,Full Payment,Medium,Yes,3,No,No,Low,High,4,32.5,51.6,32.5,34.0,64.7,37.1,35.8,Low,Budget,Low Value,"Design is decent, battery is average, app could improve a little."
FT100962,18-24,Male,Student,Tier 1,19700.0,< 25K,Graduate,Weight Loss,Advanced,5,High,7700,7.7,Good,Medium,Average,3.3,Low,No,Yes,No,No,High,Medium,High,Moderate,No,Yes,Yes,Yes,Yes,Yes,No,Medium,Medium,Premium / Trusted,990.0,6K-10K,6500,Full Payment,Low,No,3,No,No,Low,High,3,33.6,72.5,36.4,62.2,55.3,45.2,69.2,Low,Mid-Range,Medium Value,Sleep tracking data seems wrong and the design feels cheap.
FT100963,18-24,Female,Working Professional,Tier 2,41600.0,25K-50K,Diploma,General Fitness,Intermediate,2,Medium,5400,5.3,Poor,High,Poor,1.5,High,No,Yes,Yes,Yes,High,High,Medium,Moderate,Yes,No,Yes,Yes,No,No,Yes,Medium,Medium,No Preference,2720.0,3K-6K,4700,Full Payment,High,No,5,Yes,Yes,Medium,High,3,85.3,38.6,85.6,97.1,87.2,74.3,77.1,High,Budget,Medium Value,"Affordable, lightweight and the companion app is very beginner friendly."
FT100964,55+,Female,Working Professional,Tier 1,77200.0,50K-1L,Graduate,General Fitness,Intermediate,4,High,6900,4.8,Poor,High,Good,1.8,High,No,Yes,Yes,Yes,Medium,Medium,Medium,Frequent,Yes,No,Yes,Yes,No,No,Yes,High,Medium,No Preference,770.0,3K-6K,5800,Full Payment,Medium,No,4,Yes,Yes,Low,Medium,1,62.4,40.6,58.1,69.3,63.2,60.7,74.4,High,Mid-Range,Medium Value,"The watch is okay, does the basic job of counting steps."
FT100965,25-34,Female,Homemaker,Tier 3,20700.0,< 25K,Graduate,Better Sleep,Beginner,0,Low,5300,6.5,Poor,Medium,Good,2.8,Low,No,No,No,Yes,Low,Medium,High,Minimal,Yes,Yes,No,No,No,No,Yes,High,High,No Preference,1240.0,< 3K,2900,Full Payment,Low,Yes,3,No,Yes,Medium,Low,1,60.4,23.7,56.9,12.2,54.3,46.2,21.1,High,Budget,Medium Value,I am worried about my health data privacy and how it is stored.
FT100966,55+,Male,Retired,Tier 1,40000.0,25K-50K,Diploma,Muscle Gain,Intermediate,3,Medium,10100,7.4,Good,Medium,Average,2.2,Medium,No,No,Yes,Yes,Medium,High,High,Moderate,Yes,No,Yes,No,No,No,No,Medium,Low,No Preference,1410.0,3K-6K,3500,Full Payment,High,Yes,2,No,Yes,High,Medium,0,43.8,64.8,44.9,55.9,94.2,28.4,39.1,Low,Budget,Low Value,Heart rate readings feel inaccurate during workouts and the strap is uncomfortable.
FT100967,18-24,Male,Working Professional,Tier 2,63300.0,50K-1L,Graduate,Stress Management,Beginner,1,Low,2000,5.7,Poor,High,Poor,1.0,High,Yes,No,Yes,Yes,High,High,Medium,Moderate,Yes,Yes,No,No,Yes,No,Yes,High,Low,Budget / Value,2070.0,3K-6K,5300,Full Payment,High,Yes,4,Yes,No,Medium,Medium,0,92.3,17.0,83.8,61.5,88.4,57.2,49.7,High,Mid-Range,Medium Value,Comfortable to wear all day and the stress tracking is genuinely useful.
FT100968,25-34,Male,Self-Employed,Tier 3,28400.0,25K-50K,Graduate,Weight Loss,Beginner,2,Medium,1500,7.2,Average,Medium,Good,2.0,Medium,No,No,Yes,Yes,Medium,Medium,Medium,Moderate,Yes,Yes,No,Yes,Yes,No,No,Medium,High,Budget / Value,1560.0,< 3K,1300,Full Payment,High,No,2,No,Yes,Low,Low,0,44.2,23.7,45.4,55.0,91.6,33.9,47.4,Moderate,Budget,Low Value,I am worried about my health data privacy and how it is stored.
FT100969,18-24,Female,Student,Tier 3,16500.0,< 25K,High School,General Fitness,Advanced,6,High,10600,7.4,Good,Low,Poor,3.7,Low,No,Yes,Yes,No,High,Medium,Low,Minimal,Yes,No,No,No,No,No,Yes,Medium,Low,Budget / Value,140.0,< 3K,2100,Full Payment,High,No,2,No,No,Medium,Low,0,30.6,85.4,32.8,77.8,85.5,20.7,54.8,Low,Budget,Low Value,"Too expensive for the features offered, the price could be lower."
FT100970,18-24,Other,Student,Tier 2,21200.0,< 25K,Graduate,General Fitness,Intermediate,0,Low,4900,5.2,Poor,High,Average,4.0,High,No,No,No,No,High,Medium,Medium,Frequent,No,Yes,No,No,No,No,Yes,Medium,High,Premium / Trusted,1100.0,6K-10K,6000,Full Payment,Low,No,3,No,No,Medium,High,2,83.9,30.6,80.8,47.6,52.8,39.5,43.2,High,Mid-Range,Low Value,"Affordable, lightweight and the companion app is very beginner friendly."
FT100971,18-24,Female,Self-Employed,Tier 3,46400.0,25K-50K,Graduate,Better Sleep,Intermediate,4,High,10900,6.9,Average,Medium,Average,1.8,High,Yes,No,No,Yes,Medium,High,Medium,Minimal,Yes,Yes,Yes,Yes,Yes,No,No,High,High,No Preference,1440.0,3K-6K,3900,Full Payment,High,No,1,No,No,Medium,Medium,0,37.8,61.3,38.7,34.9,83.6,5.9,37.6,Moderate,Budget,Low Value,"Too expensive for the features offered, the price could be lower."
FT100972,18-24,Female,Student,Tier 1,25600.0,25K-50K,Graduate,Medical / Recovery,Beginner,0,Low,4300,5.7,Poor,High,Good,1.6,High,Yes,No,Yes,Yes,Medium,High,Medium,Moderate,Yes,Yes,Yes,Yes,No,No,No,Low,Medium,Budget / Value,960.0,3K-6K,4500,Full Payment,Low,No,3,No,No,Low,Medium,0,78.0,20.9,72.1,49.7,53.4,36.0,45.5,High,Budget,Low Value,Hard to set up for beginners and too many confusing notifications.
FT100973,45-54,Other,Self-Employed,Tier 1,69100.0,50K-1L,Graduate,General Fitness,Intermediate,3,Medium,8800,5.7,Poor,Medium,Average,1.9,Medium,No,Yes,No,No,Medium,Medium,High,Frequent,Yes,No,No,No,No,No,Yes,High,High,Premium / Trusted,4270.0,6K-10K,9400,Full Payment,Medium,No,3,No,No,Low,Medium,1,68.0,49.9,58.4,51.2,67.5,48.9,59.5,High,Mid-Range,Medium Value,"The watch is okay, does the basic job of counting steps."
FT100974,25-34,Female,Working Professional,Tier 1,177600.0,1L-2L,Post Graduate,Medical / Recovery,Beginner,1,Low,7100,5.3,Poor,High,Poor,3.7,High,Yes,Yes,Yes,Yes,Medium,Medium,Medium,Minimal,Yes,Yes,No,Yes,Yes,Yes,No,Low,High,Premium / Trusted,8350.0,10K-18K,11700,Full Payment,Low,Yes,5,Yes,No,High,High,0,84.5,31.1,86.0,69.8,35.8,81.6,64.9,High,Mid-Range,Medium Value,"Great value for money, the app is smooth and the design looks premium."
FT100975,25-34,Male,Self-Employed,Tier 3,15800.0,< 25K,High School,Weight Loss,Beginner,1,Low,6700,6.6,Average,Low,Average,3.0,Low,No,No,Yes,Yes,High,High,Medium,Moderate,Yes,Yes,Yes,No,No,Yes,No,High,High,Premium / Trusted,860.0,3K-6K,4500,Full Payment,Low,Yes,4,Yes,Yes,Low,Medium,3,41.4,34.8,49.6,67.8,54.1,58.5,51.9,Low,Budget,Medium Value,Comfortable to wear all day and the stress tracking is genuinely useful.
FT100976,25-34,Female,Working Professional,Tier 3,30700.0,25K-50K,High School,General Fitness,Beginner,2,Medium,6800,7.1,Average,Medium,Good,3.5,Medium,No,No,No,No,Medium,Low,Medium,Moderate,No,Yes,Yes,No,No,No,No,High,Medium,Budget / Value,490.0,< 3K,2000,Full Payment,Medium,Yes,4,Yes,No,Low,Medium,1,40.9,37.0,44.6,28.5,73.8,55.2,29.5,Moderate,Budget,Medium Value,"Reasonable device for the price, a few features could be better."
FT100977,25-34,Male,Self-Employed,Tier 1,60100.0,50K-1L,Graduate,Stress Management,Beginner,2,Medium,2900,5.3,Poor,High,Average,3.1,Medium,No,Yes,Yes,Yes,High,Medium,High,Moderate,Yes,Yes,Yes,No,Yes,Yes,No,Medium,Medium,Budget / Value,3070.0,3K-6K,5600,Full Payment,Medium,Yes,4,Yes,Yes,Medium,High,5,74.0,18.3,77.5,79.6,70.8,62.9,75.3,High,Mid-Range,Medium Value,Comfortable to wear all day and the stress tracking is genuinely useful.
FT100978,25-34,Male,Working Professional,Tier 1,82400.0,50K-1L,Graduate,General Fitness,Beginner,0,Low,3000,5.9,Poor,Medium,Good,2.3,Medium,No,No,No,No,Medium,Medium,High,Minimal,Yes,Yes,Yes,Yes,No,No,No,Low,Medium,Budget / Value,1660.0,3K-6K,5800,Full Payment,High,Yes,2,No,Yes,Low,Medium,0,59.5,12.1,61.5,34.4,86.6,31.0,33.2,High,Mid-Range,Low Value,I am worried about my health data privacy and how it is stored.
FT100979,18-24,Male,Working Professional,Tier 1,93900.0,50K-1L,Post Graduate,Better Sleep,Intermediate,2,Medium,5700,5.3,Poor,High,Poor,1.5,High,No,No,Yes,Yes,High,High,High,Moderate,Yes,Yes,Yes,No,No,No,Yes,Low,Low,Budget / Value,1650.0,6K-10K,6800,Full Payment,Low,No,3,No,Yes,High,Medium,0,85.9,37.4,83.1,67.3,49.3,36.0,51.7,High,Mid-Range,Low Value,The app keeps crashing and the notifications are unreliable.
FT100980,55+,Female,Retired,Tier 1,34200.0,25K-50K,Diploma,Weight Loss,Beginner,1,Low,3900,8.7,Good,Low,Good,1.7,Low,No,No,No,Yes,Medium,Medium,Low,Moderate,No,No,No,No,No,Yes,Yes,High,Medium,Budget / Value,1700.0,3K-6K,3900,Full Payment,Medium,No,2,No,No,Medium,Medium,1,26.0,30.6,30.6,26.9,61.7,18.3,29.0,Low,Budget,Low Value,Heart rate readings feel inaccurate during workouts and the strap is uncomfortable.
FT100981,35-44,Male,Self-Employed,Tier 3,41300.0,25K-50K,Graduate,Stress Management,Intermediate,1,Low,4000,5.7,Poor,Medium,Poor,1.9,Medium,No,No,No,No,Low,High,High,Minimal,No,Yes,No,No,Yes,No,Yes,High,Medium,Premium / Trusted,1800.0,3K-6K,4600,Full Payment,Medium,No,3,No,No,High,Medium,0,75.1,21.4,74.7,19.8,66.6,39.4,23.8,High,Budget,Low Value,Heart rate readings feel inaccurate during workouts and the strap is uncomfortable.
FT100982,35-44,Male,Self-Employed,Tier 1,42800.0,25K-50K,Graduate,Weight Loss,Advanced,4,High,10200,7.2,Good,Medium,Average,1.8,Low,No,No,No,No,High,High,High,Moderate,Yes,No,Yes,Yes,Yes,No,Yes,High,High,Premium / Trusted,580.0,6K-10K,7400,Full Payment,Medium,No,3,No,No,High,Low,0,36.7,70.9,39.2,37.8,72.2,48.1,45.7,Low,Mid-Range,Medium Value,The personalized health reports keep me motivated to stay consistent.
FT100983,25-34,Male,Working Professional,Tier 3,33600.0,25K-50K,Diploma,Weight Loss,Beginner,3,Medium,4900,5.7,Poor,Medium,Good,1.9,High,No,No,Yes,Yes,Medium,Medium,Low,Moderate,No,No,Yes,Yes,No,Yes,No,Medium,Low,Premium / Trusted,1260.0,3K-6K,5300,Full Payment,Low,Yes,4,Yes,Yes,Low,Medium,3,55.2,27.5,51.9,52.4,52.2,62.1,42.2,High,Mid-Range,Medium Value,The personalized health reports keep me motivated to stay consistent.
FT100984,18-24,Male,Student,Tier 2,20300.0,< 25K,Graduate,General Fitness,Intermediate,1,Low,5500,6.9,Average,Medium,Average,2.8,Low,No,Yes,No,No,High,High,Medium,Moderate,No,Yes,Yes,Yes,No,Yes,Yes,High,Low,No Preference,890.0,3K-6K,3600,Full Payment,Low,No,3,No,No,Medium,High,5,57.3,37.4,54.3,58.5,50.3,50.0,67.9,Moderate,Budget,Medium Value,"Average experience overall, nothing special but works fine."
FT100985,45-54,Male,Self-Employed,Tier 1,57900.0,50K-1L,Graduate,Medical / Recovery,Beginner,1,Low,4700,6.1,Poor,High,Average,2.4,High,Yes,No,No,No,Low,Low,Medium,Frequent,Yes,No,No,Yes,No,No,Yes,High,Low,Budget / Value,3720.0,3K-6K,4300,Full Payment,Low,No,2,No,No,Medium,High,4,83.1,24.4,75.0,21.3,51.2,31.4,38.3,High,Budget,Low Value,Customer support was slow and the device disconnects from the app often.
FT100986,25-34,Female,Working Professional,Tier 1,105300.0,1L-2L,Diploma,Muscle Gain,Advanced,4,High,5900,7.0,Average,Medium,Average,3.3,Low,No,Yes,Yes,Yes,High,High,Medium,Moderate,Yes,No,Yes,Yes,No,Yes,No,Medium,High,Premium / Trusted,1830.0,10K-18K,10400,Full Payment,Medium,No,3,No,Yes,Low,High,0,55.4,58.1,45.6,100.0,66.3,50.7,78.1,Moderate,Mid-Range,Medium Value,"Reasonable device for the price, a few features could be better."
FT100987,18-24,Female,Student,Tier 3,12700.0,< 25K,Graduate,Muscle Gain,Beginner,4,High,5500,6.8,Average,Medium,Good,2.5,Medium,No,Yes,No,No,High,High,High,Minimal,No,Yes,No,No,No,Yes,Yes,Low,Medium,Budget / Value,210.0,< 3K,1300,Full Payment,Low,No,3,No,No,Medium,High,0,41.2,38.0,35.0,65.7,51.5,44.9,54.9,Moderate,Budget,Low Value,"Design is decent, battery is average, app could improve a little."
FT100988,25-34,Male,Working Professional,Tier 2,48300.0,25K-50K,Diploma,Weight Loss,Beginner,1,Low,1000,6.3,Poor,Medium,Poor,1.8,High,No,No,No,No,High,High,High,Moderate,Yes,Yes,Yes,Yes,Yes,No,Yes,Medium,Low,Premium / Trusted,2450.0,6K-10K,6700,Full Payment,High,No,4,Yes,Yes,High,High,1,71.6,12.0,72.7,42.8,86.5,63.6,51.7,High,Mid-Range,Medium Value,"It works as expected, neither impressed nor disappointed so far."
FT100989,35-44,Male,Homemaker,Tier 2,26500.0,25K-50K,Post Graduate,Weight Loss,Beginner,1,Low,5000,6.0,Poor,Medium,Poor,2.5,Medium,No,Yes,No,No,High,High,Low,Moderate,Yes,No,No,Yes,Yes,No,Yes,High,High,No Preference,850.0,3K-6K,4100,Full Payment,High,Yes,3,No,No,Low,Low,3,78.4,19.3,83.0,60.0,85.0,52.3,64.1,High,Budget,Medium Value,"I love the sleep tracking, it is accurate and easy to understand."
FT100990,25-34,Male,Working Professional,Tier 1,70700.0,50K-1L,Diploma,Weight Loss,Advanced,4,High,7300,6.4,Poor,High,Average,1.1,High,No,Yes,No,No,High,High,Low,Moderate,Yes,Yes,Yes,Yes,No,No,No,High,Low,Premium / Trusted,3560.0,6K-10K,8100,Full Payment,Low,No,4,Yes,No,High,Medium,1,70.9,54.3,58.4,63.0,47.6,58.1,65.2,High,Mid-Range,Medium Value,"The watch is okay, does the basic job of counting steps."
FT100991,35-44,Male,Working Professional,Tier 3,39800.0,25K-50K,High School,Better Sleep,Beginner,1,Low,2600,5.8,Poor,Medium,Good,0.5,Medium,No,No,No,No,Low,High,Low,Minimal,Yes,No,Yes,No,No,Yes,No,High,Medium,Budget / Value,740.0,< 3K,2200,Full Payment,Low,No,3,No,No,Low,Medium,0,64.8,19.2,59.8,22.8,51.3,34.7,24.8,High,Budget,Low Value,The battery drains too quickly and charging takes very long.
FT100992,35-44,Female,Homemaker,Tier 3,20900.0,< 25K,High School,Weight Loss,Intermediate,4,High,4000,4.8,Poor,Medium,Good,2.8,High,No,No,No,Yes,Low,Medium,High,Minimal,Yes,Yes,Yes,Yes,Yes,No,No,High,Medium,Budget / Value,890.0,< 3K,2100,Full Payment,Low,No,2,No,Yes,Low,Medium,0,51.8,40.3,51.9,1.8,49.4,17.3,26.1,High,Budget,Low Value,Heart rate readings feel inaccurate during workouts and the strap is uncomfortable.
FT100993,18-24,Female,Student,Tier 3,11100.0,< 25K,High School,General Fitness,Beginner,0,Low,3800,5.1,Poor,Medium,Average,3.1,Medium,No,No,No,No,Medium,High,Low,Frequent,Yes,No,No,No,No,Yes,Yes,Low,High,Premium / Trusted,210.0,3K-6K,3800,Full Payment,High,No,3,No,No,High,Medium,0,71.9,15.5,68.7,24.0,91.2,40.6,39.3,High,Budget,Low Value,"Design is decent, battery is average, app could improve a little."
FT100994,45-54,Female,Working Professional,Tier 2,67200.0,50K-1L,Diploma,Muscle Gain,Intermediate,4,High,7100,5.5,Poor,Medium,Average,2.4,Medium,Yes,Yes,Yes,Yes,High,High,Medium,Minimal,No,No,No,Yes,No,No,Yes,High,Medium,No Preference,2060.0,3K-6K,5200,Full Payment,Low,Yes,2,No,No,Low,High,1,57.3,52.0,61.9,84.1,48.2,34.5,57.0,High,Mid-Range,Low Value,Heart rate readings feel inaccurate during workouts and the strap is uncomfortable.
FT100995,25-34,Male,Working Professional,Tier 3,70400.0,50K-1L,Graduate,Muscle Gain,Beginner,2,Medium,3900,6.7,Poor,Medium,Average,2.0,Medium,No,Yes,Yes,Yes,High,High,Medium,Minimal,Yes,No,Yes,Yes,No,Yes,No,High,High,Premium / Trusted,4270.0,6K-10K,7200,Full Payment,High,No,3,No,Yes,High,Medium,1,64.6,21.5,63.8,82.9,90.3,49.3,65.2,High,Mid-Range,Medium Value,"It works as expected, neither impressed nor disappointed so far."
FT100996,25-34,Female,Working Professional,Tier 1,60600.0,50K-1L,High School,General Fitness,Beginner,3,Medium,4600,7.5,Average,Medium,Average,1.2,Medium,Yes,Yes,No,No,High,Medium,Low,Frequent,No,Yes,Yes,No,Yes,Yes,Yes,Medium,Low,Budget / Value,1150.0,3K-6K,4900,Full Payment,High,Yes,4,Yes,No,Medium,High,3,52.3,39.5,48.0,61.9,86.1,55.2,76.1,Moderate,Budget,Medium Value,"Affordable, lightweight and the companion app is very beginner friendly."
FT100997,18-24,Male,Student,Tier 2,24400.0,< 25K,Diploma,Weight Loss,Beginner,1,Low,3700,4.8,Poor,High,Poor,3.2,High,No,Yes,No,No,Medium,Medium,Low,Moderate,No,Yes,No,No,Yes,Yes,No,High,Medium,No Preference,520.0,3K-6K,4500,Full Payment,Low,No,4,Yes,No,High,Low,2,88.5,18.6,90.0,45.2,49.6,61.5,54.7,High,Budget,Medium Value,Comfortable to wear all day and the stress tracking is genuinely useful.
FT100998,55+,Male,Homemaker,Tier 2,19400.0,< 25K,High School,General Fitness,Beginner,2,Medium,6000,6.0,Poor,Medium,Poor,2.3,Medium,Yes,Yes,No,No,Medium,High,High,Minimal,Yes,Yes,Yes,No,No,Yes,Yes,Medium,Medium,Budget / Value,960.0,< 3K,2100,Full Payment,High,No,2,No,Yes,Medium,Low,0,69.7,36.7,68.6,44.7,98.2,33.1,56.1,High,Budget,Low Value,Heart rate readings feel inaccurate during workouts and the strap is uncomfortable.
FT100999,18-24,Female,Student,Tier 2,21600.0,< 25K,Graduate,Stress Management,Intermediate,3,Medium,5700,6.2,Average,Medium,Poor,2.5,Medium,No,Yes,No,No,Medium,High,Medium,Minimal,No,Yes,Yes,Yes,No,No,Yes,High,Medium,Budget / Value,450.0,3K-6K,4200,Full Payment,Medium,No,3,No,No,Low,Low,1,62.0,46.5,59.5,56.9,75.6,50.7,56.1,Moderate,Budget,Medium Value,Heart rate monitoring feels reliable and the hydration reminders really help.
FT101000,18-24,Female,Working Professional,Tier 3,31300.0,25K-50K,High School,Weight Loss,Intermediate,5,High,6400,7.3,Good,Medium,Poor,2.3,Medium,No,Yes,Yes,Yes,High,Medium,Medium,Moderate,Yes,No,No,Yes,Yes,No,Yes,High,High,Budget / Value,1160.0,3K-6K,4200,Full Payment,Medium,No,3,No,No,High,Medium,1,46.7,55.8,41.5,81.6,66.5,49.5,71.7,Low,Budget,Medium Value,The battery life is excellent and lasts almost a week on a single charge.
FT101001,25-34,Female,Working Professional,Tier 3,29100.0,25K-50K,Graduate,Stress Management,Beginner,2,Medium,5100,6.0,Poor,Medium,Poor,1.9,High,Yes,Yes,Yes,No,Low,Medium,Medium,Moderate,Yes,Yes,No,Yes,Yes,No,Yes,Low,High,Premium / Trusted,1250.0,3K-6K,5400,Full Payment,High,No,4,Yes,No,Medium,Medium,0,76.5,25.9,68.3,61.7,94.1,66.7,69.0,High,Mid-Range,Medium Value,"It works as expected, neither impressed nor disappointed so far."
FT101002,18-24,Female,Student,Tier 2,22400.0,< 25K,Graduate,Weight Loss,Beginner,1,Low,6000,6.7,Good,Medium,Good,1.4,Low,Yes,No,No,Yes,Medium,High,Low,Minimal,Yes,Yes,Yes,No,Yes,No,Yes,High,Medium,No Preference,1190.0,3K-6K,4800,Full Payment,Medium,Yes,3,No,No,Low,Medium,0,41.2,32.3,44.4,35.0,70.6,39.9,37.7,Low,Budget,Low Value,"The watch is okay, does the basic job of counting steps."
FT101003,18-24,Female,Student,Tier 2,14100.0,< 25K,Graduate,Better Sleep,Beginner,1,Low,4200,6.1,Average,Medium,Poor,2.5,Medium,Yes,No,No,No,High,High,Medium,Moderate,Yes,Yes,Yes,No,Yes,No,No,Medium,Low,Budget / Value,140.0,< 3K,2500,Full Payment,Medium,No,3,No,No,Low,Low,1,65.0,33.0,64.5,47.2,77.8,39.9,44.7,Moderate,Budget,Low Value,Hard to set up for beginners and too many confusing notifications.
FT101004,25-34,Female,Working Professional,Tier 3,24200.0,< 25K,Diploma,Medical / Recovery,Intermediate,3,Medium,6400,7.0,Poor,High,Good,1.9,High,Yes,Yes,No,No,High,High,Low,Minimal,Yes,Yes,Yes,Yes,No,No,Yes,Medium,High,Premium / Trusted,1530.0,6K-10K,6300,Full Payment,Medium,Yes,5,Yes,Yes,Medium,High,2,70.5,39.2,58.7,69.0,70.9,75.1,64.6,High,Mid-Range,Medium Value,"Design is decent, battery is average, app could improve a little."
FT101005,25-34,Male,Self-Employed,Tier 3,51900.0,50K-1L,Post Graduate,Weight Loss,Intermediate,4,High,6800,6.0,Poor,High,Average,2.0,High,No,No,No,Yes,Medium,Medium,Medium,Minimal,Yes,Yes,No,Yes,No,No,No,High,Medium,Premium / Trusted,2400.0,3K-6K,5200,Full Payment,Medium,No,3,No,No,Low,Low,0,61.6,50.3,58.7,26.2,62.2,38.2,26.0,High,Mid-Range,Low Value,"Reasonable device for the price, a few features could be better."
FT101006,45-54,Male,Working Professional,Tier 2,49000.0,25K-50K,Graduate,General Fitness,Advanced,6,High,8000,6.9,Average,Low,Average,3.7,Low,No,No,No,No,Low,Low,Low,Moderate,Yes,No,No,Yes,No,No,No,Low,High,Premium / Trusted,2530.0,3K-6K,5100,Full Payment,High,Yes,2,No,Yes,Low,Low,0,36.9,73.8,33.3,15.3,86.7,18.4,24.9,Low,Mid-Range,Low Value,Sleep tracking data seems wrong and the design feels cheap.
FT101007,25-34,Male,Working Professional,Tier 1,56900.0,50K-1L,High School,General Fitness,Advanced,4,High,5700,6.1,Poor,High,Average,2.3,Medium,No,Yes,No,No,High,High,Medium,Moderate,No,No,Yes,No,No,Yes,Yes,Medium,High,Budget / Value,1930.0,6K-10K,7100,Full Payment,Low,Yes,3,Yes,Yes,High,Medium,0,69.2,47.5,67.8,69.2,46.1,52.5,63.1,High,Mid-Range,Medium Value,"Design is decent, battery is average, app could improve a little."
FT101008,35-44,Male,Working Professional,Tier 1,94300.0,50K-1L,Graduate,Better Sleep,Beginner,2,Medium,2200,5.7,Poor,High,Average,2.3,High,No,No,No,No,Low,Low,Low,Moderate,No,No,No,Yes,No,No,No,Medium,High,Premium / Trusted,1490.0,6K-10K,7800,Full Payment,High,No,4,Yes,No,High,Medium,4,77.4,15.7,69.7,23.4,81.2,56.6,23.5,High,Mid-Range,Medium Value,"Average experience overall, nothing special but works fine."
FT101009,25-34,Male,Self-Employed,Tier 3,42900.0,25K-50K,Graduate,Muscle Gain,Beginner,2,Medium,7300,7.2,Average,Medium,Poor,1.9,Low,Yes,No,No,Yes,Low,Medium,Low,Minimal,No,Yes,Yes,Yes,Yes,Yes,Yes,Medium,Medium,No Preference,2400.0,< 3K,2100,Full Payment,High,No,3,Yes,Yes,Medium,Low,3,55.3,41.1,63.3,21.3,80.5,53.0,37.2,Moderate,Budget,Medium Value,Heart rate monitoring feels reliable and the hydration reminders really help.
FT101010,35-44,Male,Working Professional,Tier 2,40800.0,25K-50K,Diploma,Muscle Gain,Advanced,5,High,9300,5.6,Poor,Medium,Average,1.5,High,No,Yes,No,No,Medium,Medium,High,Moderate,Yes,No,Yes,Yes,No,Yes,Yes,Medium,High,Budget / Value,1250.0,< 3K,2400,Full Payment,Low,No,4,Yes,No,Medium,High,2,59.8,62.6,56.6,52.5,50.9,62.9,65.8,High,Budget,Medium Value,Step counting is accurate and syncing with the app is fast and seamless.
FT101011,25-34,Female,Self-Employed,Tier 2,72300.0,50K-1L,Graduate,Weight Loss,Beginner,0,Low,3100,5.5,Poor,Low,Average,2.2,High,No,Yes,No,No,High,High,Medium,Minimal,No,No,Yes,No,Yes,Yes,Yes,High,Medium,No Preference,2800.0,3K-6K,5300,Full Payment,High,Yes,4,Yes,No,Medium,High,1,61.3,13.8,59.5,75.5,78.2,72.6,62.6,Moderate,Mid-Range,Medium Value,"Great value for money, the app is smooth and the design looks premium."
FT101012,25-34,Female,Working Professional,Tier 2,63300.0,50K-1L,Graduate,Weight Loss,Beginner,0,Low,3500,5.3,Poor,High,Average,1.2,High,Yes,Yes,No,No,Medium,High,High,Minimal,No,No,No,Yes,Yes,No,Yes,Medium,High,No Preference,2020.0,3K-6K,4400,Full Payment,Low,Yes,3,No,No,Low,Medium,1,79.3,15.2,75.0,48.9,48.4,38.9,49.0,High,Budget,Low Value,"I love the sleep tracking, it is accurate and easy to understand."
FT101013,55+,Female,Retired,Tier 2,27400.0,25K-50K,High School,Stress Management,Beginner,0,Low,3600,6.8,Average,Medium,Good,2.6,Low,No,Yes,No,No,Low,Medium,High,Moderate,No,No,No,Yes,Yes,No,No,High,Medium,No Preference,290.0,3K-6K,5300,Full Payment,High,No,2,No,No,Medium,Low,0,50.0,12.2,50.8,35.8,81.8,32.5,47.1,Moderate,Mid-Range,Low Value,"Design is decent, battery is average, app could improve a little."
FT101014,25-34,Male,Self-Employed,Tier 2,51700.0,50K-1L,Post Graduate,Muscle Gain,Intermediate,3,Medium,5000,6.0,Poor,Medium,Average,2.1,Medium,No,Yes,No,No,High,Low,Medium,Moderate,Yes,No,No,Yes,No,No,No,High,High,Budget / Value,1010.0,3K-6K,5400,Full Payment,High,Yes,3,No,No,Low,Medium,1,62.3,37.8,64.2,57.3,84.3,48.2,54.6,High,Mid-Range,Medium Value,Heart rate readings feel inaccurate during workouts and the strap is uncomfortable.
FT101015,18-24,Female,Student,Tier 3,8800.0,< 25K,High School,Better Sleep,Intermediate,2,Medium,4600,7.4,Good,Low,Average,1.9,Low,No,Yes,No,No,Medium,Medium,Medium,Frequent,Yes,Yes,Yes,No,No,No,Yes,Low,Medium,No Preference,480.0,< 3K,1200,Full Payment,Low,No,3,No,No,Low,High,1,27.9,47.5,30.6,50.7,57.2,41.9,67.9,Low,Budget,Low Value,The app keeps crashing and the notifications are unreliable.
FT101016,35-44,Male,Working Professional,Tier 1,74900.0,50K-1L,High School,Better Sleep,Advanced,4,High,6500,5.0,Poor,High,Poor,2.4,High,No,No,No,No,Low,Medium,High,Frequent,No,Yes,Yes,Yes,No,No,No,Medium,Medium,Budget / Value,3350.0,6K-10K,6700,Full Payment,Medium,No,2,No,No,Low,Medium,0,81.1,47.5,67.5,18.4,69.6,26.4,37.3,High,Mid-Range,Low Value,The app keeps crashing and the notifications are unreliable.
FT101017,45-54,Male,Homemaker,Tier 2,20200.0,< 25K,High School,Muscle Gain,Beginner,0,Low,7500,6.6,Poor,High,Good,2.2,High,No,No,Yes,Yes,Medium,High,Medium,Moderate,Yes,Yes,No,No,No,Yes,No,Medium,High,Premium / Trusted,780.0,3K-6K,5300,Full Payment,Medium,Yes,3,Yes,No,Medium,High,1,75.6,26.5,69.5,51.0,69.8,53.1,41.7,High,Mid-Range,Medium Value,Step counting is accurate and syncing with the app is fast and seamless.
FT101018,18-24,Male,Student,Tier 2,17000.0,< 25K,Graduate,Muscle Gain,Beginner,1,Low,5900,7.1,Average,Low,Average,2.2,Low,Yes,Yes,Yes,Yes,High,Medium,Low,Frequent,No,Yes,No,No,No,Yes,Yes,High,Medium,Premium / Trusted,140.0,6K-10K,6700,Full Payment,High,No,4,Yes,Yes,High,High,6,36.6,29.9,37.7,81.0,94.8,64.3,74.2,Low,Mid-Range,Medium Value,"Affordable, lightweight and the companion app is very beginner friendly."
FT101019,25-34,Male,Working Professional,Tier 3,48400.0,25K-50K,Post Graduate,Better Sleep,Beginner,0,Low,3300,6.5,Average,Medium,Average,2.3,Low,No,No,No,Yes,Medium,High,Low,Minimal,Yes,No,Yes,Yes,Yes,Yes,Yes,Low,High,No Preference,2740.0,3K-6K,4800,Full Payment,Low,Yes,2,No,Yes,High,Medium,0,55.0,16.8,56.7,35.4,43.2,33.2,42.1,Moderate,Budget,Low Value,"The watch is okay, does the basic job of counting steps."
FT101020,45-54,Male,Working Professional,Tier 1,86000.0,50K-1L,Post Graduate,Stress Management,Intermediate,4,High,9900,5.6,Poor,High,Good,2.3,High,Yes,Yes,Yes,Yes,Medium,High,High,Frequent,Yes,Yes,Yes,No,No,Yes,No,Medium,High,Budget / Value,5470.0,6K-10K,7200,Full Payment,Medium,Yes,3,No,Yes,Low,Medium,0,58.0,54.8,53.2,67.3,69.5,45.0,73.7,High,Mid-Range,Medium Value,"The watch is okay, does the basic job of counting steps."
FT101021,35-44,Female,Working Professional,Tier 2,66300.0,50K-1L,Post Graduate,Better Sleep,Beginner,2,Medium,7400,5.4,Poor,Medium,Average,2.6,Medium,No,No,Yes,Yes,High,High,Low,Minimal,No,Yes,No,Yes,No,Yes,No,High,Medium,Budget / Value,680.0,6K-10K,6100,Full Payment,Medium,Yes,3,No,No,Medium,Low,1,61.5,32.3,63.8,64.2,72.5,49.3,39.3,High,Mid-Range,Medium Value,"It works as expected, neither impressed nor disappointed so far."
FT101022,55+,Female,Homemaker,Tier 1,25200.0,25K-50K,Graduate,Medical / Recovery,Advanced,5,High,6000,5.4,Poor,Medium,Poor,2.5,Low,Yes,Yes,No,No,Low,Medium,High,Moderate,Yes,Yes,Yes,No,Yes,No,Yes,High,Medium,No Preference,1260.0,3K-6K,3800,Full Payment,Medium,No,3,No,No,Medium,High,2,61.5,60.0,65.1,38.1,71.6,45.2,60.8,High,Budget,Medium Value,"Too expensive for the features offered, the price could be lower."
FT101023,25-34,Female,Working Professional,Tier 1,88000.0,50K-1L,Graduate,General Fitness,Beginner,1,Low,3700,6.1,Poor,Medium,Good,3.2,Medium,No,Yes,No,No,Medium,Medium,Medium,Minimal,No,No,Yes,No,No,No,Yes,Medium,Low,Premium / Trusted,1410.0,6K-10K,7500,Full Payment,Medium,Yes,3,No,Yes,Medium,Medium,0,59.8,17.7,58.3,50.9,63.6,44.2,45.4,High,Mid-Range,Low Value,"It works as expected, neither impressed nor disappointed so far."
FT101024,35-44,Male,Homemaker,Tier 2,29800.0,25K-50K,Graduate,Stress Management,Intermediate,1,Low,4100,5.6,Poor,High,Average,1.9,High,No,No,No,No,High,High,Medium,Moderate,Yes,Yes,Yes,Yes,No,No,Yes,High,Medium,Premium / Trusted,1960.0,6K-10K,7000,Full Payment,Medium,Yes,3,No,No,Low,Low,0,80.1,31.2,77.7,44.9,62.5,43.8,48.1,High,Mid-Range,Low Value,Customer support was slow and the device disconnects from the app often.
FT101025,25-34,Female,Working Professional,Tier 1,46800.0,25K-50K,High School,Stress Management,Intermediate,3,Medium,7400,6.3,Poor,High,Average,2.5,High,No,No,No,No,Low,Low,Medium,Moderate,Yes,No,Yes,Yes,No,No,No,Medium,High,Budget / Value,2200.0,3K-6K,5000,Full Payment,Low,No,2,No,No,Medium,Low,0,72.5,43.5,69.4,20.1,50.5,20.7,30.9,High,Mid-Range,Low Value,Customer support was slow and the device disconnects from the app often.
FT101026,45-54,Female,Homemaker,Tier 3,21300.0,< 25K,Post Graduate,Weight Loss,Beginner,0,Low,2600,5.1,Poor,High,Average,4.3,High,No,No,No,No,Low,Medium,Medium,Minimal,Yes,No,No,Yes,No,Yes,Yes,High,Medium,No Preference,880.0,3K-6K,3000,Full Payment,High,Yes,3,No,No,Medium,Low,1,80.8,13.9,80.5,18.2,94.7,38.9,27.5,High,Budget,Low Value,Hard to set up for beginners and too many confusing notifications.
FT101027,25-34,Male,Self-Employed,Tier 3,38800.0,25K-50K,Graduate,Muscle Gain,Intermediate,4,High,7200,6.4,Poor,High,Average,2.3,High,No,Yes,No,No,Medium,Medium,Medium,Frequent,No,Yes,Yes,Yes,No,Yes,Yes,High,Medium,No Preference,430.0,3K-6K,3500,Full Payment,Low,Yes,3,No,No,High,Low,1,71.2,46.4,62.0,51.2,53.1,49.4,72.3,High,Budget,Medium Value,"The watch is okay, does the basic job of counting steps."
FT101028,35-44,Female,Homemaker,Tier 1,46600.0,25K-50K,Graduate,General Fitness,Beginner,2,Medium,4400,6.9,Average,High,Poor,2.3,Medium,No,No,No,No,Medium,High,High,Frequent,Yes,Yes,Yes,No,Yes,Yes,Yes,Medium,Low,No Preference,1860.0,6K-10K,6100,Full Payment,Medium,No,2,No,No,Low,Medium,0,71.6,28.5,68.2,32.8,70.6,34.0,55.2,High,Mid-Range,Low Value,I am worried about my health data privacy and how it is stored.
FT101029,25-34,Male,Working Professional,Tier 3,39400.0,25K-50K,Graduate,General Fitness,Intermediate,4,High,9300,6.6,Average,Low,Average,1.3,Low,No,Yes,No,No,Low,Medium,High,Moderate,Yes,Yes,No,No,No,No,Yes,High,Medium,Budget / Value,2040.0,< 3K,1700,Full Payment,Low,No,3,No,No,High,Low,0,34.9,61.2,34.3,37.9,45.8,37.7,52.1,Low,Budget,Low Value,The battery drains too quickly and charging takes very long.
FT101030,25-34,Male,Working Professional,Tier 2,67700.0,50K-1L,Post Graduate,Weight Loss,Intermediate,5,High,5900,6.0,Poor,High,Poor,1.7,High,No,No,No,No,Medium,Medium,Medium,Minimal,Yes,Yes,Yes,No,Yes,No,Yes,High,Medium,Budget / Value,1080.0,6K-10K,6200,Full Payment,Low,No,4,Yes,No,High,High,4,69.5,48.6,71.2,26.0,48.9,54.3,34.5,High,Mid-Range,Medium Value,Hard to set up for beginners and too many confusing notifications.
FT101031,35-44,Male,Working Professional,Tier 2,41400.0,25K-50K,Diploma,Stress Management,Intermediate,2,Medium,4400,5.4,Poor,High,Poor,2.2,High,No,Yes,No,No,High,High,Medium,Moderate,Yes,Yes,No,Yes,Yes,Yes,Yes,Medium,High,No Preference,690.0,6K-10K,6900,Full Payment,Medium,Yes,4,Yes,No,Low,Medium,1,81.2,31.4,85.8,58.8,67.1,62.0,72.3,High,Mid-Range,Medium Value,Heart rate monitoring feels reliable and the hydration reminders really help.
FT101032,25-34,Male,Working Professional,Tier 3,34500.0,25K-50K,Graduate,Stress Management,Beginner,1,Low,800,6.6,Average,Low,Poor,2.7,Medium,No,Yes,No,Yes,High,Medium,Medium,Minimal,Yes,No,Yes,Yes,Yes,Yes,Yes,High,High,No Preference,1840.0,< 3K,2100,Full Payment,Low,No,3,No,Yes,Medium,Medium,0,56.2,21.6,54.6,64.3,57.8,46.9,67.2,Low,Budget,Medium Value,Sleep tracking data seems wrong and the design feels cheap.
FT101033,45-54,Male,Working Professional,Tier 2,73800.0,50K-1L,Graduate,Muscle Gain,Advanced,6,High,7700,6.9,Average,Low,Average,2.8,Low,No,Yes,No,Yes,Low,Medium,Medium,Minimal,No,No,No,No,No,No,Yes,Medium,Low,No Preference,4320.0,6K-10K,6200,Full Payment,Medium,No,3,No,Yes,Medium,Low,0,40.6,74.7,36.2,41.0,69.4,42.6,37.6,Low,Mid-Range,Low Value,"The watch is okay, does the basic job of counting steps."
FT101034,25-34,Male,Self-Employed,Tier 1,95100.0,50K-1L,Post Graduate,Weight Loss,Advanced,5,High,9100,7.2,Average,Medium,Good,2.6,High,No,Yes,No,No,Medium,Medium,High,Minimal,No,Yes,Yes,No,No,No,Yes,Low,Medium,Budget / Value,1010.0,3K-6K,4300,Full Payment,Medium,Yes,3,No,No,Low,Low,0,42.5,67.6,39.6,52.3,65.6,38.2,50.2,Moderate,Budget,Low Value,"Reasonable device for the price, a few features could be better."
FT101035,35-44,Male,Working Professional,Tier 1,57700.0,50K-1L,High School,Muscle Gain,Intermediate,3,Medium,6900,6.7,Average,Medium,Poor,2.9,Low,No,No,No,No,Low,High,Low,Moderate,Yes,No,No,Yes,No,No,No,High,Medium,Premium / Trusted,890.0,6K-10K,7500,Full Payment,High,No,3,No,No,Medium,Medium,0,58.9,53.4,56.0,18.0,88.2,39.1,25.9,Moderate,Mid-Range,Low Value,"Reasonable device for the price, a few features could be better."
FT101036,25-34,Female,Self-Employed,Tier 2,49600.0,25K-50K,High School,Weight Loss,Advanced,7,High,10100,7.2,Average,Low,Average,1.5,Low,No,Yes,Yes,No,High,High,High,Minimal,Yes,No,Yes,Yes,No,Yes,Yes,Medium,Low,Budget / Value,1320.0,3K-6K,3400,Full Payment,Medium,No,4,Yes,No,Medium,Medium,1,31.7,77.7,33.2,84.8,65.9,56.9,70.1,Low,Budget,Medium Value,"Design is decent, battery is average, app could improve a little."
FT101037,25-34,Male,Working Professional,Tier 3,64000.0,50K-1L,Graduate,General Fitness,Beginner,2,Medium,7200,5.5,Poor,High,Good,2.7,High,No,Yes,Yes,Yes,High,High,Medium,Moderate,No,Yes,No,No,No,Yes,No,High,Medium,Premium / Trusted,4130.0,6K-10K,7400,Full Payment,Low,No,4,Yes,No,Medium,High,3,73.4,32.5,61.9,81.3,45.5,66.7,63.0,High,Mid-Range,Medium Value,"Great value for money, the app is smooth and the design looks premium."
FT101038,25-34,Male,Homemaker,Tier 2,20300.0,< 25K,Post Graduate,General Fitness,Beginner,1,Low,6500,6.4,Average,Low,Good,2.3,Low,No,Yes,No,No,Low,Medium,Medium,Moderate,Yes,No,Yes,Yes,No,No,No,Medium,High,No Preference,220.0,< 3K,2100,Full Payment,Medium,No,3,No,No,Low,Low,0,38.9,34.5,43.2,30.5,80.6,45.0,49.5,Low,Budget,Medium Value,"It works as expected, neither impressed nor disappointed so far."
FT101039,18-24,Male,Student,Tier 1,41600.0,25K-50K,Post Graduate,Better Sleep,Beginner,1,Low,4000,6.5,Average,Medium,Average,2.4,Low,No,Yes,No,No,Low,Medium,Medium,Frequent,No,No,No,No,No,No,No,High,Low,No Preference,360.0,3K-6K,5900,Full Payment,Low,No,3,No,Yes,High,Low,0,56.6,15.8,58.3,41.5,47.7,39.2,47.5,Moderate,Mid-Range,Low Value,"Average experience overall, nothing special but works fine."
FT101040,18-24,Female,Student,Tier 1,31000.0,25K-50K,Graduate,General Fitness,Beginner,3,Medium,6800,7.1,Average,Medium,Good,2.0,Low,Yes,Yes,Yes,Yes,High,Medium,Medium,Frequent,Yes,No,Yes,No,No,Yes,Yes,High,High,Budget / Value,1800.0,3K-6K,4700,Full Payment,Medium,Yes,3,No,Yes,High,Medium,2,49.1,38.3,46.7,84.4,71.8,51.7,79.7,Moderate,Budget,Medium Value,"Affordable, lightweight and the companion app is very beginner friendly."
FT101041,35-44,Female,Self-Employed,Tier 3,28900.0,25K-50K,Diploma,Muscle Gain,Intermediate,3,Medium,5500,7.3,Average,Medium,Average,1.5,Medium,No,No,No,No,Medium,High,Low,Frequent,Yes,Yes,Yes,Yes,No,Yes,No,High,High,Premium / Trusted,850.0,3K-6K,4500,Full Payment,Medium,Yes,3,No,No,Medium,High,0,42.5,43.9,56.4,28.1,72.4,49.6,49.3,Moderate,Budget,Medium Value,"It works as expected, neither impressed nor disappointed so far."
FT101042,35-44,Female,Self-Employed,Tier 1,69900.0,50K-1L,Diploma,Better Sleep,Intermediate,3,Medium,7400,5.6,Average,Low,Average,1.3,Medium,Yes,Yes,No,Yes,Medium,Low,Medium,Minimal,Yes,No,No,Yes,No,Yes,Yes,Medium,Medium,Premium / Trusted,2590.0,6K-10K,8100,Full Payment,Medium,Yes,3,No,No,Medium,Low,0,39.6,50.4,46.2,50.0,67.4,48.8,53.6,Low,Mid-Range,Medium Value,"Design is decent, battery is average, app could improve a little."
FT101043,35-44,Male,Self-Employed,Tier 2,37500.0,25K-50K,Graduate,General Fitness,Beginner,2,Medium,3100,8.2,Good,Low,Average,2.6,Low,No,No,No,No,Medium,High,Medium,Frequent,Yes,No,Yes,No,Yes,No,Yes,Medium,Medium,Premium / Trusted,880.0,3K-6K,3800,Full Payment,High,No,2,No,No,Medium,High,1,24.9,33.6,29.0,29.8,91.0,27.4,45.6,Low,Budget,Low Value,The battery drains too quickly and charging takes very long.
FT101044,18-24,Male,Self-Employed,Tier 2,65900.0,50K-1L,Diploma,Better Sleep,Beginner,3,Medium,9500,7.5,Good,Low,Average,2.7,Low,No,No,No,No,High,High,Low,Moderate,Yes,Yes,Yes,No,No,No,Yes,High,Medium,Budget / Value,2550.0,3K-6K,4300,Full Payment,Medium,Yes,3,No,No,Low,High,5,31.0,45.4,28.7,38.0,75.3,37.4,41.4,Low,Budget,Low Value,"Design is decent, battery is average, app could improve a little."
FT101045,25-34,Female,Working Professional,Tier 1,103700.0,1L-2L,Graduate,Weight Loss,Intermediate,4,High,9500,6.8,Average,Medium,Average,2.2,Medium,No,No,No,No,High,High,Low,Minimal,Yes,No,Yes,No,Yes,No,Yes,Medium,Low,Premium / Trusted,3760.0,6K-10K,8000,Full Payment,High,Yes,3,No,No,Low,Low,0,51.0,57.6,41.0,41.1,83.4,35.2,35.5,Moderate,Mid-Range,Low Value,Hard to set up for beginners and too many confusing notifications.
FT101046,18-24,Male,Working Professional,Tier 1,88700.0,50K-1L,Post Graduate,General Fitness,Intermediate,4,High,5200,4.7,Poor,High,Good,2.3,High,No,Yes,No,No,Medium,High,High,Moderate,Yes,Yes,Yes,Yes,No,Yes,Yes,High,High,Premium / Trusted,680.0,6K-10K,6800,Full Payment,High,Yes,3,No,No,Low,Low,1,65.5,38.1,60.9,56.1,86.5,45.5,71.3,High,Mid-Range,Medium Value,The battery drains too quickly and charging takes very long.
FT101047,35-44,Female,Working Professional,Tier 1,78700.0,50K-1L,Graduate,Weight Loss,Advanced,6,High,8200,5.6,Poor,High,Average,1.7,High,Yes,Yes,No,No,Medium,Medium,High,Moderate,Yes,No,Yes,Yes,Yes,No,No,Low,High,Budget / Value,1410.0,6K-10K,6400,Full Payment,Medium,No,3,No,No,Low,Medium,0,75.9,63.5,67.3,54.3,65.2,39.2,62.1,High,Mid-Range,Low Value,"Too expensive for the features offered, the price could be lower."
FT101048,45-54,Female,Working Professional,Tier 1,59500.0,50K-1L,Graduate,Muscle Gain,Beginner,2,Medium,6000,6.9,Average,Medium,Good,2.7,Low,No,Yes,No,No,Low,Medium,Medium,Moderate,Yes,No,Yes,Yes,No,Yes,No,High,Low,Budget / Value,540.0,3K-6K,4400,Full Payment,Medium,Yes,3,No,No,Low,Medium,0,46.3,34.0,46.0,42.0,67.8,36.5,57.8,Moderate,Budget,Low Value,"Reasonable device for the price, a few features could be better."
FT101049,18-24,Male,Student,Tier 2,12000.0,< 25K,High School,Medical / Recovery,Intermediate,2,Medium,4600,5.3,Poor,High,Average,2.3,High,Yes,No,No,Yes,Medium,High,Low,Frequent,Yes,Yes,No,Yes,No,No,No,Medium,Medium,Premium / Trusted,160.0,3K-6K,5800,Full Payment,Low,No,3,No,Yes,Low,Medium,1,79.9,33.4,73.6,32.4,56.5,47.0,42.2,High,Mid-Range,Medium Value,Customer support was slow and the device disconnects from the app often.
FT101050,35-44,Female,Working Professional,Tier 3,32200.0,25K-50K,Diploma,Muscle Gain,Beginner,4,High,8400,4.6,Poor,Medium,Average,2.0,Medium,No,Yes,No,No,Low,Low,Medium,Moderate,Yes,Yes,No,Yes,No,Yes,No,High,Medium,Premium / Trusted,500.0,3K-6K,4800,Full Payment,High,No,2,No,Yes,Medium,Low,1,53.3,41.9,53.3,29.0,96.5,20.9,53.3,High,Budget,Low Value,The app keeps crashing and the notifications are unreliable.
FT101051,18-24,Female,Student,Tier 1,21000.0,< 25K,Graduate,Muscle Gain,Beginner,0,Low,2400,5.7,Poor,High,Poor,3.0,High,Yes,Yes,Yes,Yes,High,High,High,Minimal,Yes,Yes,No,No,Yes,Yes,Yes,High,Low,Budget / Value,1390.0,3K-6K,4500,Full Payment,High,No,3,No,No,Low,High,3,88.8,12.2,88.0,81.4,97.3,39.0,68.9,High,Budget,Low Value,"Design is decent, battery is average, app could improve a little."
FT101052,18-24,Male,Working Professional,Tier 2,78500.0,50K-1L,Graduate,General Fitness,Intermediate,4,High,10100,6.3,Poor,Medium,Average,2.8,High,No,Yes,Yes,Yes,High,High,High,Moderate,Yes,No,Yes,Yes,Yes,Yes,Yes,High,Medium,No Preference,1440.0,6K-10K,6200,Full Payment,Low,No,3,No,Yes,High,High,1,54.1,52.5,55.5,87.6,34.5,45.7,82.4,High,Mid-Range,Medium Value,Sleep tracking data seems wrong and the design feels cheap.
FT101053,18-24,Male,Student,Tier 1,25200.0,25K-50K,High School,Medical / Recovery,Beginner,0,Low,3000,8.2,Good,Low,Average,1.1,Low,Yes,Yes,No,No,High,Medium,High,Frequent,Yes,No,Yes,Yes,No,Yes,Yes,Medium,Medium,No Preference,1470.0,3K-6K,5800,Full Payment,Low,No,4,Yes,No,High,Low,2,36.0,25.7,39.6,60.1,46.5,57.2,75.5,Low,Mid-Range,Medium Value,"Average experience overall, nothing special but works fine."
FT101054,18-24,Male,Self-Employed,Tier 1,50500.0,50K-1L,High School,General Fitness,Intermediate,3,Medium,10700,5.9,Poor,High,Poor,2.3,High,No,Yes,No,Yes,High,Medium,Medium,Moderate,No,No,No,Yes,Yes,No,No,Medium,High,Budget / Value,1410.0,3K-6K,4600,Full Payment,High,No,5,Yes,Yes,Low,Medium,0,81.6,47.4,78.8,60.3,97.1,77.1,55.7,High,Budget,Medium Value,Heart rate monitoring feels reliable and the hydration reminders really help.
FT101055,35-44,Female,Working Professional,Tier 2,37500.0,25K-50K,High School,Weight Loss,Beginner,1,Low,5200,6.4,Average,Medium,Good,1.5,Low,No,No,No,No,High,High,High,Moderate,Yes,Yes,No,No,No,Yes,No,Low,Low,No Preference,1140.0,3K-6K,5300,Full Payment,Low,Yes,3,No,No,Low,High,0,50.7,28.7,55.8,41.4,49.6,39.7,38.3,Moderate,Mid-Range,Low Value,Customer support was slow and the device disconnects from the app often.
FT101056,45-54,Male,Working Professional,Tier 3,51100.0,50K-1L,Graduate,Medical / Recovery,Beginner,2,Medium,2800,6.8,Average,Medium,Poor,2.4,High,Yes,Yes,Yes,No,Medium,High,Low,Frequent,Yes,No,Yes,Yes,Yes,Yes,Yes,Medium,Medium,Premium / Trusted,550.0,6K-10K,6800,Full Payment,High,Yes,4,Yes,No,Low,Medium,0,58.1,24.1,56.6,69.3,87.2,60.6,83.0,Moderate,Mid-Range,Medium Value,"Design is decent, battery is average, app could improve a little."
FT101057,18-24,Male,Working Professional,Tier 2,64400.0,50K-1L,Graduate,General Fitness,Intermediate,4,High,11200,6.7,Poor,Medium,Poor,0.5,Medium,No,Yes,No,No,High,High,Medium,Minimal,Yes,Yes,No,No,Yes,Yes,Yes,Medium,Medium,Budget / Value,4180.0,3K-6K,4500,Full Payment,Low,Yes,5,Yes,No,Low,High,4,68.2,55.5,62.0,75.8,46.4,77.4,67.0,High,Budget,Medium Value,"Great value for money, the app is smooth and the design looks premium."
FT101058,25-34,Female,Working Professional,Tier 1,69500.0,50K-1L,Graduate,General Fitness,Beginner,0,Low,5000,6.3,Poor,Low,Average,2.5,Medium,No,Yes,No,Yes,High,High,High,Moderate,Yes,Yes,No,No,No,Yes,No,Medium,Low,No Preference,3470.0,6K-10K,6000,Full Payment,Medium,No,3,No,No,Medium,Medium,1,58.0,18.7,62.4,80.0,62.2,42.9,66.9,Moderate,Mid-Range,Low Value,"Too expensive for the features offered, the price could be lower."
FT101059,35-44,Male,Working Professional,Tier 2,54900.0,50K-1L,Graduate,Weight Loss,Beginner,1,Low,4800,6.8,Poor,Medium,Poor,2.9,Medium,Yes,Yes,No,Yes,Medium,Medium,Low,Frequent,No,No,No,No,Yes,Yes,No,High,Medium,Premium / Trusted,1480.0,6K-10K,7700,Full Payment,Low,Yes,4,Yes,Yes,High,Medium,2,76.9,19.2,80.0,50.9,46.7,66.3,59.4,High,Mid-Range,Medium Value,"The watch is okay, does the basic job of counting steps."
FT101060,55+,Male,Homemaker,Tier 2,14700.0,< 25K,High School,Weight Loss,Beginner,3,Medium,7500,6.0,Poor,Medium,Average,2.2,Medium,No,Yes,No,No,Low,Low,Low,Frequent,No,No,Yes,Yes,No,Yes,No,High,High,Premium / Trusted,330.0,6K-10K,7300,Full Payment,Low,No,3,Yes,No,Low,Low,2,63.7,36.4,57.7,28.5,52.2,53.6,55.8,High,Mid-Range,Medium Value,"Average experience overall, nothing special but works fine."
FT101061,25-34,Female,Working Professional,Tier 3,48800.0,25K-50K,Graduate,Stress Management,Beginner,0,Low,900,5.7,Poor,High,Poor,1.4,High,No,No,No,No,Medium,Medium,High,Minimal,Yes,Yes,No,Yes,No,No,No,Medium,High,Budget / Value,3180.0,3K-6K,4100,Full Payment,Medium,No,2,No,No,High,Medium,1,90.4,7.5,81.2,27.4,67.8,33.9,26.4,High,Budget,Low Value,"The watch is okay, does the basic job of counting steps."
FT101062,18-24,Male,Student,Tier 2,13000.0,< 25K,High School,General Fitness,Intermediate,2,Medium,2000,6.9,Average,Medium,Poor,3.9,High,No,Yes,Yes,No,High,High,High,Frequent,Yes,Yes,Yes,Yes,Yes,No,Yes,High,Low,No Preference,670.0,3K-6K,3100,Full Payment,High,No,3,No,No,High,High,4,58.0,38.9,57.2,84.4,89.1,38.0,88.3,Moderate,Budget,Low Value,"The watch is okay, does the basic job of counting steps."
FT101063,25-34,Male,Self-Employed,Tier 3,52200.0,50K-1L,Post Graduate,Medical / Recovery,Beginner,3,Medium,6200,6.6,Average,Medium,Average,3.2,High,Yes,Yes,Yes,Yes,High,High,Low,Minimal,No,Yes,Yes,Yes,No,Yes,Yes,Medium,Medium,Budget / Value,930.0,3K-6K,3200,Full Payment,Medium,No,4,Yes,Yes,Low,Medium,0,48.4,40.8,51.9,85.1,73.0,72.9,70.2,Moderate,Budget,Medium Value,Comfortable to wear all day and the stress tracking is genuinely useful.
FT101064,25-34,Male,Working Professional,Tier 1,38900.0,25K-50K,High School,Weight Loss,Intermediate,3,Medium,8800,6.7,Poor,Medium,Average,1.9,High,No,Yes,No,No,Medium,Medium,Medium,Moderate,Yes,Yes,Yes,No,No,No,Yes,Medium,High,Budget / Value,750.0,3K-6K,4300,Full Payment,Low,Yes,3,No,No,Medium,High,2,66.6,48.3,61.7,50.3,51.3,50.5,60.7,High,Budget,Medium Value,"Design is decent, battery is average, app could improve a little."
FT101065,55+,Male,Homemaker,Tier 2,30000.0,25K-50K,Graduate,Muscle Gain,Intermediate,3,Medium,7000,6.1,Poor,Low,Average,2.1,Low,No,No,No,No,Low,High,Low,Moderate,No,Yes,No,No,No,No,No,Low,Medium,No Preference,1540.0,3K-6K,4900,Full Payment,Medium,No,2,No,No,Low,Medium,0,50.5,40.0,50.9,21.4,72.5,25.7,22.8,Moderate,Budget,Low Value,"It works as expected, neither impressed nor disappointed so far."
FT101066,25-34,Male,Self-Employed,Tier 2,36100.0,25K-50K,High School,Stress Management,Intermediate,5,High,11600,5.0,Poor,Medium,Poor,0.7,Medium,No,No,No,No,Medium,Medium,Low,Minimal,Yes,No,No,No,Yes,No,No,High,Medium,Budget / Value,2110.0,3K-6K,4000,Full Payment,Low,Yes,2,No,No,Medium,High,3,65.9,54.4,65.0,28.9,52.3,26.5,22.7,High,Budget,Low Value,I am worried about my health data privacy and how it is stored.
FT101067,35-44,Female,Working Professional,Tier 1,208500.0,2L+,Post Graduate,Muscle Gain,Beginner,0,Low,5400,5.8,Poor,High,Average,2.7,High,No,No,No,No,Medium,Medium,Low,Minimal,Yes,Yes,Yes,Yes,No,Yes,No,Medium,Low,No Preference,8470.0,6K-10K,8400,EMI,Medium,Yes,4,Yes,No,Low,Medium,1,83.5,17.2,79.1,35.4,49.7,58.2,37.8,High,Mid-Range,Medium Value,The personalized health reports keep me motivated to stay consistent.
FT101068,18-24,Female,Student,Tier 2,11800.0,< 25K,High School,General Fitness,Intermediate,3,Medium,6300,7.0,Average,Medium,Average,1.2,High,No,Yes,No,No,High,High,Medium,Moderate,No,Yes,Yes,No,No,Yes,No,Medium,Medium,Budget / Value,170.0,3K-6K,3000,Full Payment,Low,No,4,Yes,No,Low,High,2,48.5,42.1,54.4,57.8,51.8,56.8,59.1,Moderate,Budget,Medium Value,"It works as expected, neither impressed nor disappointed so far."
FT101069,25-34,Male,Working Professional,Tier 2,84700.0,50K-1L,Post Graduate,Muscle Gain,Intermediate,2,Medium,7300,6.0,Poor,High,Poor,2.8,High,No,Yes,No,No,High,High,Medium,Minimal,Yes,Yes,No,No,Yes,No,No,Medium,Low,Budget / Value,1900.0,3K-6K,4000,Full Payment,High,Yes,4,Yes,No,Low,Low,1,80.1,39.7,83.0,60.4,79.0,59.4,53.0,High,Budget,Medium Value,"Reasonable device for the price, a few features could be better."
FT101070,45-54,Female,Self-Employed,Tier 3,51900.0,50K-1L,High School,Stress Management,Beginner,1,Low,6800,6.1,Average,High,Average,3.1,High,Yes,Yes,Yes,Yes,High,Medium,High,Moderate,Yes,Yes,No,No,Yes,Yes,No,High,Medium,Premium / Trusted,2360.0,3K-6K,5500,Full Payment,High,Yes,3,No,Yes,High,Low,1,64.9,33.4,62.5,78.4,91.6,46.5,70.6,High,Mid-Range,Medium Value,Hard to set up for beginners and too many confusing notifications.
FT101071,25-34,Female,Working Professional,Tier 1,115600.0,1L-2L,Post Graduate,Better Sleep,Intermediate,5,High,8400,6.1,Poor,Medium,Average,2.2,Medium,No,Yes,No,No,High,High,Low,Moderate,No,Yes,Yes,No,No,Yes,Yes,High,High,Budget / Value,1900.0,6K-10K,7200,Full Payment,Medium,Yes,4,Yes,No,Medium,Medium,2,57.1,55.1,54.8,65.4,61.7,57.5,66.0,High,Mid-Range,Medium Value,"I love the sleep tracking, it is accurate and easy to understand."
FT101072,25-34,Female,Homemaker,Tier 3,17700.0,< 25K,Graduate,General Fitness,Beginner,0,Low,2600,6.6,Poor,Medium,Good,1.4,Medium,No,No,No,No,Medium,High,Low,Moderate,Yes,Yes,Yes,Yes,No,No,No,High,Medium,Budget / Value,150.0,< 3K,1500,Full Payment,Medium,Yes,2,No,No,High,Low,0,66.5,12.3,60.4,27.7,78.2,28.5,37.8,High,Budget,Low Value,"The watch is okay, does the basic job of counting steps."
FT101073,45-54,Female,Working Professional,Tier 2,40000.0,25K-50K,Diploma,General Fitness,Beginner,0,Low,3300,5.3,Poor,High,Average,3.3,High,No,No,No,No,Low,Low,Low,Frequent,Yes,Yes,Yes,Yes,No,No,Yes,High,High,Budget / Value,1020.0,3K-6K,3100,Full Payment,High,Yes,3,No,No,Low,Medium,1,75.1,11.5,72.3,18.8,91.5,42.9,46.0,High,Budget,Low Value,Hard to set up for beginners and too many confusing notifications.
FT101074,45-54,Female,Self-Employed,Tier 2,67000.0,50K-1L,Diploma,Muscle Gain,Beginner,0,Low,800,6.9,Average,Medium,Average,2.3,High,No,No,No,No,Low,Medium,High,Frequent,Yes,Yes,Yes,Yes,No,No,No,Medium,Medium,Budget / Value,2970.0,3K-6K,4100,Full Payment,Medium,No,2,No,No,Low,Low,0,61.5,12.1,57.8,22.9,74.0,27.4,43.2,Moderate,Budget,Low Value,The battery drains too quickly and charging takes very long.
FT101075,25-34,Female,Working Professional,Tier 2,48400.0,25K-50K,Graduate,General Fitness,Beginner,3,Medium,6800,7.5,Good,Low,Poor,2.4,Low,No,Yes,No,No,Medium,High,High,Frequent,Yes,Yes,Yes,No,No,Yes,No,High,Medium,No Preference,1550.0,< 3K,2600,Full Payment,Medium,Yes,3,No,No,Low,Medium,1,37.3,47.6,36.2,48.4,68.3,36.0,67.1,Low,Budget,Low Value,"Average experience overall, nothing special but works fine."
FT101076,25-34,Male,Working Professional,Tier 1,122500.0,1L-2L,Post Graduate,Weight Loss,Beginner,1,Low,5400,5.4,Poor,High,Good,1.6,Medium,No,Yes,No,No,High,High,Medium,Moderate,Yes,Yes,Yes,No,No,No,No,High,High,Budget / Value,8050.0,3K-6K,5800,Full Payment,Low,Yes,3,No,No,High,Medium,2,73.5,29.3,72.9,62.5,38.3,47.0,60.7,High,Mid-Range,Medium Value,Sleep tracking data seems wrong and the design feels cheap.
FT101077,25-34,Male,Working Professional,Tier 3,49200.0,25K-50K,Post Graduate,Medical / Recovery,Beginner,1,Low,4400,6.4,Poor,Medium,Average,2.5,High,Yes,No,No,No,Low,Low,Medium,Minimal,No,Yes,No,Yes,Yes,No,No,High,High,No Preference,730.0,< 3K,2400,Full Payment,High,No,2,No,No,High,Low,0,67.3,21.7,70.6,10.4,96.4,21.0,20.5,High,Budget,Low Value,Heart rate readings feel inaccurate during workouts and the strap is uncomfortable.
FT101078,25-34,Male,Working Professional,Tier 3,27300.0,25K-50K,High School,Weight Loss,Beginner,0,Low,3600,4.9,Poor,High,Good,2.1,Medium,No,No,No,No,Medium,Medium,Low,Moderate,Yes,Yes,Yes,No,No,Yes,Yes,Medium,Medium,Premium / Trusted,1790.0,3K-6K,4500,Full Payment,Low,No,2,No,No,Low,High,2,79.9,15.9,66.0,29.8,57.5,33.7,42.9,High,Budget,Low Value,Customer support was slow and the device disconnects from the app often.
FT101079,25-34,Male,Homemaker,Tier 3,12600.0,< 25K,Graduate,Weight Loss,Intermediate,3,Medium,6200,6.8,Average,Low,Average,1.2,Low,No,Yes,Yes,Yes,Medium,High,Low,Frequent,No,No,Yes,Yes,No,Yes,Yes,Low,High,Premium / Trusted,400.0,3K-6K,5100,Full Payment,High,No,3,No,Yes,High,Low,1,42.1,52.4,46.2,70.2,85.6,46.6,74.7,Low,Mid-Range,Medium Value,"Great value for money, the app is smooth and the design looks premium."
FT101080,18-24,Female,Student,Tier 3,16300.0,< 25K,Diploma,Muscle Gain,Beginner,3,Medium,2700,6.9,Good,Low,Poor,3.4,Low,Yes,No,No,Yes,Medium,High,Low,Frequent,No,Yes,Yes,No,Yes,Yes,No,High,High,No Preference,910.0,< 3K,1700,Full Payment,High,Yes,2,No,Yes,High,Medium,1,35.8,36.8,43.8,24.6,94.5,21.0,43.8,Low,Budget,Low Value,Sleep tracking data seems wrong and the design feels cheap.
FT101081,45-54,Male,Working Professional,Tier 2,37700.0,25K-50K,High School,Weight Loss,Intermediate,4,High,10400,8.0,Good,Low,Good,3.7,Low,Yes,No,Yes,No,Low,Medium,Low,Moderate,Yes,No,No,Yes,Yes,Yes,Yes,Medium,Medium,Budget / Value,540.0,3K-6K,3400,Full Payment,High,Yes,2,No,No,Low,Medium,2,18.1,63.3,15.1,40.6,93.1,28.2,46.6,Low,Budget,Low Value,Heart rate readings feel inaccurate during workouts and the strap is uncomfortable.
FT101082,45-54,Male,Working Professional,Tier 2,47700.0,25K-50K,Graduate,Weight Loss,Advanced,5,High,7800,6.5,Average,Medium,Good,3.1,Medium,No,Yes,Yes,Yes,Medium,High,High,Frequent,Yes,No,Yes,No,No,No,Yes,Medium,Medium,No Preference,950.0,3K-6K,5100,Full Payment,Medium,No,3,No,Yes,Low,Low,1,38.8,67.2,33.7,74.3,69.0,48.4,71.9,Moderate,Mid-Range,Medium Value,"The watch is okay, does the basic job of counting steps."
FT101083,45-54,Male,Working Professional,Tier 3,49700.0,25K-50K,Diploma,Weight Loss,Beginner,0,Low,1900,6.5,Average,High,Poor,3.0,Medium,Yes,No,No,No,Medium,Medium,Medium,Moderate,Yes,No,No,No,Yes,No,Yes,High,Low,No Preference,1420.0,3K-6K,4700,Full Payment,Low,No,3,No,No,Medium,Low,1,68.6,21.8,78.4,30.8,45.3,35.7,34.6,High,Budget,Low Value,Hard to set up for beginners and too many confusing notifications.
FT101084,55+,Male,Working Professional,Tier 1,63600.0,50K-1L,Diploma,Weight Loss,Beginner,1,Low,6500,5.3,Poor,High,Average,3.7,High,No,No,No,No,Low,Medium,High,Moderate,Yes,No,Yes,Yes,No,Yes,No,Medium,Low,No Preference,950.0,3K-6K,5100,Full Payment,Medium,No,2,No,No,Low,Medium,0,81.5,28.6,79.4,18.5,67.4,27.6,34.6,High,Mid-Range,Low Value,I am worried about my health data privacy and how it is stored.
FT101085,35-44,Female,Homemaker,Tier 3,23700.0,< 25K,Post Graduate,General Fitness,Beginner,2,Medium,7000,5.0,Poor,Medium,Average,1.5,High,Yes,Yes,Yes,Yes,Medium,Medium,High,Minimal,Yes,No,Yes,Yes,No,No,Yes,High,Low,Premium / Trusted,420.0,3K-6K,4900,Full Payment,High,Yes,3,No,No,Low,Medium,0,60.0,32.0,63.4,70.3,92.6,46.1,60.7,High,Budget,Medium Value,Heart rate monitoring feels reliable and the hydration reminders really help.
FT101086,35-44,Female,Homemaker,Tier 2,31400.0,25K-50K,Graduate,Better Sleep,Advanced,4,High,7900,6.8,Average,Low,Average,1.5,Low,No,Yes,No,No,Low,Low,High,Moderate,No,Yes,Yes,No,No,Yes,No,High,Medium,Premium / Trusted,860.0,6K-10K,7500,Full Payment,Medium,Yes,3,No,No,Medium,Medium,0,33.1,56.3,35.5,36.5,68.9,37.6,51.6,Low,Mid-Range,Low Value,The battery drains too quickly and charging takes very long.
FT101087,35-44,Male,Working Professional,Tier 2,88000.0,50K-1L,Post Graduate,General Fitness,Beginner,2,Medium,6600,6.7,Poor,Medium,Good,2.0,High,No,Yes,No,No,Medium,Medium,Medium,Moderate,Yes,Yes,Yes,Yes,No,Yes,Yes,High,High,Premium / Trusted,3370.0,6K-10K,6700,Full Payment,Low,No,4,Yes,No,Medium,Medium,0,53.9,25.8,55.8,48.3,49.0,57.7,68.6,High,Mid-Range,Medium Value,"The watch is okay, does the basic job of counting steps."
FT101088,25-34,Male,Working Professional,Tier 1,32900.0,25K-50K,High School,General Fitness,Beginner,3,Medium,4200,5.6,Poor,High,Poor,2.5,High,No,Yes,No,No,High,High,Low,Minimal,Yes,Yes,Yes,Yes,No,No,No,Low,Medium,Budget / Value,1430.0,3K-6K,5600,Full Payment,Medium,No,5,Yes,No,Low,High,3,82.0,30.2,77.4,61.7,65.1,81.5,57.7,High,Mid-Range,Medium Value,Step counting is accurate and syncing with the app is fast and seamless.
FT101089,25-34,Male,Self-Employed,Tier 1,117000.0,1L-2L,Post Graduate,Muscle Gain,Advanced,4,High,7300,7.0,Average,Low,Poor,2.1,Low,Yes,Yes,Yes,Yes,High,High,Low,Minimal,No,No,Yes,No,Yes,No,No,Medium,High,Budget / Value,740.0,6K-10K,8200,EMI,Low,Yes,5,Yes,Yes,Low,Medium,1,38.2,59.6,42.3,94.8,43.5,90.4,60.8,Low,Mid-Range,Medium Value,The battery life is excellent and lasts almost a week on a single charge.
FT101090,18-24,Male,Student,Tier 1,28600.0,25K-50K,Graduate,General Fitness,Beginner,2,Medium,7500,4.9,Poor,High,Poor,1.5,High,No,Yes,Yes,Yes,High,High,Low,Moderate,Yes,Yes,Yes,Yes,Yes,Yes,Yes,High,High,No Preference,1660.0,3K-6K,5800,Full Payment,High,Yes,5,Yes,Yes,Low,High,4,82.8,32.3,81.8,93.9,99.0,93.0,88.9,High,Mid-Range,Medium Value,Heart rate monitoring feels reliable and the hydration reminders really help.
FT101091,35-44,Female,Self-Employed,Tier 2,53200.0,50K-1L,Graduate,General Fitness,Beginner,1,Low,2900,5.5,Poor,High,Good,2.3,Medium,No,Yes,No,No,Medium,Medium,Low,Moderate,Yes,Yes,No,No,No,No,Yes,Medium,Medium,Premium / Trusted,1370.0,6K-10K,7600,Full Payment,Medium,No,4,Yes,No,Medium,Medium,2,77.3,20.5,70.8,52.2,71.7,60.9,57.1,High,Mid-Range,Medium Value,Step counting is accurate and syncing with the app is fast and seamless.
FT101092,18-24,Female,Student,Tier 2,12600.0,< 25K,High School,General Fitness,Advanced,6,High,7800,4.6,Poor,High,Poor,2.2,High,No,No,No,No,Medium,Medium,Low,Frequent,Yes,Yes,No,No,No,No,No,High,High,Budget / Value,670.0,3K-6K,3100,Full Payment,Low,No,3,No,No,Low,Medium,0,77.9,60.6,75.7,31.0,60.4,34.8,37.4,High,Budget,Low Value,Heart rate readings feel inaccurate during workouts and the strap is uncomfortable.
FT101093,18-24,Male,Student,Tier 1,23700.0,< 25K,Post Graduate,General Fitness,Advanced,7,High,10800,4.7,Poor,High,Average,3.0,High,No,Yes,Yes,Yes,High,High,Medium,Frequent,Yes,No,Yes,Yes,Yes,Yes,Yes,High,Medium,No Preference,540.0,6K-10K,6300,Full Payment,Low,Yes,4,Yes,Yes,Low,Medium,3,65.6,73.8,68.2,95.3,52.8,66.6,92.1,High,Mid-Range,Medium Value,"Design is decent, battery is average, app could improve a little."
FT101094,25-34,Male,Student,Tier 1,30700.0,25K-50K,Graduate,General Fitness,Beginner,0,Low,3200,6.2,Poor,Medium,Good,2.3,Medium,Yes,No,No,Yes,Medium,High,Medium,Moderate,Yes,No,Yes,No,No,Yes,Yes,High,Medium,Budget / Value,710.0,3K-6K,4100,Full Payment,High,No,3,No,Yes,Medium,Low,0,58.3,17.6,58.5,36.5,91.9,35.4,40.9,High,Budget,Low Value,"Average experience overall, nothing special but works fine."
FT101095,25-34,Female,Working Professional,Tier 2,55600.0,50K-1L,Post Graduate,Weight Loss,Beginner,2,Medium,6400,5.6,Poor,Medium,Good,0.8,High,No,No,No,No,High,High,Medium,Moderate,Yes,Yes,No,Yes,No,Yes,No,Medium,High,No Preference,2250.0,3K-6K,3200,Full Payment,Medium,No,2,No,No,Low,Medium,0,53.9,26.2,53.9,40.4,67.3,32.8,42.3,High,Budget,Low Value,"The watch is okay, does the basic job of counting steps."
FT101096,18-24,Female,Self-Employed,Tier 1,75800.0,50K-1L,Graduate,Better Sleep,Beginner,3,Medium,3800,6.6,Poor,High,Poor,2.6,High,No,Yes,No,No,High,High,Medium,Minimal,Yes,Yes,Yes,No,No,Yes,Yes,High,Medium,No Preference,620.0,6K-10K,6400,Full Payment,Medium,Yes,4,Yes,No,Medium,High,1,85.7,31.7,79.2,62.9,65.1,61.6,62.4,High,Mid-Range,Medium Value,"The watch is okay, does the basic job of counting steps."
FT101097,35-44,Male,Working Professional,Tier 3,57600.0,50K-1L,Post Graduate,Medical / Recovery,Beginner,0,Low,800,5.2,Poor,Medium,Poor,3.6,High,Yes,Yes,No,No,High,High,Low,Moderate,Yes,No,No,Yes,Yes,Yes,No,Medium,High,No Preference,840.0,< 3K,2900,Full Payment,Medium,No,5,Yes,No,Low,High,2,82.9,9.4,76.0,64.2,70.8,73.8,65.6,High,Budget,Medium Value,"Great value for money, the app is smooth and the design looks premium."
FT101098,45-54,Male,Working Professional,Tier 1,119200.0,1L-2L,Graduate,Better Sleep,Beginner,1,Low,5800,6.7,Average,Medium,Good,2.3,Medium,No,Yes,Yes,Yes,Low,Medium,Low,Moderate,No,No,No,No,No,Yes,Yes,Medium,Medium,Premium / Trusted,7220.0,6K-10K,9900,EMI,Medium,No,4,Yes,No,Medium,Low,0,49.3,29.9,46.1,63.7,58.1,53.9,56.9,Moderate,Mid-Range,Medium Value,"Average experience overall, nothing special but works fine."
FT101099,18-24,Male,Student,Tier 2,20500.0,< 25K,Post Graduate,Weight Loss,Beginner,1,Low,2200,7.6,Average,Medium,Average,3.1,Medium,No,Yes,Yes,No,High,High,Medium,Moderate,Yes,Yes,Yes,No,Yes,Yes,Yes,Medium,Medium,Premium / Trusted,670.0,6K-10K,6800,Full Payment,Low,No,4,Yes,No,Low,High,1,54.2,22.4,59.7,87.6,57.0,70.5,82.4,Moderate,Mid-Range,Medium Value,"The watch is okay, does the basic job of counting steps."
FT101100,18-24,Female,Student,Tier 1,33300.0,25K-50K,Diploma,Stress Management,Intermediate,3,Medium,5200,5.9,Poor,High,Poor,1.9,Medium,Yes,Yes,No,No,High,Medium,High,Minimal,No,No,Yes,No,Yes,No,No,High,Medium,Budget / Value,2010.0,3K-6K,5800,Full Payment,Medium,No,3,No,No,Low,Medium,3,86.8,39.6,89.3,62.4,73.5,52.0,49.4,High,Mid-Range,Medium Value,"Average experience overall, nothing special but works fine."
FT101101,25-34,Male,Working Professional,Tier 2,64900.0,50K-1L,Diploma,Muscle Gain,Intermediate,3,Medium,2400,5.7,Poor,High,Poor,2.8,High,No,Yes,Yes,No,High,High,High,Moderate,No,Yes,Yes,No,Yes,No,No,Low,High,No Preference,3820.0,3K-6K,4300,Full Payment,High,Yes,3,No,No,Medium,Medium,0,81.3,33.9,82.0,81.7,82.3,36.8,67.5,High,Budget,Low Value,Heart rate readings feel inaccurate during workouts and the strap is uncomfortable.
FT101102,35-44,Male,Working Professional,Tier 2,58100.0,50K-1L,Graduate,Weight Loss,Advanced,5,High,10300,6.8,Poor,Medium,Good,1.7,Medium,No,Yes,Yes,Yes,High,High,High,Frequent,Yes,Yes,Yes,Yes,Yes,No,Yes,Medium,High,Budget / Value,390.0,3K-6K,4300,Full Payment,High,Yes,3,No,No,High,High,1,51.9,59.9,53.9,85.0,91.8,35.4,88.5,High,Budget,Low Value,"Average experience overall, nothing special but works fine."
FT101103,35-44,Other,Self-Employed,Tier 2,43800.0,25K-50K,Graduate,Medical / Recovery,Intermediate,4,High,8000,6.8,Average,Medium,Good,2.1,Medium,Yes,No,No,No,Low,Low,Medium,Minimal,Yes,Yes,Yes,Yes,Yes,No,Yes,High,Low,Premium / Trusted,1360.0,3K-6K,5700,Full Payment,Medium,No,2,No,No,Low,Low,1,40.6,59.1,40.9,12.1,78.8,27.8,33.9,Moderate,Mid-Range,Low Value,Hard to set up for beginners and too many confusing notifications.
FT101104,18-24,Female,Working Professional,Tier 2,45100.0,25K-50K,Graduate,Stress Management,Beginner,0,Low,3600,5.1,Poor,High,Average,2.1,High,No,Yes,No,No,High,High,High,Frequent,Yes,Yes,No,No,No,Yes,Yes,High,High,Budget / Value,2080.0,6K-10K,6200,Full Payment,Low,No,4,Yes,No,Low,Medium,1,79.1,15.6,76.7,59.2,54.5,55.9,70.9,High,Mid-Range,Medium Value,"It works as expected, neither impressed nor disappointed so far."
FT101105,35-44,Male,Working Professional,Tier 2,69200.0,50K-1L,Graduate,Weight Loss,Beginner,0,Low,3500,5.1,Poor,High,Average,2.7,High,Yes,Yes,No,No,Low,Medium,High,Minimal,Yes,Yes,Yes,No,No,Yes,Yes,High,Medium,Budget / Value,3930.0,3K-6K,4400,Full Payment,Medium,No,3,No,No,Medium,Low,1,78.9,18.1,80.3,42.6,59.7,47.6,55.3,High,Budget,Medium Value,The battery drains too quickly and charging takes very long.
FT101106,18-24,Male,Student,Tier 1,24400.0,< 25K,Graduate,Medical / Recovery,Intermediate,4,High,3700,6.4,Average,High,Average,1.6,High,Yes,Yes,No,Yes,High,High,High,Moderate,Yes,Yes,Yes,Yes,Yes,Yes,Yes,Medium,High,No Preference,1520.0,3K-6K,4500,Full Payment,Medium,No,4,Yes,Yes,Medium,Medium,5,57.8,46.6,57.4,67.1,82.0,54.4,79.5,High,Budget,Medium Value,"Average experience overall, nothing special but works fine."
FT101107,25-34,Male,Working Professional,Tier 2,105500.0,1L-2L,Post Graduate,Weight Loss,Beginner,2,Medium,3400,4.9,Poor,Medium,Poor,1.1,Medium,No,No,No,No,High,Medium,Low,Moderate,Yes,No,Yes,Yes,Yes,Yes,Yes,High,Medium,Premium / Trusted,1620.0,6K-10K,7700,Full Payment,High,No,4,Yes,No,Medium,High,3,69.5,29.6,72.4,43.5,73.8,55.1,51.9,High,Mid-Range,Medium Value,"Reasonable device for the price, a few features could be better."
FT101108,55+,Female,Homemaker,Tier 1,23900.0,< 25K,Diploma,General Fitness,Beginner,0,Low,2200,7.3,Good,Low,Good,2.7,Low,No,Yes,No,No,Low,High,High,Minimal,No,Yes,Yes,Yes,No,No,Yes,Low,Medium,Budget / Value,980.0,3K-6K,5100,Full Payment,High,No,2,No,No,Medium,Low,0,23.6,20.7,29.6,38.4,84.9,27.6,49.6,Low,Mid-Range,Low Value,"The watch is okay, does the basic job of counting steps."
FT101109,18-24,Male,Student,Tier 2,20100.0,< 25K,Post Graduate,Weight Loss,Intermediate,4,High,6100,5.6,Poor,High,Poor,2.6,Medium,No,Yes,No,No,Medium,Medium,Medium,Minimal,Yes,Yes,No,No,Yes,No,No,Medium,Medium,Budget / Value,680.0,3K-6K,4300,Full Payment,Medium,Yes,4,Yes,No,Medium,Medium,2,74.3,49.7,74.4,54.7,66.0,68.4,51.0,High,Budget,Medium Value,Step counting is accurate and syncing with the app is fast and seamless.
FT101110,18-24,Female,Student,Tier 2,13800.0,< 25K,High School,Weight Loss,Beginner,3,Medium,5800,5.7,Poor,High,Poor,2.4,High,No,No,Yes,Yes,High,Medium,Medium,Minimal,Yes,Yes,Yes,No,Yes,No,Yes,High,High,No Preference,440.0,3K-6K,4600,Full Payment,Medium,No,4,Yes,Yes,Low,High,3,82.2,30.3,85.8,61.1,72.6,56.0,46.8,High,Budget,Medium Value,Customer support was slow and the device disconnects from the app often.
FT101111,25-34,Female,Working Professional,Tier 2,54500.0,50K-1L,Graduate,Medical / Recovery,Beginner,1,Low,4500,6.7,Good,Low,Average,3.0,Low,Yes,No,Yes,Yes,Medium,Medium,Medium,Minimal,Yes,No,No,Yes,No,No,No,Medium,Medium,Premium / Trusted,320.0,6K-10K,6200,Full Payment,Medium,No,3,No,Yes,Medium,Medium,0,33.2,34.2,34.6,44.9,61.3,35.8,28.3,Low,Mid-Range,Low Value,Sleep tracking data seems wrong and the design feels cheap.
FT101112,25-34,Male,Working Professional,Tier 2,78300.0,50K-1L,Post Graduate,Muscle Gain,Beginner,0,Low,4800,6.3,Poor,High,Poor,2.1,High,No,Yes,Yes,Yes,High,High,Medium,Moderate,Yes,Yes,No,Yes,Yes,Yes,No,Medium,High,Premium / Trusted,5620.0,6K-10K,8100,Full Payment,Low,Yes,4,Yes,No,Low,Medium,2,89.7,20.9,90.9,79.8,38.2,67.1,75.4,High,Mid-Range,Medium Value,The battery life is excellent and lasts almost a week on a single charge.
FT101113,45-54,Female,Working Professional,Tier 1,92300.0,50K-1L,Diploma,Weight Loss,Advanced,6,High,6900,6.5,Poor,Medium,Average,2.5,Medium,No,Yes,Yes,Yes,Low,Medium,High,Minimal,No,No,No,Yes,Yes,No,Yes,High,Low,No Preference,1410.0,6K-10K,8300,EMI,Low,Yes,3,No,Yes,Medium,Medium,0,55.8,62.4,58.0,61.3,42.8,38.0,53.3,High,Mid-Range,Low Value,Customer support was slow and the device disconnects from the app often.
FT101114,55+,Male,Retired,Tier 1,45100.0,25K-50K,Diploma,Stress Management,Intermediate,5,High,8500,5.5,Poor,High,Average,2.0,High,No,Yes,No,No,Medium,High,High,Minimal,Yes,Yes,Yes,Yes,Yes,No,Yes,High,Medium,Premium / Trusted,2070.0,6K-10K,6900,Full Payment,High,No,4,Yes,No,Low,Low,2,75.4,48.9,59.9,49.6,86.5,71.1,62.1,High,Mid-Range,Medium Value,"Affordable, lightweight and the companion app is very beginner friendly."
FT101115,18-24,Male,Self-Employed,Tier 1,66400.0,50K-1L,Diploma,Better Sleep,Beginner,0,Low,4300,6.1,Poor,Medium,Average,2.1,High,No,Yes,No,No,Medium,High,Medium,Moderate,Yes,Yes,Yes,Yes,No,Yes,Yes,Medium,Medium,No Preference,4220.0,3K-6K,5300,Full Payment,High,No,4,Yes,No,Medium,Medium,1,69.5,16.9,66.6,51.9,85.8,63.4,69.9,High,Mid-Range,Medium Value,"Design is decent, battery is average, app could improve a little."
FT101116,18-24,Female,Student,Tier 2,21900.0,< 25K,Graduate,Better Sleep,Beginner,1,Low,2400,6.2,Average,Medium,Average,2.6,High,No,No,Yes,Yes,Medium,High,Low,Moderate,Yes,Yes,No,Yes,No,Yes,Yes,Medium,Medium,Budget / Value,440.0,< 3K,1400,Full Payment,High,Yes,3,No,Yes,High,Medium,0,57.5,21.0,57.7,54.3,93.9,46.7,51.4,Moderate,Budget,Medium Value,"Too expensive for the features offered, the price could be lower."
FT101117,35-44,Male,Working Professional,Tier 3,30000.0,25K-50K,Graduate,Medical / Recovery,Advanced,6,High,9300,7.8,Average,Medium,Average,4.1,Low,Yes,Yes,No,No,Low,Medium,Medium,Moderate,Yes,No,Yes,No,Yes,No,Yes,Medium,Medium,Premium / Trusted,1380.0,3K-6K,3500,Full Payment,Medium,No,3,No,No,High,Medium,0,51.6,76.6,55.9,39.0,77.7,41.6,56.8,Moderate,Budget,Low Value,Heart rate readings feel inaccurate during workouts and the strap is uncomfortable.
FT101118,18-24,Male,Student,Tier 2,14300.0,< 25K,High School,Better Sleep,Beginner,2,Medium,6000,5.9,Poor,Low,Average,2.9,Medium,No,Yes,Yes,Yes,Medium,High,Medium,Moderate,Yes,No,Yes,Yes,No,Yes,No,Medium,Medium,Premium / Trusted,460.0,6K-10K,7000,Full Payment,Medium,No,4,Yes,Yes,High,High,3,51.0,26.4,51.0,76.6,73.5,67.2,70.0,Moderate,Mid-Range,Medium Value,"Affordable, lightweight and the companion app is very beginner friendly."
FT101119,45-54,Male,Working Professional,Tier 2,81300.0,50K-1L,Post Graduate,Muscle Gain,Intermediate,1,Low,4100,6.7,Average,High,Average,2.7,Medium,No,Yes,No,No,High,High,Medium,Frequent,No,No,Yes,No,Yes,Yes,Yes,High,Medium,Budget / Value,2890.0,3K-6K,3300,Full Payment,Low,Yes,3,No,Yes,Low,Medium,0,63.5,31.7,67.3,57.3,48.6,50.4,70.2,High,Budget,Medium Value,"I love the sleep tracking, it is accurate and easy to understand."
FT101120,35-44,Male,Working Professional,Tier 1,90200.0,50K-1L,Diploma,General Fitness,Intermediate,4,High,8600,6.6,Poor,Medium,Average,2.9,Medium,No,No,No,No,High,High,Low,Minimal,No,No,No,No,Yes,Yes,Yes,High,High,Premium / Trusted,4690.0,6K-10K,9800,Full Payment,Medium,No,4,Yes,Yes,Medium,High,1,58.1,48.7,54.7,42.2,63.9,56.0,31.6,High,Mid-Range,Medium Value,"Average experience overall, nothing special but works fine."
FT101121,18-24,Male,Student,Tier 3,17200.0,< 25K,Graduate,Better Sleep,Intermediate,2,Medium,5400,7.7,Good,Low,Poor,0.5,Low,No,Yes,No,No,Medium,High,Medium,Frequent,Yes,Yes,Yes,No,No,Yes,Yes,High,High,No Preference,360.0,< 3K,2500,Full Payment,Medium,Yes,4,Yes,Yes,Low,Medium,0,42.2,45.0,42.3,50.8,77.9,62.8,72.2,Low,Budget,Medium Value,"Affordable, lightweight and the companion app is very beginner friendly."
FT101122,35-44,Female,Working Professional,Tier 1,86700.0,50K-1L,Graduate,Weight Loss,Beginner,0,Low,2400,6.9,Average,Medium,Good,2.6,Low,No,No,Yes,No,Medium,High,Medium,Moderate,Yes,Yes,No,No,No,Yes,Yes,Medium,Medium,Budget / Value,5190.0,6K-10K,6000,Full Payment,Medium,No,3,No,No,Medium,Low,1,54.0,18.4,50.5,50.2,71.5,38.0,45.7,Moderate,Mid-Range,Low Value,Customer support was slow and the device disconnects from the app often.
FT101123,18-24,Female,Working Professional,Tier 1,73700.0,50K-1L,High School,Weight Loss,Advanced,3,Medium,4200,6.6,Average,Low,Poor,3.0,Medium,No,Yes,No,No,High,High,Low,Frequent,Yes,Yes,No,Yes,Yes,No,Yes,High,High,Budget / Value,2400.0,6K-10K,6600,Full Payment,Medium,Yes,5,Yes,No,Medium,Medium,3,41.9,50.9,54.6,71.9,64.5,77.1,79.6,Low,Mid-Range,Medium Value,"Great value for money, the app is smooth and the design looks premium."
FT101124,25-34,Female,Working Professional,Tier 3,26600.0,25K-50K,High School,General Fitness,Beginner,3,Medium,6700,7.1,Good,Medium,Poor,2.4,Low,Yes,No,No,No,Low,Medium,Low,Minimal,Yes,Yes,No,No,No,Yes,No,Medium,Low,No Preference,940.0,< 3K,2500,Full Payment,Low,No,2,No,No,Medium,Medium,0,49.1,47.7,51.6,21.2,47.6,30.9,24.3,Low,Budget,Low Value,"Too expensive for the features offered, the price could be lower."
FT101125,25-34,Female,Student,Tier 1,37700.0,25K-50K,Post Graduate,General Fitness,Beginner,0,Low,3200,6.0,Poor,High,Poor,2.3,High,No,No,No,Yes,High,High,Low,Frequent,Yes,No,No,Yes,Yes,No,Yes,High,Medium,Premium / Trusted,1230.0,6K-10K,7900,Full Payment,Medium,No,2,No,No,Low,Low,2,89.5,10.1,90.0,39.9,68.6,32.0,49.1,High,Mid-Range,Low Value,"It works as expected, neither impressed nor disappointed so far."
FT101126,25-34,Male,Working Professional,Tier 1,84300.0,50K-1L,Graduate,Muscle Gain,Beginner,2,Medium,3400,6.8,Poor,Medium,Average,1.5,High,No,Yes,Yes,Yes,Medium,Medium,High,Frequent,Yes,No,Yes,Yes,Yes,Yes,No,High,High,Premium / Trusted,950.0,6K-10K,7900,Full Payment,Medium,Yes,4,Yes,No,Medium,Low,1,68.3,20.4,58.3,75.1,63.8,66.0,80.7,High,Mid-Range,Medium Value,Comfortable to wear all day and the stress tracking is genuinely useful.
FT101127,35-44,Female,Working Professional,Tier 1,63900.0,50K-1L,High School,Better Sleep,Beginner,2,Medium,6200,6.5,Average,High,Poor,2.0,Medium,No,No,No,No,Medium,High,Medium,Minimal,No,Yes,Yes,Yes,Yes,Yes,Yes,Medium,High,No Preference,2560.0,3K-6K,5400,Full Payment,Low,No,3,No,No,High,High,1,68.2,33.8,71.8,32.6,47.9,43.6,41.1,High,Mid-Range,Low Value,Sleep tracking data seems wrong and the design feels cheap.
FT101128,35-44,Male,Homemaker,Tier 2,27900.0,25K-50K,Post Graduate,General Fitness,Beginner,2,Medium,7500,6.6,Poor,Medium,Poor,1.6,Medium,No,No,Yes,No,Medium,Medium,Medium,Moderate,Yes,Yes,No,No,Yes,No,No,Medium,High,Budget / Value,1340.0,3K-6K,4100,Full Payment,Medium,No,4,Yes,No,Medium,Medium,1,77.6,31.5,68.7,57.2,72.1,57.1,43.9,High,Budget,Medium Value,"Design is decent, battery is average, app could improve a little."
FT101129,55+,Male,Homemaker,Tier 1,54100.0,50K-1L,Graduate,Muscle Gain,Intermediate,4,High,6200,6.2,Average,Medium,Average,3.1,High,No,Yes,No,No,Low,Medium,Low,Minimal,No,Yes,No,Yes,No,Yes,No,High,Medium,No Preference,490.0,3K-6K,5400,Full Payment,High,Yes,2,No,No,Medium,Low,0,46.4,48.5,43.0,37.2,87.5,29.7,44.9,Moderate,Mid-Range,Low Value,"Too expensive for the features offered, the price could be lower."
FT101130,55+,Female,Retired,Tier 2,40600.0,25K-50K,High School,General Fitness,Advanced,5,High,7200,6.1,Poor,Medium,Average,3.5,High,No,No,Yes,Yes,Medium,High,High,Minimal,No,Yes,No,Yes,No,No,Yes,High,High,No Preference,950.0,3K-6K,4600,Full Payment,Medium,No,2,No,Yes,Medium,Medium,2,55.6,56.5,59.1,48.1,65.6,29.0,33.7,High,Budget,Low Value,I am worried about my health data privacy and how it is stored.
FT101131,25-34,Male,Student,Tier 2,25900.0,25K-50K,Graduate,Stress Management,Beginner,2,Medium,3800,5.5,Poor,High,Poor,3.8,High,No,Yes,No,No,High,High,Low,Moderate,Yes,Yes,Yes,Yes,Yes,No,Yes,High,Low,No Preference,1520.0,3K-6K,5800,Full Payment,Medium,No,5,Yes,No,Medium,High,3,77.7,27.8,78.8,75.7,71.3,86.6,78.2,High,Mid-Range,Medium Value,The personalized health reports keep me motivated to stay consistent.
FT101132,18-24,Male,Student,Tier 1,43100.0,25K-50K,Graduate,Weight Loss,Intermediate,2,Medium,2200,6.2,Average,Low,Average,1.6,Low,No,No,No,No,High,High,Medium,Moderate,No,Yes,Yes,No,No,No,Yes,High,Medium,Budget / Value,1410.0,3K-6K,4500,Full Payment,Medium,No,3,No,No,Low,Medium,0,39.4,34.1,39.5,48.8,71.5,39.1,40.9,Low,Budget,Low Value,"Average experience overall, nothing special but works fine."
FT101133,35-44,Male,Working Professional,Tier 1,49100.0,25K-50K,Diploma,Weight Loss,Advanced,4,High,11000,5.2,Poor,High,Average,1.8,High,No,No,No,No,Medium,Medium,Medium,Moderate,No,Yes,No,Yes,No,Yes,Yes,Medium,Medium,Budget / Value,2130.0,6K-10K,6100,Full Payment,Medium,No,4,Yes,No,Low,Medium,5,70.6,60.0,59.8,33.1,75.7,57.1,39.7,High,Mid-Range,Medium Value,"I love the sleep tracking, it is accurate and easy to understand."
FT101134,55+,Male,Homemaker,Tier 3,15300.0,< 25K,Post Graduate,Muscle Gain,Beginner,1,Low,3300,5.5,Poor,Medium,Poor,1.7,Medium,No,No,Yes,Yes,Medium,High,Low,Moderate,Yes,No,Yes,Yes,Yes,Yes,Yes,High,Medium,Budget / Value,450.0,< 3K,2700,Full Payment,Low,No,3,No,No,Medium,High,1,72.9,19.7,74.6,45.1,51.9,45.9,52.5,High,Budget,Medium Value,Comfortable to wear all day and the stress tracking is genuinely useful.
FT101135,25-34,Male,Self-Employed,Tier 1,59400.0,50K-1L,Diploma,Muscle Gain,Intermediate,3,Medium,4800,6.7,Poor,Medium,Poor,1.5,High,No,Yes,No,No,Medium,High,High,Moderate,Yes,Yes,No,Yes,Yes,Yes,Yes,Medium,Medium,Budget / Value,610.0,3K-6K,5500,Full Payment,High,No,4,Yes,No,High,Low,0,72.6,36.3,65.2,50.1,87.6,72.8,69.2,High,Mid-Range,Medium Value,The personalized health reports keep me motivated to stay consistent.
FT101136,25-34,Male,Working Professional,Tier 2,51700.0,50K-1L,Diploma,General Fitness,Advanced,6,High,7600,5.3,Poor,High,Average,1.5,High,No,No,Yes,No,High,High,High,Minimal,Yes,Yes,Yes,Yes,Yes,No,Yes,Medium,Medium,Budget / Value,2120.0,3K-6K,4700,Full Payment,High,Yes,4,Yes,No,High,Medium,2,71.6,69.5,68.5,70.0,88.1,70.3,54.2,High,Budget,Medium Value,Comfortable to wear all day and the stress tracking is genuinely useful.
FT101137,25-34,Female,Working Professional,Tier 2,48700.0,25K-50K,Diploma,General Fitness,Intermediate,5,High,7800,5.6,Poor,Medium,Good,1.9,High,No,Yes,No,No,Medium,High,Medium,Minimal,Yes,No,No,No,No,Yes,Yes,High,Medium,Premium / Trusted,1010.0,3K-6K,5700,Full Payment,High,Yes,3,No,No,Low,Low,3,52.1,51.2,48.1,49.5,86.9,51.7,49.2,High,Mid-Range,Medium Value,"Average experience overall, nothing special but works fine."
FT101138,18-24,Male,Student,Tier 1,19400.0,< 25K,Graduate,Weight Loss,Beginner,2,Medium,3900,5.3,Poor,High,Good,3.0,Medium,No,Yes,No,No,High,High,Medium,Moderate,No,Yes,Yes,No,No,Yes,Yes,Low,High,Budget / Value,960.0,3K-6K,5200,Full Payment,Low,Yes,4,Yes,No,Low,High,2,67.0,22.7,66.9,80.0,51.8,67.9,71.1,High,Mid-Range,Medium Value,The battery life is excellent and lasts almost a week on a single charge.
FT101139,35-44,Male,Working Professional,Tier 2,86300.0,50K-1L,Graduate,Stress Management,Advanced,4,High,10000,5.7,Poor,High,Average,1.7,Medium,Yes,Yes,Yes,Yes,Medium,High,Low,Minimal,Yes,No,No,Yes,No,No,Yes,Medium,Medium,No Preference,2660.0,3K-6K,4500,Full Payment,Medium,Yes,4,Yes,Yes,Medium,Low,1,70.1,60.1,66.4,64.5,58.0,62.8,54.4,High,Budget,Medium Value,"It works as expected, neither impressed nor disappointed so far."
FT101140,25-34,Male,Homemaker,Tier 2,52600.0,50K-1L,Post Graduate,General Fitness,Intermediate,0,Low,800,5.8,Poor,Medium,Good,3.1,High,No,No,No,No,High,High,High,Frequent,Yes,No,No,No,No,Yes,No,Medium,Medium,No Preference,1970.0,3K-6K,4600,Full Payment,Medium,No,3,No,Yes,Medium,High,3,68.8,12.1,58.1,42.3,71.0,51.4,41.4,High,Budget,Medium Value,"Design is decent, battery is average, app could improve a little."
FT101141,35-44,Female,Working Professional,Tier 2,70500.0,50K-1L,Diploma,General Fitness,Beginner,0,Low,800,6.7,Average,Medium,Average,3.4,Medium,No,No,No,No,Low,Medium,Medium,Moderate,Yes,No,No,No,No,No,Yes,Medium,High,Budget / Value,2720.0,3K-6K,3900,Full Payment,Medium,No,2,No,No,High,Medium,0,54.5,15.8,61.0,16.6,69.9,32.1,25.4,Moderate,Budget,Low Value,Customer support was slow and the device disconnects from the app often.
FT101142,35-44,Male,Self-Employed,Tier 3,64900.0,50K-1L,Post Graduate,Better Sleep,Beginner,0,Low,4000,6.4,Poor,Medium,Average,2.5,Medium,No,Yes,Yes,Yes,Medium,Low,High,Frequent,Yes,Yes,Yes,No,Yes,Yes,Yes,High,High,Budget / Value,3210.0,3K-6K,3900,Full Payment,High,Yes,3,No,No,Medium,Medium,0,64.0,16.0,67.9,64.4,85.4,48.2,81.3,High,Budget,Medium Value,"The watch is okay, does the basic job of counting steps."
FT101143,35-44,Male,Self-Employed,Tier 3,43300.0,25K-50K,Graduate,Stress Management,Beginner,0,Low,2800,6.0,Poor,High,Good,2.3,High,No,No,No,No,Low,High,High,Moderate,No,Yes,Yes,Yes,No,Yes,Yes,High,High,Budget / Value,2470.0,< 3K,2500,Full Payment,Medium,No,2,No,Yes,Medium,Low,1,74.1,14.1,73.2,16.3,72.3,16.3,38.1,High,Budget,Low Value,Sleep tracking data seems wrong and the design feels cheap.
FT101144,25-34,Male,Working Professional,Tier 3,29400.0,25K-50K,Diploma,Weight Loss,Beginner,2,Medium,4800,6.0,Poor,High,Average,1.2,High,No,No,No,No,Low,Low,Medium,Minimal,Yes,Yes,Yes,Yes,Yes,No,No,High,Medium,No Preference,380.0,3K-6K,4300,Full Payment,High,No,1,No,No,High,High,0,73.2,26.4,63.8,18.8,84.1,13.8,32.0,High,Budget,Low Value,The app keeps crashing and the notifications are unreliable.
FT101145,25-34,Female,Working Professional,Tier 2,41200.0,25K-50K,High School,Muscle Gain,Beginner,2,Medium,6200,7.0,Good,Medium,Average,1.9,Low,Yes,Yes,No,Yes,High,High,Low,Minimal,No,Yes,No,No,Yes,Yes,Yes,Medium,Medium,Premium / Trusted,450.0,3K-6K,4700,Full Payment,Medium,No,3,No,Yes,Medium,Medium,1,35.6,41.3,39.2,67.0,76.4,48.7,59.6,Low,Budget,Medium Value,"The watch is okay, does the basic job of counting steps."
FT101146,35-44,Female,Homemaker,Tier 2,52000.0,50K-1L,Post Graduate,Weight Loss,Beginner,4,High,7600,5.0,Poor,Medium,Average,2.5,Medium,No,No,No,No,Low,Medium,Medium,Moderate,Yes,Yes,Yes,Yes,No,No,No,Low,Medium,Budget / Value,820.0,< 3K,2200,Full Payment,High,No,1,No,No,Low,Medium,0,59.3,46.2,52.4,19.3,85.5,7.9,34.9,High,Budget,Low Value,Heart rate readings feel inaccurate during workouts and the strap is uncomfortable.
FT101147,35-44,Female,Self-Employed,Tier 2,41900.0,25K-50K,Diploma,Weight Loss,Intermediate,4,High,7300,6.3,Average,Low,Good,2.5,Low,No,Yes,No,Yes,Low,High,Medium,Frequent,No,Yes,No,Yes,Yes,No,No,High,High,Budget / Value,1630.0,< 3K,2200,Full Payment,High,No,3,No,Yes,High,Medium,0,24.2,55.3,27.4,43.5,88.6,35.5,61.1,Low,Budget,Low Value,"Too expensive for the features offered, the price could be lower."
FT101148,25-34,Female,Self-Employed,Tier 1,72600.0,50K-1L,Graduate,Stress Management,Intermediate,6,High,7100,7.2,Average,Low,Poor,3.4,Low,No,Yes,No,No,Medium,High,High,Moderate,No,No,Yes,No,Yes,No,Yes,Low,High,No Preference,1400.0,3K-6K,5500,Full Payment,High,Yes,3,Yes,No,Low,Low,2,36.9,56.4,38.0,52.6,89.9,53.3,57.3,Low,Mid-Range,Medium Value,"Reasonable device for the price, a few features could be better."
FT101149,45-54,Male,Working Professional,Tier 3,60500.0,50K-1L,Graduate,Weight Loss,Beginner,2,Medium,2200,6.7,Poor,Medium,Average,1.5,Medium,No,No,Yes,Yes,Medium,High,Medium,Frequent,No,No,No,Yes,No,Yes,Yes,High,Medium,No Preference,3210.0,3K-6K,3400,Full Payment,Medium,No,3,No,Yes,Low,Medium,0,66.2,21.1,68.3,50.5,62.5,43.8,48.5,High,Budget,Low Value,"Reasonable device for the price, a few features could be better."
FT101150,18-24,Male,Student,Tier 3,12400.0,< 25K,High School,General Fitness,Beginner,3,Medium,5000,6.5,Average,High,Average,1.9,Medium,No,Yes,No,No,High,High,Medium,Frequent,No,Yes,Yes,No,No,Yes,No,Medium,Medium,Premium / Trusted,370.0,3K-6K,4100,Full Payment,Medium,Yes,3,No,No,Low,High,0,67.8,40.5,65.8,64.2,71.8,49.5,68.3,High,Budget,Medium Value,"It works as expected, neither impressed nor disappointed so far."
FT101151,45-54,Male,Working Professional,Tier 1,89100.0,50K-1L,Post Graduate,Better Sleep,Beginner,1,Low,2100,5.2,Poor,Medium,Good,2.2,Medium,No,No,No,No,High,Medium,Low,Moderate,Yes,Yes,No,No,Yes,Yes,Yes,Medium,High,Budget / Value,2880.0,3K-6K,5700,Full Payment,Low,Yes,3,No,No,Medium,High,1,71.1,8.7,64.9,40.0,43.0,47.1,46.4,High,Mid-Range,Medium Value,Step counting is accurate and syncing with the app is fast and seamless.
FT101152,18-24,Male,Student,Tier 3,16700.0,< 25K,Post Graduate,Stress Management,Beginner,0,Low,3500,5.7,Poor,High,Poor,1.9,High,No,Yes,No,No,Medium,Medium,Medium,Moderate,Yes,Yes,Yes,Yes,No,Yes,No,High,Low,No Preference,710.0,< 3K,1800,Full Payment,Medium,No,3,No,No,Medium,Medium,1,83.5,11.2,92.1,48.0,75.4,46.0,64.2,High,Budget,Medium Value,Comfortable to wear all day and the stress tracking is genuinely useful.
FT101153,18-24,Male,Student,Tier 3,13000.0,< 25K,Graduate,Better Sleep,Intermediate,3,Medium,3100,6.0,Poor,Medium,Poor,1.5,High,No,Yes,No,No,High,High,Medium,Minimal,Yes,No,No,No,No,No,No,Medium,Low,No Preference,580.0,3K-6K,3300,Full Payment,High,Yes,5,Yes,No,High,High,1,71.9,35.4,71.9,67.2,89.2,75.1,46.8,High,Budget,Medium Value,Heart rate monitoring feels reliable and the hydration reminders really help.
FT101154,25-34,Male,Self-Employed,Tier 2,58800.0,50K-1L,Graduate,Better Sleep,Beginner,1,Low,3300,6.6,Average,Medium,Average,1.9,High,No,No,No,No,Medium,Medium,High,Moderate,Yes,Yes,No,No,No,No,No,High,High,Budget / Value,430.0,3K-6K,4000,Full Payment,Medium,No,2,No,No,Medium,Medium,0,53.1,27.4,55.1,29.3,71.6,20.5,29.8,Moderate,Budget,Low Value,Hard to set up for beginners and too many confusing notifications.
FT101155,18-24,Male,Working Professional,Tier 3,60400.0,50K-1L,Graduate,General Fitness,Advanced,4,High,7100,6.0,Poor,High,Poor,2.1,High,Yes,Yes,Yes,Yes,Medium,Medium,Medium,Moderate,No,Yes,Yes,No,No,No,No,Medium,High,Premium / Trusted,1980.0,3K-6K,5200,Full Payment,Medium,No,3,No,Yes,Medium,High,1,77.2,54.7,75.1,69.1,69.4,43.2,58.8,High,Mid-Range,Low Value,"I love the sleep tracking, it is accurate and easy to understand."
FT101156,18-24,Female,Student,Tier 1,24000.0,< 25K,Graduate,Muscle Gain,Beginner,0,Low,2900,7.1,Average,Low,Average,3.5,Low,No,No,No,No,Medium,Medium,Low,Minimal,Yes,Yes,No,No,No,Yes,Yes,Medium,Low,Budget / Value,1230.0,3K-6K,4900,Full Payment,Medium,No,4,Yes,No,High,High,5,44.9,20.6,46.5,36.7,66.2,68.8,34.0,Low,Budget,Medium Value,"Design is decent, battery is average, app could improve a little."
FT101157,18-24,Male,Student,Tier 1,24000.0,< 25K,High School,General Fitness,Beginner,2,Medium,5900,6.1,Poor,Medium,Average,1.5,High,Yes,Yes,No,No,Medium,Low,High,Frequent,Yes,Yes,Yes,Yes,Yes,Yes,No,Medium,High,Premium / Trusted,1000.0,3K-6K,5700,Full Payment,Medium,No,3,No,No,Low,Medium,2,57.3,32.9,60.8,57.1,75.8,47.9,78.7,High,Mid-Range,Medium Value,"It works as expected, neither impressed nor disappointed so far."
FT101158,25-34,Female,Self-Employed,Tier 1,83500.0,50K-1L,Graduate,Stress Management,Intermediate,2,Medium,4600,6.7,Average,High,Good,3.0,Medium,Yes,Yes,Yes,No,High,High,Low,Frequent,No,No,No,Yes,No,Yes,No,High,High,No Preference,1880.0,6K-10K,6400,Full Payment,Low,Yes,4,Yes,Yes,High,High,2,59.2,37.3,57.1,79.7,54.0,58.7,69.5,High,Mid-Range,Medium Value,"I love the sleep tracking, it is accurate and easy to understand."
FT101159,35-44,Female,Working Professional,Tier 2,91600.0,50K-1L,Diploma,General Fitness,Beginner,0,Low,1800,7.8,Good,Low,Average,3.3,Low,No,No,No,Yes,Low,Medium,Medium,Frequent,No,Yes,No,No,Yes,No,No,Medium,Low,Budget / Value,5040.0,3K-6K,4300,Full Payment,High,Yes,2,No,No,Medium,Low,1,34.9,19.1,37.6,23.5,80.5,24.1,34.8,Low,Budget,Low Value,Sleep tracking data seems wrong and the design feels cheap.
FT101160,18-24,Male,Self-Employed,Tier 1,88100.0,50K-1L,Graduate,Weight Loss,Beginner,0,Low,5200,6.3,Average,Low,Average,1.9,Low,Yes,Yes,Yes,No,High,Medium,High,Minimal,Yes,No,No,Yes,Yes,Yes,Yes,High,Low,Budget / Value,5290.0,6K-10K,6600,Full Payment,Low,No,3,Yes,No,Medium,Medium,2,47.2,23.9,46.2,86.3,43.9,53.5,70.6,Low,Mid-Range,Medium Value,"Reasonable device for the price, a few features could be better."
FT101161,35-44,Male,Working Professional,Tier 3,44800.0,25K-50K,Graduate,Weight Loss,Beginner,1,Low,3500,6.4,Poor,Medium,Good,2.5,Medium,Yes,No,No,No,Low,Low,Medium,Frequent,No,Yes,Yes,Yes,Yes,No,No,Low,Medium,Premium / Trusted,1510.0,3K-6K,3900,Full Payment,Low,No,3,No,No,Low,Medium,1,59.5,19.5,63.9,2.5,45.7,36.1,36.0,High,Budget,Low Value,Sleep tracking data seems wrong and the design feels cheap.
FT101162,35-44,Female,Working Professional,Tier 1,65800.0,50K-1L,High School,Stress Management,Intermediate,2,Medium,7800,6.1,Poor,High,Poor,2.8,High,No,Yes,No,No,Medium,High,High,Moderate,Yes,Yes,Yes,Yes,Yes,Yes,No,Low,High,Budget / Value,1960.0,6K-10K,6100,Full Payment,Medium,Yes,4,Yes,No,High,High,1,88.9,41.2,78.3,56.2,67.5,58.7,71.4,High,Mid-Range,Medium Value,The app keeps crashing and the notifications are unreliable.
FT101163,18-24,Female,Student,Tier 1,32500.0,25K-50K,Post Graduate,Weight Loss,Beginner,1,Low,3500,6.4,Poor,Medium,Average,2.6,Medium,No,No,No,No,Medium,High,High,Minimal,No,Yes,No,Yes,No,No,Yes,High,Medium,Budget / Value,1940.0,3K-6K,3900,Full Payment,High,No,1,No,No,Medium,Medium,1,70.1,21.3,67.6,33.4,95.1,7.4,28.5,High,Budget,Low Value,Sleep tracking data seems wrong and the design feels cheap.
FT101164,18-24,Male,Self-Employed,Tier 2,23000.0,< 25K,High School,Muscle Gain,Intermediate,4,High,7400,6.5,Average,Low,Average,2.4,Low,No,No,No,Yes,Medium,High,Low,Minimal,Yes,Yes,Yes,No,Yes,Yes,Yes,Medium,High,Budget / Value,480.0,3K-6K,4900,Full Payment,Low,No,3,No,Yes,Medium,Medium,2,35.2,58.9,33.7,33.4,50.6,35.1,41.4,Low,Budget,Low Value,The app keeps crashing and the notifications are unreliable.
FT101165,45-54,Male,Working Professional,Tier 1,53600.0,50K-1L,High School,Better Sleep,Intermediate,4,High,7200,6.5,Average,Medium,Poor,1.8,Medium,No,No,Yes,Yes,Low,Medium,Medium,Minimal,No,No,No,No,Yes,No,No,Medium,Low,Budget / Value,2600.0,3K-6K,5500,Full Payment,Medium,No,3,No,Yes,Low,Medium,0,57.2,54.0,55.0,42.2,65.4,46.9,23.1,Moderate,Mid-Range,Medium Value,Step counting is accurate and syncing with the app is fast and seamless.
FT101166,35-44,Female,Self-Employed,Tier 2,54200.0,50K-1L,Graduate,Stress Management,Advanced,4,High,7800,5.3,Poor,Medium,Poor,2.8,High,No,Yes,No,No,High,High,High,Minimal,Yes,No,No,Yes,No,Yes,No,High,Medium,Budget / Value,2580.0,3K-6K,5100,Full Payment,High,No,3,No,Yes,High,High,3,65.1,52.1,65.4,58.9,93.4,43.3,52.5,High,Mid-Range,Low Value,Hard to set up for beginners and too many confusing notifications.
FT101167,25-34,Female,Working Professional,Tier 1,61200.0,50K-1L,Graduate,General Fitness,Intermediate,2,Medium,4400,5.9,Poor,High,Average,2.0,High,No,Yes,No,No,High,High,Medium,Moderate,No,Yes,Yes,Yes,No,No,No,Medium,High,No Preference,2800.0,3K-6K,5600,Full Payment,Low,Yes,4,Yes,No,Medium,High,3,72.9,30.0,70.0,64.6,46.0,71.2,61.5,High,Mid-Range,Medium Value,Step counting is accurate and syncing with the app is fast and seamless.
FT101168,35-44,Male,Working Professional,Tier 3,28100.0,25K-50K,High School,Weight Loss,Intermediate,2,Medium,5400,4.8,Poor,High,Average,2.3,High,No,Yes,No,No,Medium,High,High,Frequent,Yes,Yes,Yes,No,No,No,No,High,Medium,No Preference,480.0,< 3K,2200,Full Payment,Low,No,4,Yes,No,Low,Low,1,78.9,35.1,67.0,44.2,49.9,57.2,61.3,High,Budget,Medium Value,"Affordable, lightweight and the companion app is very beginner friendly."
FT101169,18-24,Male,Working Professional,Tier 2,38600.0,25K-50K,Graduate,Better Sleep,Intermediate,4,High,10200,7.5,Good,Low,Average,2.4,Low,Yes,Yes,Yes,Yes,Medium,High,High,Frequent,No,No,Yes,Yes,Yes,Yes,No,Low,Medium,Premium / Trusted,560.0,6K-10K,7800,Full Payment,Low,Yes,4,Yes,No,Low,High,2,23.2,70.1,29.1,73.3,50.6,63.6,75.8,Low,Mid-Range,Medium Value,"Affordable, lightweight and the companion app is very beginner friendly."
FT101170,25-34,Female,Working Professional,Tier 1,83600.0,50K-1L,Graduate,Muscle Gain,Beginner,3,Medium,8200,5.1,Poor,High,Poor,3.0,High,No,Yes,No,No,High,High,Medium,Minimal,Yes,No,No,Yes,Yes,Yes,No,High,High,Budget / Value,2680.0,6K-10K,6300,Full Payment,High,No,3,Yes,Yes,High,High,2,85.5,40.5,74.0,67.6,78.1,53.4,59.8,High,Mid-Range,Medium Value,"Reasonable device for the price, a few features could be better."
FT101171,35-44,Male,Working Professional,Tier 1,60500.0,50K-1L,High School,General Fitness,Intermediate,4,High,9300,6.2,Average,Medium,Poor,3.8,Medium,No,Yes,No,No,High,High,Low,Moderate,Yes,Yes,No,Yes,Yes,No,No,High,Low,Budget / Value,2250.0,6K-10K,6800,Full Payment,High,Yes,3,No,No,Low,High,0,52.7,55.7,54.5,70.2,84.2,51.7,67.7,Moderate,Mid-Range,Medium Value,Sleep tracking data seems wrong and the design feels cheap.
FT101172,18-24,Female,Student,Tier 1,36300.0,25K-50K,Post Graduate,Medical / Recovery,Intermediate,5,High,6100,6.1,Poor,High,Good,1.7,High,Yes,Yes,Yes,Yes,High,High,Low,Minimal,Yes,Yes,No,Yes,No,Yes,Yes,Medium,Medium,Premium / Trusted,1050.0,6K-10K,8700,EMI,Medium,Yes,4,Yes,Yes,High,High,3,70.5,47.2,57.4,83.0,78.5,71.8,69.5,High,Mid-Range,Medium Value,The battery life is excellent and lasts almost a week on a single charge.
FT101173,35-44,Male,Homemaker,Tier 3,12900.0,< 25K,Diploma,Weight Loss,Beginner,4,High,5300,6.1,Poor,High,Poor,2.3,High,No,Yes,No,No,Low,Low,Low,Minimal,No,No,Yes,Yes,Yes,Yes,Yes,Medium,High,Premium / Trusted,680.0,3K-6K,5300,Full Payment,High,Yes,2,No,No,Low,Low,1,76.8,35.1,74.5,31.0,95.8,28.8,51.3,High,Mid-Range,Low Value,Sleep tracking data seems wrong and the design feels cheap.
FT101174,25-34,Male,Working Professional,Tier 2,63300.0,50K-1L,Graduate,General Fitness,Intermediate,3,Medium,6700,6.2,Average,Medium,Good,2.3,Medium,Yes,Yes,No,No,Medium,High,Medium,Frequent,No,No,Yes,Yes,No,Yes,Yes,Medium,High,Budget / Value,1350.0,3K-6K,4800,Full Payment,Low,No,3,No,No,Medium,Medium,1,43.8,48.2,44.9,50.2,51.3,37.6,67.7,Moderate,Budget,Low Value,Hard to set up for beginners and too many confusing notifications.
FT101175,35-44,Male,Working Professional,Tier 2,33200.0,25K-50K,High School,Weight Loss,Beginner,3,Medium,7700,5.7,Poor,High,Average,3.5,Medium,Yes,No,No,No,Medium,High,Medium,Frequent,Yes,Yes,No,No,No,Yes,No,Medium,Medium,No Preference,1480.0,3K-6K,3600,Full Payment,Low,No,3,No,Yes,Low,High,1,76.6,36.5,71.3,35.0,54.7,49.5,43.1,High,Budget,Medium Value,"Design is decent, battery is average, app could improve a little."
FT101176,25-34,Male,Homemaker,Tier 1,35900.0,25K-50K,Graduate,Weight Loss,Intermediate,3,Medium,5400,7.6,Good,Low,Average,2.3,Medium,No,No,Yes,Yes,Medium,Medium,Low,Frequent,Yes,Yes,No,No,No,No,No,High,Medium,No Preference,660.0,3K-6K,4000,Full Payment,Medium,No,2,No,Yes,Medium,Medium,0,27.8,47.6,32.0,55.7,73.7,15.9,46.1,Low,Budget,Low Value,Hard to set up for beginners and too many confusing notifications.
FT101177,25-34,Female,Self-Employed,Tier 3,50200.0,50K-1L,Post Graduate,General Fitness,Beginner,3,Medium,5000,6.2,Poor,Medium,Average,2.1,Low,No,No,Yes,Yes,Medium,High,Medium,Moderate,Yes,No,Yes,Yes,Yes,Yes,No,Medium,Low,Budget / Value,1630.0,< 3K,1200,Full Payment,High,Yes,2,No,No,Low,Low,1,61.0,28.8,62.5,44.4,87.2,15.8,48.0,High,Budget,Low Value,The battery drains too quickly and charging takes very long.
FT101178,18-24,Male,Working Professional,Tier 1,45500.0,25K-50K,High School,Stress Management,Beginner,2,Medium,7700,5.8,Poor,High,Good,2.3,High,No,Yes,No,No,Medium,Low,Low,Moderate,Yes,Yes,Yes,Yes,Yes,Yes,No,Medium,Medium,No Preference,1500.0,3K-6K,5500,Full Payment,Low,Yes,4,Yes,Yes,High,Medium,4,73.6,32.8,65.3,55.3,50.5,69.1,71.1,High,Mid-Range,Medium Value,The personalized health reports keep me motivated to stay consistent.
FT101179,18-24,Female,Working Professional,Tier 2,43200.0,25K-50K,High School,General Fitness,Beginner,0,Low,4200,5.9,Poor,Medium,Average,2.4,Medium,No,Yes,No,No,High,Medium,High,Moderate,Yes,Yes,Yes,Yes,Yes,No,Yes,Medium,Low,No Preference,1570.0,3K-6K,4500,Full Payment,Medium,No,2,No,No,Low,Medium,3,59.4,16.9,52.7,60.6,71.8,32.2,72.9,High,Budget,Low Value,"The watch is okay, does the basic job of counting steps."
FT101180,35-44,Male,Self-Employed,Tier 2,48800.0,25K-50K,Diploma,Stress Management,Beginner,0,Low,4900,7.1,Poor,Medium,Average,1.7,Low,No,No,No,No,Low,Low,High,Moderate,No,No,No,No,No,No,No,Medium,Medium,No Preference,2580.0,3K-6K,4400,Full Payment,Low,Yes,4,Yes,No,High,Low,1,72.3,15.0,68.3,16.5,48.6,56.4,16.8,High,Budget,Medium Value,Heart rate monitoring feels reliable and the hydration reminders really help.
FT101181,18-24,Female,Student,Tier 1,17600.0,< 25K,High School,Stress Management,Beginner,0,Low,2200,5.5,Poor,High,Average,3.3,High,No,No,No,Yes,High,Medium,Low,Minimal,Yes,Yes,Yes,Yes,No,No,No,Medium,High,No Preference,510.0,3K-6K,4500,Full Payment,High,Yes,3,No,Yes,High,High,3,86.0,12.6,81.4,42.6,97.8,39.2,36.1,High,Budget,Low Value,The app keeps crashing and the notifications are unreliable.
FT101182,18-24,Female,Student,Tier 2,46000.0,25K-50K,Post Graduate,Better Sleep,Beginner,0,Low,2100,5.1,Poor,High,Average,2.8,High,No,Yes,Yes,Yes,High,High,Low,Minimal,Yes,Yes,Yes,No,Yes,Yes,Yes,Medium,Low,Budget / Value,2190.0,< 3K,2900,Full Payment,Low,No,4,Yes,Yes,Medium,Medium,1,80.1,16.8,76.8,80.6,44.0,58.5,72.9,High,Budget,Medium Value,"Affordable, lightweight and the companion app is very beginner friendly."
FT101183,18-24,Female,Working Professional,Tier 1,88000.0,50K-1L,Graduate,Weight Loss,Intermediate,4,High,9100,6.5,Average,Medium,Poor,2.9,Low,No,Yes,No,Yes,High,Medium,High,Frequent,Yes,Yes,No,No,Yes,No,Yes,Medium,High,Premium / Trusted,5070.0,6K-10K,8700,Full Payment,Medium,Yes,3,No,Yes,High,High,0,53.9,58.5,54.6,60.1,64.1,38.5,71.2,Moderate,Mid-Range,Low Value,"The watch is okay, does the basic job of counting steps."
FT101184,18-24,Male,Working Professional,Tier 1,85000.0,50K-1L,Graduate,Stress Management,Beginner,4,High,6900,5.4,Poor,High,Good,1.8,High,No,Yes,Yes,Yes,Medium,High,Low,Moderate,Yes,Yes,Yes,Yes,No,No,No,High,Medium,Budget / Value,2120.0,6K-10K,7700,Full Payment,Low,Yes,4,Yes,No,Medium,Medium,1,61.4,40.6,60.6,74.7,50.9,65.5,69.3,High,Mid-Range,Medium Value,The battery life is excellent and lasts almost a week on a single charge.
FT101185,35-44,Female,Homemaker,Tier 3,19600.0,< 25K,Post Graduate,Weight Loss,Advanced,5,High,7400,7.0,Average,Medium,Poor,1.7,Medium,No,Yes,No,No,Medium,High,High,Frequent,Yes,No,Yes,No,Yes,Yes,No,Medium,Low,Budget / Value,710.0,< 3K,1700,Full Payment,Medium,No,3,No,No,Low,Medium,0,56.5,61.1,53.5,54.7,77.0,42.7,69.3,Moderate,Budget,Low Value,"It works as expected, neither impressed nor disappointed so far."
FT101186,25-34,Male,Working Professional,Tier 2,61300.0,50K-1L,Post Graduate,Stress Management,Intermediate,4,High,5800,5.9,Poor,High,Average,2.2,High,No,Yes,No,No,Medium,Medium,Low,Minimal,Yes,Yes,No,Yes,No,No,Yes,Low,Low,Budget / Value,1520.0,3K-6K,3200,Full Payment,Low,Yes,4,Yes,No,Medium,Low,2,66.1,46.4,65.4,44.5,47.1,55.9,51.7,High,Budget,Medium Value,"I love the sleep tracking, it is accurate and easy to understand."
FT101187,55+,Female,Retired,Tier 3,39900.0,25K-50K,Post Graduate,General Fitness,Beginner,3,Medium,5400,5.1,Poor,High,Average,2.9,High,No,No,Yes,Yes,Low,Low,Medium,Frequent,Yes,No,No,Yes,No,Yes,Yes,High,Medium,Premium / Trusted,2350.0,3K-6K,3700,Full Payment,High,No,3,No,Yes,Low,Medium,0,78.5,30.2,67.9,36.7,91.3,39.2,48.0,High,Budget,Low Value,"It works as expected, neither impressed nor disappointed so far."
FT101188,18-24,Male,Student,Tier 2,13900.0,< 25K,Diploma,Stress Management,Beginner,2,Medium,6800,6.3,Poor,High,Good,2.7,Medium,Yes,Yes,No,No,High,High,Medium,Frequent,No,No,No,Yes,Yes,No,No,Medium,Medium,No Preference,340.0,3K-6K,3400,Full Payment,Medium,No,4,Yes,No,Medium,High,1,69.6,34.1,64.2,65.8,74.9,69.4,64.6,High,Budget,Medium Value,"Great value for money, the app is smooth and the design looks premium."
FT101189,35-44,Male,Self-Employed,Tier 1,55900.0,50K-1L,Diploma,Weight Loss,Beginner,1,Low,1400,7.5,Average,Medium,Average,1.7,Low,No,Yes,No,Yes,Medium,Medium,Medium,Minimal,No,No,No,No,No,No,No,Medium,High,Budget / Value,3510.0,3K-6K,4600,Full Payment,Medium,Yes,3,No,No,High,Medium,0,54.7,25.5,60.0,55.4,77.7,43.8,38.4,Moderate,Budget,Low Value,"It works as expected, neither impressed nor disappointed so far."
FT101190,25-34,Male,Working Professional,Tier 2,44800.0,25K-50K,Diploma,Muscle Gain,Beginner,1,Low,5200,7.4,Average,Low,Average,2.8,Low,No,Yes,Yes,No,High,High,High,Moderate,Yes,Yes,No,Yes,Yes,Yes,No,High,Medium,Premium / Trusted,440.0,6K-10K,7000,Full Payment,Medium,No,3,No,No,Low,Medium,0,43.2,26.9,46.7,87.3,67.0,50.5,78.0,Low,Mid-Range,Medium Value,"It works as expected, neither impressed nor disappointed so far."
FT101191,25-34,Female,Self-Employed,Tier 2,35700.0,25K-50K,Diploma,Weight Loss,Beginner,2,Medium,3900,5.8,Poor,Medium,Poor,2.3,Medium,No,No,No,No,Medium,High,High,Frequent,Yes,Yes,Yes,No,Yes,No,Yes,High,High,No Preference,2200.0,3K-6K,4900,Full Payment,Low,No,3,No,Yes,Low,Low,0,72.1,22.2,69.1,25.8,52.8,36.3,48.5,High,Budget,Low Value,"It works as expected, neither impressed nor disappointed so far."
FT101192,45-54,Female,Self-Employed,Tier 1,52500.0,50K-1L,Graduate,Weight Loss,Intermediate,4,High,7000,6.2,Average,Medium,Poor,1.8,Medium,No,Yes,No,No,Low,Low,Medium,Minimal,Yes,No,Yes,No,Yes,No,No,Medium,Medium,Premium / Trusted,2690.0,6K-10K,6500,Full Payment,Medium,No,2,No,No,Low,Medium,0,49.5,54.6,54.8,40.8,67.7,23.1,46.1,Moderate,Mid-Range,Low Value,Hard to set up for beginners and too many confusing notifications.
FT101193,55+,Male,Retired,Tier 2,21900.0,< 25K,High School,Muscle Gain,Intermediate,4,High,7100,6.2,Poor,Medium,Poor,2.4,Medium,No,No,No,No,Low,Medium,Medium,Moderate,No,Yes,Yes,No,Yes,Yes,No,High,Medium,Budget / Value,350.0,< 3K,2600,Full Payment,Low,No,2,No,No,Medium,Low,0,66.7,43.4,64.3,14.8,59.6,18.0,33.3,High,Budget,Low Value,The battery drains too quickly and charging takes very long.
FT101194,45-54,Female,Working Professional,Tier 2,80500.0,50K-1L,Graduate,General Fitness,Beginner,2,Medium,4800,6.5,Poor,Medium,Good,1.4,Medium,No,Yes,No,No,High,High,Medium,Minimal,Yes,No,Yes,No,No,Yes,Yes,High,Medium,Premium / Trusted,3640.0,6K-10K,6100,Full Payment,Medium,No,5,Yes,No,Medium,High,3,58.1,26.6,55.4,74.5,65.6,79.0,62.2,High,Mid-Range,Medium Value,Heart rate monitoring feels reliable and the hydration reminders really help.
FT101195,18-24,Female,Working Professional,Tier 2,67900.0,50K-1L,Graduate,Stress Management,Intermediate,3,Medium,5800,6.3,Poor,Medium,Poor,1.5,High,No,Yes,No,No,High,High,High,Minimal,No,No,No,Yes,Yes,No,Yes,Medium,High,Budget / Value,610.0,3K-6K,5500,Full Payment,Low,No,2,No,No,Low,Medium,1,69.4,39.0,65.5,64.8,45.9,33.5,54.5,High,Mid-Range,Low Value,Sleep tracking data seems wrong and the design feels cheap.
FT101196,18-24,Male,Working Professional,Tier 1,106600.0,1L-2L,Diploma,Stress Management,Beginner,0,Low,2200,5.2,Poor,High,Good,3.5,High,Yes,Yes,No,No,High,Medium,Low,Minimal,Yes,No,No,Yes,No,No,Yes,Medium,Medium,Premium / Trusted,1100.0,6K-10K,8900,EMI,Medium,No,5,Yes,No,Medium,High,6,76.6,11.4,72.8,70.8,66.2,78.7,56.6,High,Mid-Range,Medium Value,The battery life is excellent and lasts almost a week on a single charge.
FT101197,35-44,Male,Working Professional,Tier 3,34600.0,25K-50K,High School,Muscle Gain,Intermediate,4,High,6400,5.1,Poor,High,Poor,3.4,High,No,Yes,No,No,Medium,Medium,Medium,Minimal,Yes,No,No,Yes,Yes,Yes,Yes,Medium,Medium,Premium / Trusted,1450.0,3K-6K,5000,Full Payment,High,Yes,2,No,No,Medium,Medium,1,74.5,39.5,68.9,51.7,87.4,27.0,58.5,High,Mid-Range,Low Value,"Too expensive for the features offered, the price could be lower."
FT101198,18-24,Female,Student,Tier 1,33400.0,25K-50K,Graduate,Stress Management,Advanced,3,Medium,8700,6.0,Poor,High,Good,4.1,High,No,Yes,Yes,Yes,High,High,Medium,Minimal,Yes,No,Yes,Yes,Yes,No,Yes,Medium,High,Budget / Value,1410.0,6K-10K,6200,Full Payment,Medium,Yes,3,No,Yes,Medium,High,3,68.7,55.2,63.7,83.9,72.2,48.3,69.8,High,Mid-Range,Medium Value,"Reasonable device for the price, a few features could be better."
FT101199,35-44,Female,Working Professional,Tier 1,145900.0,1L-2L,Graduate,Stress Management,Beginner,2,Medium,5200,4.5,Poor,High,Average,2.7,High,Yes,Yes,No,No,High,High,Medium,Frequent,Yes,Yes,Yes,Yes,No,Yes,Yes,Medium,High,Budget / Value,1410.0,6K-10K,7900,Full Payment,Low,Yes,4,Yes,No,High,High,6,74.4,34.6,77.8,65.1,42.3,59.6,81.5,High,Mid-Range,Medium Value,Hard to set up for beginners and too many confusing notifications.
FT101200,25-34,Male,Working Professional,Tier 1,89000.0,50K-1L,Graduate,Better Sleep,Intermediate,4,High,7200,5.4,Poor,High,Good,2.8,High,Yes,No,No,No,Low,High,High,Minimal,Yes,No,Yes,No,No,No,Yes,Medium,High,Budget / Value,5120.0,6K-10K,7100,Full Payment,Medium,No,3,No,No,Low,Medium,1,60.1,46.2,59.2,23.8,58.3,34.7,25.2,High,Mid-Range,Low Value,Customer support was slow and the device disconnects from the app often.
FT101201,25-34,Female,Working Professional,Tier 3,46600.0,25K-50K,Graduate,Weight Loss,Intermediate,2,Medium,4000,5.3,Poor,High,Average,2.2,High,Yes,Yes,No,No,Medium,High,High,Minimal,Yes,Yes,Yes,No,No,No,No,Medium,Medium,No Preference,2060.0,3K-6K,4200,Full Payment,High,No,3,No,No,Medium,High,1,74.5,27.1,73.0,54.5,86.0,48.5,50.9,High,Budget,Medium Value,"Reasonable device for the price, a few features could be better."
FT101202,35-44,Male,Homemaker,Tier 1,28300.0,25K-50K,Diploma,Muscle Gain,Beginner,1,Low,3400,6.4,Poor,Medium,Good,2.0,High,Yes,Yes,No,No,High,Low,High,Frequent,Yes,No,Yes,Yes,No,Yes,Yes,Medium,High,Budget / Value,1240.0,3K-6K,3700,Full Payment,High,No,3,No,Yes,Medium,Medium,0,58.5,21.1,58.5,57.4,99.0,50.6,74.5,High,Budget,Medium Value,"Design is decent, battery is average, app could improve a little."
FT101203,35-44,Female,Homemaker,Tier 2,23400.0,< 25K,High School,Stress Management,Beginner,4,High,6200,5.5,Poor,High,Average,3.0,Medium,No,Yes,No,No,High,High,Medium,Frequent,Yes,Yes,No,No,No,No,No,Medium,Medium,No Preference,1410.0,3K-6K,3100,Full Payment,Medium,Yes,3,No,No,Medium,Medium,0,68.2,35.5,69.6,59.0,73.5,48.0,62.2,High,Budget,Medium Value,"Design is decent, battery is average, app could improve a little."
FT101204,18-24,Female,Student,Tier 1,23200.0,< 25K,Diploma,Weight Loss,Intermediate,3,Medium,7700,6.1,Poor,High,Poor,3.4,High,No,Yes,No,No,Medium,High,High,Moderate,No,Yes,No,Yes,Yes,No,No,High,High,No Preference,750.0,3K-6K,5000,Full Payment,Medium,Yes,3,No,No,Medium,Medium,1,77.3,44.4,81.7,52.6,68.1,48.7,57.3,High,Mid-Range,Medium Value,Hard to set up for beginners and too many confusing notifications.
FT101205,18-24,Female,Student,Tier 2,11000.0,< 25K,High School,Weight Loss,Beginner,0,Low,1600,6.2,Poor,Low,Good,2.9,Medium,Yes,No,No,No,Medium,High,Low,Moderate,Yes,Yes,No,No,Yes,No,Yes,High,Medium,Premium / Trusted,1410.0,6K-10K,6100,Full Payment,Medium,Yes,3,No,No,High,Medium,0,48.3,8.1,43.5,29.5,74.6,37.9,38.5,Moderate,Mid-Range,Low Value,"Reasonable device for the price, a few features could be better."
FT101206,25-34,Male,Working Professional,Tier 3,53100.0,50K-1L,Graduate,Weight Loss,Beginner,2,Medium,1200,5.1,Poor,High,Average,1.6,High,No,Yes,No,No,Low,Low,Low,Moderate,Yes,Yes,Yes,No,Yes,Yes,No,High,Low,No Preference,2200.0,< 3K,2400,Full Payment,High,Yes,4,Yes,Yes,Low,Low,2,72.8,13.6,70.0,43.0,81.0,61.9,62.5,High,Budget,Medium Value,"Great value for money, the app is smooth and the design looks premium."
FT101207,25-34,Male,Working Professional,Tier 1,89800.0,50K-1L,Post Graduate,Muscle Gain,Intermediate,2,Medium,5300,5.7,Poor,High,Poor,2.6,Medium,No,Yes,No,No,High,High,Medium,Frequent,Yes,Yes,No,No,Yes,Yes,Yes,Low,Medium,Premium / Trusted,1410.0,6K-10K,8600,EMI,Low,Yes,5,Yes,No,Medium,Medium,2,83.8,35.4,81.6,65.3,46.6,86.3,77.3,High,Mid-Range,Medium Value,"Design is decent, battery is average, app could improve a little."
FT101208,18-24,Male,Student,Tier 3,13300.0,< 25K,Diploma,General Fitness,Beginner,0,Low,2500,6.2,Average,Medium,Average,1.7,Low,No,Yes,No,No,High,Medium,Medium,Frequent,Yes,No,No,No,No,No,No,Medium,Medium,Budget / Value,770.0,< 3K,1600,Full Payment,Medium,No,3,No,No,High,High,5,54.3,16.3,57.8,59.9,75.3,39.8,58.3,Moderate,Budget,Low Value,"Too expensive for the features offered, the price could be lower."
FT101209,25-34,Male,Self-Employed,Tier 1,71400.0,50K-1L,Diploma,Muscle Gain,Beginner,2,Medium,30000,7.3,Good,Low,Average,2.0,Low,No,No,Yes,Yes,Medium,Medium,High,Minimal,No,Yes,Yes,Yes,No,Yes,No,Medium,Medium,Budget / Value,900.0,3K-6K,4800,Full Payment,Medium,Yes,2,No,No,High,Low,1,25.5,31.1,35.5,51.7,66.9,23.3,39.2,Low,Budget,Low Value,Hard to set up for beginners and too many confusing notifications.
FT101210,35-44,Female,Working Professional,Tier 1,86900.0,50K-1L,Graduate,Muscle Gain,Advanced,4,High,9000,5.7,Average,Low,Good,3.6,Medium,No,Yes,Yes,Yes,High,High,High,Moderate,Yes,Yes,Yes,Yes,No,No,Yes,Medium,Medium,No Preference,3750.0,6K-10K,7400,Full Payment,Low,Yes,3,No,No,Medium,Medium,0,27.0,65.5,23.1,91.8,43.2,49.4,79.6,Low,Mid-Range,Medium Value,"The watch is okay, does the basic job of counting steps."
FT101211,35-44,Male,Self-Employed,Tier 2,66500.0,50K-1L,Graduate,Muscle Gain,Beginner,2,Medium,800,7.0,Average,Low,Good,1.3,Low,Yes,Yes,Yes,Yes,Medium,High,Medium,Moderate,Yes,No,No,No,No,Yes,No,Medium,High,No Preference,1150.0,3K-6K,5100,Full Payment,Medium,No,4,Yes,No,Medium,Medium,0,39.4,31.6,34.0,73.2,74.9,54.0,60.2,Low,Mid-Range,Medium Value,"Reasonable device for the price, a few features could be better."
FT101212,25-34,Male,Working Professional,Tier 2,27900.0,25K-50K,High School,Weight Loss,Beginner,0,Low,5800,6.3,Poor,Low,Average,4.0,Medium,No,Yes,No,No,Medium,Medium,Low,Frequent,Yes,Yes,No,No,Yes,Yes,No,Medium,High,No Preference,500.0,3K-6K,4200,Full Payment,Medium,No,5,Yes,No,Low,High,1,52.3,23.1,56.1,57.0,70.8,73.7,70.1,Moderate,Budget,Medium Value,"I love the sleep tracking, it is accurate and easy to understand."
FT101213,25-34,Male,Working Professional,Tier 1,59300.0,50K-1L,High School,Stress Management,Intermediate,4,High,9300,5.4,Poor,High,Average,2.7,High,No,No,No,Yes,High,Medium,Low,Minimal,Yes,Yes,No,Yes,Yes,No,No,Medium,High,Premium / Trusted,640.0,6K-10K,6900,Full Payment,Low,No,3,No,Yes,Medium,Medium,2,72.0,52.2,65.5,38.2,41.8,49.4,34.5,High,Mid-Range,Medium Value,The personalized health reports keep me motivated to stay consistent.
FT101214,18-24,Male,Working Professional,Tier 2,69600.0,50K-1L,Post Graduate,Muscle Gain,Beginner,2,Medium,4100,6.6,Average,High,Poor,1.9,Medium,No,Yes,Yes,Yes,High,High,Medium,Frequent,Yes,Yes,Yes,Yes,No,Yes,No,High,Medium,Budget / Value,4610.0,6K-10K,6000,Full Payment,Low,No,4,Yes,No,High,High,5,71.6,39.7,69.1,88.6,47.5,66.0,85.4,High,Mid-Range,Medium Value,"Design is decent, battery is average, app could improve a little."
FT101215,25-34,Male,Working Professional,Tier 1,116500.0,1L-2L,High School,Weight Loss,Intermediate,0,Low,2200,5.0,Poor,Medium,Average,2.4,High,No,Yes,Yes,No,High,High,Medium,Frequent,Yes,No,No,Yes,Yes,No,No,Medium,High,Budget / Value,6200.0,6K-10K,7900,Full Payment,Medium,Yes,5,Yes,No,Low,Medium,3,75.5,13.4,68.7,84.6,66.8,78.9,75.5,High,Mid-Range,Medium Value,The personalized health reports keep me motivated to stay consistent.
FT101216,25-34,Female,Working Professional,Tier 2,67200.0,50K-1L,Graduate,Weight Loss,Intermediate,4,High,8300,6.4,Poor,Medium,Good,1.8,High,No,Yes,Yes,Yes,High,High,High,Moderate,Yes,No,No,Yes,No,No,Yes,High,High,No Preference,1720.0,3K-6K,4800,Full Payment,High,Yes,4,Yes,No,Medium,High,1,52.9,51.7,51.5,93.6,93.4,54.4,71.6,High,Budget,Medium Value,Heart rate readings feel inaccurate during workouts and the strap is uncomfortable.
FT101217,25-34,Female,Self-Employed,Tier 2,60100.0,50K-1L,Post Graduate,General Fitness,Beginner,1,Low,5100,7.2,Good,Low,Poor,1.9,Low,No,Yes,No,No,Medium,Medium,Low,Moderate,No,No,Yes,No,No,Yes,No,High,Medium,Budget / Value,3160.0,3K-6K,3000,Full Payment,High,No,3,No,No,Low,Low,1,42.0,39.4,43.3,45.6,77.0,41.3,50.5,Low,Budget,Low Value,"It works as expected, neither impressed nor disappointed so far."
FT101218,35-44,Male,Self-Employed,Tier 3,23000.0,< 25K,Diploma,Medical / Recovery,Intermediate,5,High,7400,5.9,Poor,Medium,Average,2.3,Medium,Yes,No,No,No,Low,Low,High,Moderate,Yes,No,No,Yes,No,Yes,No,Medium,Medium,Premium / Trusted,340.0,3K-6K,5300,Full Payment,Medium,No,2,No,No,Low,Low,0,58.2,49.1,60.7,11.7,69.3,29.1,28.0,High,Mid-Range,Low Value,The battery drains too quickly and charging takes very long.
FT101219,18-24,Female,Student,Tier 2,28800.0,25K-50K,Graduate,General Fitness,Advanced,6,High,6700,5.7,Poor,High,Average,2.0,Medium,No,Yes,No,No,Medium,Medium,High,Frequent,Yes,Yes,Yes,No,Yes,No,No,High,Medium,No Preference,810.0,3K-6K,5100,Full Payment,High,Yes,3,No,No,High,Medium,0,76.8,62.8,84.2,52.9,89.8,36.2,68.7,High,Mid-Range,Low Value,The battery drains too quickly and charging takes very long.
FT101220,18-24,Female,Student,Tier 2,11900.0,< 25K,High School,Weight Loss,Advanced,6,High,13400,7.6,Good,Low,Poor,1.6,Low,No,No,No,No,High,High,Medium,Moderate,No,No,Yes,No,No,Yes,Yes,Medium,Medium,No Preference,100.0,3K-6K,3300,Full Payment,High,Yes,1,No,Yes,Low,Low,0,32.7,86.8,32.5,44.2,93.8,12.1,39.3,Low,Budget,Low Value,I am worried about my health data privacy and how it is stored.
FT101221,18-24,Male,Student,Tier 2,13500.0,< 25K,Diploma,Weight Loss,Beginner,0,Low,4700,7.7,Good,Medium,Poor,2.1,Low,No,No,No,No,Medium,High,Low,Frequent,No,No,Yes,No,Yes,Yes,No,High,High,Premium / Trusted,420.0,3K-6K,4500,Full Payment,High,No,2,No,Yes,Medium,Medium,1,52.1,27.7,62.7,35.4,87.5,27.9,43.2,Low,Budget,Low Value,Heart rate readings feel inaccurate during workouts and the strap is uncomfortable.
FT101222,45-54,Female,Self-Employed,Tier 1,70100.0,50K-1L,Diploma,Weight Loss,Beginner,0,Low,3300,7.6,Good,Low,Poor,1.2,Low,Yes,Yes,No,No,High,High,Low,Frequent,Yes,Yes,Yes,No,Yes,No,No,High,High,Budget / Value,1450.0,3K-6K,4500,Full Payment,Medium,No,3,Yes,No,Low,Medium,4,50.9,26.7,50.7,59.7,69.6,53.2,71.0,Low,Budget,Medium Value,Heart rate readings feel inaccurate during workouts and the strap is uncomfortable.
FT101223,35-44,Male,Self-Employed,Tier 1,115700.0,1L-2L,Post Graduate,General Fitness,Beginner,1,Low,4400,7.3,Average,Medium,Average,1.3,Medium,No,No,Yes,Yes,Medium,Medium,Medium,Moderate,No,Yes,No,Yes,Yes,Yes,No,Medium,High,Premium / Trusted,7440.0,6K-10K,9600,Full Payment,Medium,Yes,4,Yes,Yes,Medium,Medium,1,59.8,21.8,60.8,51.5,65.9,57.5,46.2,Moderate,Mid-Range,Medium Value,"Average experience overall, nothing special but works fine."
FT101224,18-24,Male,Student,Tier 3,13700.0,< 25K,Diploma,Stress Management,Advanced,5,High,9600,5.3,Poor,High,Good,1.3,High,No,Yes,Yes,Yes,High,High,High,Minimal,Yes,Yes,Yes,Yes,Yes,No,No,Medium,Medium,Premium / Trusted,240.0,3K-6K,3700,Full Payment,High,No,3,No,Yes,Medium,High,1,63.4,61.3,55.2,84.8,89.4,49.8,70.1,High,Budget,Medium Value,"Design is decent, battery is average, app could improve a little."
FT101225,45-54,Male,Self-Employed,Tier 1,51100.0,50K-1L,High School,General Fitness,Intermediate,5,High,9800,5.4,Poor,Medium,Poor,3.6,High,Yes,No,Yes,Yes,Low,High,Medium,Moderate,Yes,Yes,Yes,No,No,No,No,Low,High,Budget / Value,860.0,3K-6K,3600,Full Payment,Medium,Yes,3,No,Yes,High,High,2,64.3,57.9,60.4,40.4,69.3,36.5,38.0,High,Budget,Low Value,"Too expensive for the features offered, the price could be lower."
FT101226,25-34,Male,Self-Employed,Tier 3,51500.0,50K-1L,Post Graduate,Better Sleep,Beginner,1,Low,800,6.5,Poor,Medium,Good,2.6,Medium,No,Yes,No,No,High,High,High,Minimal,No,No,No,No,No,Yes,Yes,High,Medium,Budget / Value,480.0,3K-6K,3800,Full Payment,Low,No,3,No,No,Low,Medium,0,63.2,7.4,59.6,62.8,53.5,50.7,49.6,High,Budget,Medium Value,"Reasonable device for the price, a few features could be better."
FT101227,25-34,Female,Self-Employed,Tier 1,53900.0,50K-1L,High School,Weight Loss,Advanced,3,Medium,5700,6.7,Average,Medium,Average,2.8,Medium,No,Yes,Yes,No,High,High,Medium,Minimal,Yes,Yes,Yes,No,No,No,No,Medium,Medium,Budget / Value,1880.0,6K-10K,6800,Full Payment,Medium,Yes,3,Yes,No,Low,High,1,51.5,51.6,50.2,92.3,76.3,52.7,64.2,Moderate,Mid-Range,Medium Value,"The watch is okay, does the basic job of counting steps."
FT101228,45-54,Female,Working Professional,Tier 3,60300.0,50K-1L,Post Graduate,General Fitness,Beginner,0,Low,2200,5.0,Poor,Medium,Poor,2.3,High,No,No,No,No,Low,High,Low,Moderate,Yes,Yes,Yes,Yes,Yes,No,Yes,High,Medium,Budget / Value,720.0,3K-6K,3700,Full Payment,High,Yes,2,No,Yes,Medium,Low,0,78.2,7.1,73.6,15.2,91.9,31.9,42.0,High,Budget,Low Value,Heart rate readings feel inaccurate during workouts and the strap is uncomfortable.
FT101229,18-24,Female,Student,Tier 1,32600.0,25K-50K,Graduate,Stress Management,Beginner,3,Medium,6000,5.3,Poor,High,Poor,2.7,High,No,Yes,Yes,No,High,High,Low,Moderate,Yes,Yes,No,Yes,Yes,Yes,No,High,High,Budget / Value,1820.0,3K-6K,5600,Full Payment,Medium,No,4,Yes,Yes,Medium,Medium,2,83.4,29.0,78.4,87.6,69.5,72.9,78.1,High,Mid-Range,Medium Value,Comfortable to wear all day and the stress tracking is genuinely useful.
FT101230,18-24,Female,Student,Tier 3,19400.0,< 25K,Graduate,Muscle Gain,Intermediate,3,Medium,7700,6.0,Poor,Medium,Poor,3.2,Medium,No,Yes,No,No,High,Medium,High,Minimal,Yes,No,No,No,Yes,Yes,No,Low,High,No Preference,640.0,< 3K,1300,Full Payment,Medium,No,4,Yes,No,Low,Medium,2,75.0,47.1,73.3,57.6,74.9,54.1,52.0,High,Budget,Medium Value,"Affordable, lightweight and the companion app is very beginner friendly."
FT101231,25-34,Female,Working Professional,Tier 2,65600.0,50K-1L,Graduate,Better Sleep,Beginner,1,Low,900,6.5,Average,Medium,Good,2.6,Medium,No,Yes,Yes,Yes,High,High,Medium,Moderate,No,Yes,No,Yes,No,No,No,Medium,Medium,Premium / Trusted,4050.0,3K-6K,5000,Full Payment,Medium,No,4,Yes,Yes,Low,High,2,48.4,19.2,55.6,81.2,66.9,69.4,63.0,Moderate,Mid-Range,Medium Value,"Design is decent, battery is average, app could improve a little."
FT101232,18-24,Other,Student,Tier 1,23900.0,< 25K,Graduate,General Fitness,Intermediate,5,High,6100,6.3,Poor,Medium,Average,3.6,High,No,Yes,Yes,No,High,High,High,Minimal,No,No,No,Yes,Yes,No,Yes,Low,Medium,No Preference,250.0,3K-6K,5100,Full Payment,High,Yes,4,Yes,No,Low,High,5,58.0,48.5,51.8,94.6,88.8,56.6,65.0,High,Mid-Range,Medium Value,Step counting is accurate and syncing with the app is fast and seamless.
FT101233,35-44,Male,Working Professional,Tier 2,39000.0,25K-50K,High School,General Fitness,Beginner,0,Low,1800,4.9,Poor,High,Average,2.3,High,No,Yes,Yes,No,High,High,Medium,Frequent,Yes,Yes,No,Yes,No,Yes,Yes,High,Medium,No Preference,1350.0,6K-10K,6700,Full Payment,Low,Yes,4,Yes,No,High,High,3,78.2,9.4,86.3,78.9,53.6,68.0,82.0,High,Mid-Range,Medium Value,"I love the sleep tracking, it is accurate and easy to understand."
FT101234,18-24,Male,Student,Tier 2,30300.0,25K-50K,Post Graduate,Muscle Gain,Intermediate,0,Low,3300,6.5,Average,Medium,Poor,2.8,Low,No,No,No,No,High,High,Low,Moderate,No,No,Yes,No,Yes,Yes,No,High,High,No Preference,1940.0,3K-6K,3500,Full Payment,Low,Yes,3,No,No,Low,Medium,1,62.8,28.1,62.9,44.2,54.5,43.0,39.3,Moderate,Budget,Low Value,"It works as expected, neither impressed nor disappointed so far."
FT101235,18-24,Female,Working Professional,Tier 1,70500.0,50K-1L,Post Graduate,Weight Loss,Advanced,4,High,8900,5.3,Poor,High,Poor,2.9,High,Yes,Yes,Yes,Yes,High,High,Medium,Minimal,Yes,Yes,Yes,Yes,Yes,No,Yes,High,Low,Premium / Trusted,2370.0,6K-10K,9200,EMI,High,No,5,Yes,Yes,Medium,High,3,75.4,57.0,70.2,89.8,86.5,73.4,76.1,High,Mid-Range,Medium Value,"Affordable, lightweight and the companion app is very beginner friendly."
FT101236,18-24,Male,Student,Tier 1,22700.0,< 25K,Post Graduate,Better Sleep,Beginner,2,Medium,8100,5.6,Poor,High,Average,1.6,High,No,No,No,Yes,Medium,High,Medium,Frequent,Yes,Yes,Yes,Yes,Yes,No,No,Medium,Medium,Premium / Trusted,650.0,6K-10K,7000,Full Payment,Medium,No,4,Yes,No,High,Low,1,77.9,31.7,66.3,31.6,76.7,57.7,50.5,High,Mid-Range,Medium Value,"Average experience overall, nothing special but works fine."
FT101237,25-34,Male,Self-Employed,Tier 2,72700.0,50K-1L,Graduate,General Fitness,Beginner,1,Low,3600,5.2,Poor,High,Poor,2.3,Medium,No,Yes,No,No,Medium,High,Medium,Minimal,Yes,Yes,Yes,No,Yes,Yes,No,Medium,Low,Budget / Value,1160.0,3K-6K,4000,Full Payment,High,No,5,Yes,No,Medium,Low,1,86.3,22.3,82.3,56.3,85.2,78.7,60.1,High,Budget,Medium Value,"Great value for money, the app is smooth and the design looks premium."
FT101238,18-24,Male,Student,Tier 2,30400.0,25K-50K,Graduate,Weight Loss,Intermediate,1,Low,5600,6.5,Average,Medium,Average,0.8,Medium,Yes,No,No,No,Medium,High,Low,Minimal,No,No,Yes,No,Yes,No,No,High,Medium,Premium / Trusted,1280.0,3K-6K,5700,Full Payment,Low,No,4,Yes,No,Low,High,8,61.5,35.0,61.9,29.6,52.2,63.5,22.9,Moderate,Mid-Range,Medium Value,Heart rate monitoring feels reliable and the hydration reminders really help.
FT101239,18-24,Female,Student,Tier 1,21400.0,< 25K,Graduate,Stress Management,Beginner,3,Medium,7600,4.7,Poor,High,Average,2.3,High,No,Yes,Yes,No,High,High,Low,Moderate,Yes,No,Yes,Yes,No,Yes,Yes,Low,Medium,Premium / Trusted,570.0,3K-6K,5600,Full Payment,High,Yes,5,Yes,Yes,Medium,High,1,79.9,41.1,70.6,82.8,92.9,83.7,76.4,High,Mid-Range,Medium Value,The personalized health reports keep me motivated to stay consistent.
FT101240,45-54,Male,Working Professional,Tier 3,29400.0,25K-50K,High School,Stress Management,Intermediate,3,Medium,7300,6.3,Poor,High,Average,2.1,High,No,No,No,No,Medium,Medium,Medium,Minimal,No,No,Yes,Yes,No,No,No,High,Medium,Premium / Trusted,1250.0,3K-6K,5800,Full Payment,Low,No,2,No,No,High,Medium,0,77.7,41.7,71.9,29.8,54.0,29.4,23.0,High,Mid-Range,Low Value,Customer support was slow and the device disconnects from the app often.
FT101241,25-34,Male,Self-Employed,Tier 1,73600.0,50K-1L,Graduate,Better Sleep,Intermediate,4,High,7400,5.3,Poor,High,Poor,2.0,High,No,No,No,No,High,High,Medium,Frequent,Yes,No,Yes,Yes,Yes,No,Yes,Medium,Medium,Premium / Trusted,4680.0,6K-10K,7900,Full Payment,Low,Yes,4,Yes,No,Low,High,1,73.6,50.2,72.7,40.3,44.0,54.2,53.5,High,Mid-Range,Medium Value,The personalized health reports keep me motivated to stay consistent.
FT101242,25-34,Male,Self-Employed,Tier 1,76200.0,50K-1L,Graduate,Better Sleep,Beginner,2,Medium,4500,6.1,Poor,Medium,Average,2.0,Low,Yes,No,No,No,Low,Medium,Low,Frequent,Yes,Yes,Yes,Yes,No,Yes,No,Medium,Medium,No Preference,3150.0,6K-10K,6700,Full Payment,Low,Yes,3,No,No,Medium,Low,0,68.0,26.3,57.5,17.8,55.0,36.5,45.7,High,Mid-Range,Low Value,"Too expensive for the features offered, the price could be lower."
FT101243,18-24,Male,Student,Tier 2,22400.0,< 25K,Graduate,General Fitness,Advanced,3,Medium,4400,7.8,Good,Low,Average,2.7,Low,Yes,No,Yes,No,Medium,Medium,Medium,Frequent,No,No,No,No,No,Yes,No,Low,High,Premium / Trusted,1410.0,3K-6K,5600,Full Payment,Low,No,3,No,No,Medium,High,4,28.0,56.6,26.9,50.0,56.2,36.2,39.8,Low,Mid-Range,Low Value,"Design is decent, battery is average, app could improve a little."
FT101244,25-34,Female,Working Professional,Tier 1,52200.0,50K-1L,Diploma,Muscle Gain,Beginner,2,Medium,3200,6.4,Poor,Medium,Good,1.6,High,No,No,No,Yes,High,Medium,Medium,Moderate,Yes,Yes,Yes,Yes,No,Yes,Yes,Medium,Low,Budget / Value,1820.0,3K-6K,4300,Full Payment,High,No,4,Yes,Yes,Medium,High,0,56.7,23.4,47.1,45.2,88.6,61.8,52.5,High,Budget,Medium Value,The battery life is excellent and lasts almost a week on a single charge.
FT101245,18-24,Male,Student,Tier 1,22200.0,< 25K,Graduate,Medical / Recovery,Beginner,3,Medium,6900,5.3,Poor,High,Average,3.8,High,Yes,Yes,No,No,High,High,Medium,Minimal,No,Yes,No,No,No,Yes,No,Low,High,Budget / Value,1130.0,< 3K,2600,Full Payment,Medium,Yes,4,Yes,No,Low,Low,4,77.1,37.6,70.9,58.1,72.8,65.6,47.9,High,Budget,Medium Value,Heart rate monitoring feels reliable and the hydration reminders really help.
FT101246,25-34,Female,Working Professional,Tier 2,60000.0,50K-1L,Graduate,Weight Loss,Beginner,3,Medium,6200,5.8,Poor,Medium,Average,2.8,High,No,Yes,No,No,High,Medium,Low,Moderate,Yes,No,No,No,No,Yes,Yes,High,Medium,No Preference,2500.0,3K-6K,4900,Full Payment,High,No,4,Yes,No,Medium,High,1,61.1,38.2,62.4,63.5,87.4,69.4,61.1,High,Budget,Medium Value,The personalized health reports keep me motivated to stay consistent.
FT101247,18-24,Female,Student,Tier 1,28200.0,25K-50K,Graduate,General Fitness,Intermediate,4,High,6700,5.4,Poor,Medium,Poor,1.7,Medium,No,No,Yes,Yes,Medium,Medium,High,Minimal,Yes,Yes,No,Yes,Yes,Yes,No,Medium,High,No Preference,420.0,3K-6K,5800,Full Payment,Low,No,5,Yes,Yes,Low,High,4,68.8,43.6,60.0,52.2,58.7,73.2,43.7,High,Mid-Range,Medium Value,"The watch is okay, does the basic job of counting steps."
FT101248,45-54,Male,Working Professional,Tier 1,83100.0,50K-1L,Post Graduate,Better Sleep,Advanced,6,High,10800,5.7,Poor,High,Average,2.8,High,No,No,No,No,Medium,Medium,Low,Frequent,No,No,No,Yes,No,Yes,Yes,High,Low,No Preference,2740.0,6K-10K,6900,Full Payment,High,No,3,No,No,Medium,Low,0,72.4,75.9,57.8,31.9,89.0,50.9,42.0,High,Mid-Range,Medium Value,"Reasonable device for the price, a few features could be better."
FT101249,45-54,Female,Working Professional,Tier 2,78800.0,50K-1L,Graduate,Weight Loss,Beginner,0,Low,2600,6.6,Average,Medium,Average,3.1,Medium,No,No,No,No,Medium,Medium,Low,Minimal,Yes,No,Yes,No,No,Yes,No,Low,High,Premium / Trusted,3030.0,6K-10K,6500,Full Payment,Low,Yes,4,Yes,No,High,Medium,0,66.2,17.7,60.9,28.7,49.7,59.1,26.9,Moderate,Mid-Range,Medium Value,"Average experience overall, nothing special but works fine."
FT101250,18-24,Female,Working Professional,Tier 2,36400.0,25K-50K,High School,Better Sleep,Beginner,1,Low,2500,5.2,Poor,Medium,Average,2.6,Low,No,No,No,No,High,High,Low,Minimal,No,No,No,No,No,Yes,Yes,High,High,No Preference,1100.0,3K-6K,4600,Full Payment,Low,No,4,Yes,Yes,Low,High,5,70.2,11.2,71.3,46.8,61.8,55.3,29.0,High,Budget,Medium Value,"Design is decent, battery is average, app could improve a little."
FT101251,18-24,Female,Student,Tier 3,8300.0,< 25K,High School,General Fitness,Beginner,0,Low,2500,5.8,Poor,Low,Average,1.5,High,No,No,Yes,Yes,Medium,High,Low,Moderate,Yes,No,Yes,Yes,No,Yes,Yes,Medium,Low,No Preference,500.0,< 3K,2700,Full Payment,High,No,3,No,Yes,Medium,High,1,57.0,14.4,53.3,49.1,95.9,47.9,49.6,Moderate,Budget,Medium Value,Sleep tracking data seems wrong and the design feels cheap.
FT101252,18-24,Male,Student,Tier 2,22300.0,< 25K,Graduate,Better Sleep,Intermediate,5,High,10000,5.2,Poor,High,Good,4.1,High,No,Yes,Yes,Yes,High,High,Medium,Moderate,Yes,Yes,No,Yes,No,No,Yes,High,High,Budget / Value,1480.0,3K-6K,3100,Full Payment,Low,No,5,Yes,No,Medium,High,5,70.0,60.8,53.4,86.4,49.9,90.1,73.4,High,Budget,Medium Value,"I love the sleep tracking, it is accurate and easy to understand."
FT101253,25-34,Male,Working Professional,Tier 2,62600.0,50K-1L,Graduate,Muscle Gain,Beginner,3,Medium,4500,6.1,Poor,Low,Good,2.8,Low,No,Yes,No,No,High,High,Low,Frequent,Yes,Yes,Yes,Yes,No,Yes,Yes,Medium,Low,Budget / Value,2950.0,3K-6K,3400,Full Payment,High,Yes,3,No,No,Medium,Medium,0,40.2,31.4,45.4,70.1,90.4,47.2,83.2,Moderate,Budget,Medium Value,"Too expensive for the features offered, the price could be lower."
FT101254,18-24,Other,Student,Tier 1,43600.0,25K-50K,Post Graduate,Muscle Gain,Beginner,0,Low,3400,6.0,Poor,High,Average,1.3,Medium,No,No,No,No,Low,Medium,Low,Frequent,Yes,Yes,Yes,Yes,No,Yes,No,Medium,Low,No Preference,2860.0,3K-6K,3800,Full Payment,High,No,2,No,No,High,Medium,0,81.9,13.4,72.7,22.9,91.7,26.0,47.4,High,Budget,Low Value,Hard to set up for beginners and too many confusing notifications.
FT101255,45-54,Female,Working Professional,Tier 3,22700.0,< 25K,High School,Stress Management,Beginner,1,Low,4000,5.7,Poor,High,Poor,2.5,High,No,Yes,Yes,Yes,Low,Medium,Low,Moderate,No,Yes,No,Yes,No,Yes,No,High,Low,No Preference,1540.0,< 3K,2700,Full Payment,Low,Yes,3,Yes,No,Medium,Medium,0,87.8,17.3,83.1,60.1,59.0,53.6,59.9,High,Budget,Medium Value,"Average experience overall, nothing special but works fine."
FT101256,35-44,Female,Homemaker,Tier 1,15800.0,< 25K,High School,Weight Loss,Beginner,2,Medium,3800,6.3,Average,Medium,Good,2.1,Medium,Yes,Yes,No,No,Low,Low,Low,Frequent,Yes,Yes,Yes,Yes,Yes,Yes,Yes,High,Low,Budget / Value,410.0,3K-6K,3100,Full Payment,High,No,3,No,No,Medium,Medium,0,49.4,28.4,47.9,37.0,95.7,43.5,76.0,Moderate,Budget,Low Value,Heart rate readings feel inaccurate during workouts and the strap is uncomfortable.
FT101257,35-44,Female,Self-Employed,Tier 1,75300.0,50K-1L,Graduate,Muscle Gain,Intermediate,4,High,6900,7.2,Good,Low,Average,2.3,Low,No,No,No,No,Medium,Medium,Medium,Frequent,No,No,Yes,Yes,No,No,No,High,High,Budget / Value,1790.0,3K-6K,4300,Full Payment,Medium,Yes,3,No,No,Low,Medium,1,33.0,58.5,23.2,26.6,67.3,38.4,35.9,Low,Budget,Low Value,Sleep tracking data seems wrong and the design feels cheap.
FT101258,25-34,Male,Working Professional,Tier 3,46600.0,25K-50K,Graduate,Better Sleep,Intermediate,1,Low,1300,6.3,Average,Low,Good,1.3,Medium,Yes,No,No,No,Medium,Medium,Low,Frequent,No,No,Yes,No,No,No,No,Medium,Medium,No Preference,380.0,3K-6K,3000,Full Payment,Medium,No,3,No,Yes,Medium,High,0,37.4,26.0,40.1,25.0,73.9,47.6,31.0,Low,Budget,Medium Value,The personalized health reports keep me motivated to stay consistent.
FT101259,55+,Female,Homemaker,Tier 2,22500.0,< 25K,Post Graduate,Medical / Recovery,Beginner,0,Low,3200,6.3,Average,Medium,Average,2.3,Medium,Yes,No,No,No,Low,High,Medium,Frequent,No,No,Yes,Yes,No,Yes,No,Medium,Low,Premium / Trusted,430.0,3K-6K,5800,Full Payment,High,No,2,No,Yes,Medium,Medium,0,60.8,16.8,54.5,18.4,85.2,24.6,37.3,Moderate,Mid-Range,Low Value,The app keeps crashing and the notifications are unreliable.
FT101260,18-24,Male,Student,Tier 2,17800.0,< 25K,Post Graduate,Medical / Recovery,Beginner,1,Low,1600,6.0,Poor,Medium,Good,1.6,Low,Yes,Yes,No,No,High,High,High,Moderate,No,Yes,No,Yes,No,Yes,No,Low,Medium,No Preference,280.0,3K-6K,4500,Full Payment,Medium,Yes,3,No,No,Low,Medium,1,67.5,13.7,64.0,62.7,75.2,43.7,60.8,High,Budget,Low Value,"Reasonable device for the price, a few features could be better."
FT101261,25-34,Female,Working Professional,Tier 1,95400.0,50K-1L,Graduate,Muscle Gain,Beginner,0,Low,4900,7.2,Average,Low,Poor,2.0,Low,No,Yes,No,No,High,High,Medium,Minimal,No,No,No,No,Yes,Yes,Yes,Medium,High,Budget / Value,1410.0,6K-10K,6600,Full Payment,High,Yes,3,No,No,High,Medium,2,56.3,21.4,56.0,68.9,86.1,48.8,56.0,Low,Mid-Range,Medium Value,"Average experience overall, nothing special but works fine."
FT101262,25-34,Male,Working Professional,Tier 1,91100.0,50K-1L,Post Graduate,Muscle Gain,Intermediate,3,Medium,6100,6.0,Poor,High,Average,2.6,High,No,Yes,No,No,High,High,Low,Frequent,No,No,No,No,No,Yes,Yes,High,High,Premium / Trusted,1530.0,6K-10K,8400,Full Payment,High,No,4,Yes,No,Medium,Medium,2,76.3,38.6,74.6,63.0,78.9,64.8,63.6,High,Mid-Range,Medium Value,"It works as expected, neither impressed nor disappointed so far."
FT101263,45-54,Male,Working Professional,Tier 2,28100.0,25K-50K,High School,Muscle Gain,Beginner,2,Medium,4200,5.9,Poor,Medium,Average,1.9,Medium,No,No,No,No,Medium,Medium,Medium,Moderate,No,Yes,Yes,No,No,Yes,No,High,Medium,Premium / Trusted,1410.0,3K-6K,5600,Full Payment,Low,Yes,3,No,No,High,High,4,65.8,27.1,59.4,30.0,53.3,42.2,34.4,High,Mid-Range,Low Value,Hard to set up for beginners and too many confusing notifications.
FT101264,25-34,Female,Working Professional,Tier 2,82300.0,50K-1L,Graduate,Muscle Gain,Beginner,3,Medium,8400,5.9,Poor,High,Poor,2.1,High,No,No,No,No,Medium,Medium,Low,Frequent,Yes,Yes,Yes,Yes,Yes,Yes,Yes,Medium,Low,Budget / Value,3940.0,3K-6K,3200,Full Payment,High,No,3,No,No,Medium,Medium,0,79.7,35.4,76.8,27.2,82.6,50.2,57.5,High,Budget,Medium Value,"Reasonable device for the price, a few features could be better."
FT101265,35-44,Female,Self-Employed,Tier 2,59600.0,50K-1L,Post Graduate,Muscle Gain,Intermediate,2,Medium,3300,6.6,Average,Medium,Poor,3.0,Medium,No,Yes,Yes,Yes,High,High,Low,Moderate,No,No,No,Yes,Yes,Yes,Yes,High,Low,Budget / Value,3450.0,3K-6K,5300,Full Payment,Medium,Yes,3,No,Yes,Low,Low,1,64.0,36.8,59.4,80.0,66.8,52.3,71.1,Moderate,Mid-Range,Medium Value,"It works as expected, neither impressed nor disappointed so far."
FT101266,18-24,Female,Student,Tier 1,39100.0,25K-50K,Graduate,Weight Loss,Beginner,2,Medium,3900,6.4,Average,Medium,Poor,1.6,High,Yes,No,No,No,Low,Medium,Medium,Moderate,Yes,Yes,Yes,No,Yes,Yes,Yes,High,High,No Preference,660.0,3K-6K,5800,Full Payment,Low,Yes,2,No,No,Medium,Low,1,55.5,28.5,57.2,13.6,55.3,19.2,41.5,Moderate,Mid-Range,Low Value,The app keeps crashing and the notifications are unreliable.
FT101267,55+,Male,Working Professional,Tier 1,110900.0,1L-2L,Post Graduate,Weight Loss,Intermediate,4,High,4100,6.3,Poor,Medium,Poor,2.3,High,No,Yes,No,No,High,High,Low,Frequent,Yes,Yes,Yes,Yes,Yes,No,Yes,High,High,Budget / Value,4980.0,6K-10K,7700,Full Payment,Medium,No,4,Yes,Yes,Low,High,6,62.2,41.0,61.2,57.9,58.6,56.3,79.0,High,Mid-Range,Medium Value,"Design is decent, battery is average, app could improve a little."
FT101268,25-34,Male,Working Professional,Tier 2,55100.0,50K-1L,Diploma,Muscle Gain,Beginner,0,Low,5400,6.3,Average,Low,Good,1.3,Low,No,Yes,No,Yes,High,Low,Low,Moderate,No,No,Yes,Yes,Yes,Yes,No,High,Low,Premium / Trusted,1850.0,6K-10K,7300,Full Payment,Low,No,4,Yes,No,Low,Medium,2,38.6,22.3,37.4,68.5,48.9,58.6,67.1,Low,Mid-Range,Medium Value,The battery life is excellent and lasts almost a week on a single charge.
FT101269,25-34,Female,Self-Employed,Tier 2,34200.0,25K-50K,High School,General Fitness,Beginner,3,Medium,9700,7.3,Good,Low,Good,1.6,Low,No,Yes,Yes,Yes,High,High,Low,Minimal,No,Yes,Yes,Yes,Yes,Yes,No,Medium,High,Premium / Trusted,1290.0,3K-6K,5900,Full Payment,Medium,No,3,No,Yes,Medium,Medium,0,21.6,52.6,20.4,82.8,67.7,41.7,69.4,Low,Mid-Range,Low Value,Customer support was slow and the device disconnects from the app often.
FT101270,55+,Male,Self-Employed,Tier 1,41900.0,25K-50K,Graduate,General Fitness,Intermediate,4,High,4400,6.8,Average,Medium,Average,2.4,Medium,No,No,Yes,Yes,High,High,Medium,Frequent,Yes,Yes,No,Yes,Yes,No,Yes,Medium,Low,Budget / Value,270.0,3K-6K,4100,Full Payment,Low,No,2,No,Yes,Low,Medium,1,41.4,44.3,38.8,63.0,52.2,34.5,61.5,Moderate,Budget,Low Value,Sleep tracking data seems wrong and the design feels cheap.
FT101271,25-34,Male,Student,Tier 1,26600.0,25K-50K,Post Graduate,Weight Loss,Beginner,1,Low,2600,6.1,Poor,Medium,Good,2.8,Medium,No,Yes,No,No,Low,Low,Low,Minimal,Yes,No,No,No,Yes,No,No,Low,Medium,No Preference,1500.0,3K-6K,4000,Full Payment,Low,Yes,4,Yes,Yes,Low,Medium,1,62.4,17.7,61.9,43.2,54.3,57.5,42.7,High,Budget,Medium Value,"Average experience overall, nothing special but works fine."
FT101272,25-34,Female,Working Professional,Tier 1,69900.0,50K-1L,Diploma,Stress Management,Beginner,2,Medium,5300,4.7,Poor,High,Good,1.7,High,No,Yes,Yes,No,High,Medium,Low,Frequent,Yes,Yes,Yes,No,No,Yes,No,Medium,Low,No Preference,2110.0,3K-6K,4600,Full Payment,High,No,5,Yes,No,Medium,High,1,67.0,22.0,61.0,87.3,81.5,86.9,80.7,High,Budget,Medium Value,Step counting is accurate and syncing with the app is fast and seamless.
FT101273,25-34,Male,Working Professional,Tier 1,120600.0,1L-2L,Post Graduate,Medical / Recovery,Intermediate,3,Medium,5400,5.8,Poor,Medium,Good,2.8,High,Yes,No,No,No,High,Medium,High,Frequent,Yes,No,Yes,Yes,No,No,Yes,High,High,Premium / Trusted,6180.0,6K-10K,9700,Full Payment,High,Yes,3,No,No,Medium,Medium,0,54.3,38.7,58.8,42.4,79.6,41.4,50.0,High,Mid-Range,Low Value,Customer support was slow and the device disconnects from the app often.
FT101274,18-24,Female,Student,Tier 2,8300.0,< 25K,High School,Muscle Gain,Beginner,2,Medium,5100,6.0,Average,Low,Poor,2.4,Medium,No,No,No,Yes,High,High,Medium,Moderate,Yes,Yes,No,Yes,Yes,Yes,No,High,Medium,Premium / Trusted,210.0,3K-6K,5700,Full Payment,Medium,No,2,No,No,High,High,3,50.4,29.0,47.0,41.3,73.6,29.3,46.9,Low,Mid-Range,Low Value,"Too expensive for the features offered, the price could be lower."
FT101275,25-34,Male,Student,Tier 1,28900.0,25K-50K,Graduate,Medical / Recovery,Advanced,5,High,8300,6.5,Average,Medium,Poor,2.3,Medium,Yes,Yes,No,No,Medium,High,Medium,Moderate,Yes,Yes,Yes,No,No,No,No,Medium,Low,No Preference,1780.0,6K-10K,6700,Full Payment,High,Yes,4,Yes,Yes,Low,High,1,54.7,65.3,55.2,49.0,91.7,58.4,56.0,Moderate,Mid-Range,Medium Value,"Affordable, lightweight and the companion app is very beginner friendly."
FT101276,18-24,Female,Student,Tier 2,15700.0,< 25K,Graduate,Better Sleep,Beginner,2,Medium,5900,6.9,Average,Medium,Good,2.4,Medium,No,No,Yes,Yes,High,High,Medium,Minimal,Yes,Yes,No,Yes,Yes,Yes,Yes,High,High,No Preference,670.0,3K-6K,3600,Full Payment,Medium,Yes,3,No,Yes,Medium,High,4,41.8,33.8,35.6,62.8,77.3,37.1,51.7,Moderate,Budget,Low Value,"Too expensive for the features offered, the price could be lower."
FT101277,18-24,Female,Student,Tier 2,13800.0,< 25K,High School,Weight Loss,Advanced,4,High,5700,7.3,Average,Medium,Average,3.3,Low,No,No,No,No,High,High,Medium,Frequent,No,No,No,No,No,Yes,No,Medium,Medium,No Preference,800.0,3K-6K,3600,Full Payment,Medium,No,3,Yes,No,High,High,2,48.0,59.1,43.1,42.4,69.9,53.8,37.1,Moderate,Budget,Medium Value,"Affordable, lightweight and the companion app is very beginner friendly."
FT101278,45-54,Female,Self-Employed,Tier 3,40800.0,25K-50K,Graduate,Weight Loss,Intermediate,2,Medium,5500,5.7,Poor,Medium,Average,0.8,Medium,No,Yes,No,No,Low,Medium,Medium,Moderate,Yes,Yes,Yes,Yes,No,No,Yes,Medium,Medium,Premium / Trusted,1270.0,3K-6K,5700,Full Payment,Medium,Yes,3,No,No,Low,Low,0,62.7,29.8,55.4,33.7,69.0,50.1,59.2,High,Mid-Range,Medium Value,I am worried about my health data privacy and how it is stored.
FT101279,25-34,Female,Working Professional,Tier 3,55200.0,50K-1L,Graduate,Weight Loss,Beginner,2,Medium,3200,6.5,Poor,High,Average,3.9,High,No,No,No,No,Medium,Low,Medium,Minimal,No,Yes,No,Yes,No,No,Yes,High,High,No Preference,1370.0,3K-6K,4500,Full Payment,Low,No,2,No,Yes,Low,Medium,0,70.9,16.9,68.9,31.6,55.0,29.8,27.9,High,Budget,Low Value,The app keeps crashing and the notifications are unreliable.
FT101280,25-34,Male,Student,Tier 1,38200.0,25K-50K,Graduate,Weight Loss,Intermediate,2,Medium,4500,5.3,Poor,High,Average,1.8,High,No,Yes,Yes,Yes,Medium,Low,High,Frequent,Yes,Yes,No,Yes,Yes,No,Yes,Medium,Medium,Budget / Value,1320.0,3K-6K,4300,Full Payment,Medium,No,4,Yes,Yes,Low,High,2,71.9,35.9,72.7,67.9,74.1,59.7,78.2,High,Budget,Medium Value,Comfortable to wear all day and the stress tracking is genuinely useful.
FT101281,25-34,Female,Working Professional,Tier 1,80900.0,50K-1L,Diploma,Muscle Gain,Intermediate,4,High,4300,4.2,Poor,High,Poor,1.0,High,No,No,No,No,Medium,High,High,Moderate,No,Yes,Yes,No,No,No,Yes,High,Medium,No Preference,1300.0,6K-10K,6300,Full Payment,Medium,Yes,2,No,No,Medium,High,0,80.0,39.6,74.1,36.9,62.3,27.1,36.8,High,Mid-Range,Low Value,"Too expensive for the features offered, the price could be lower."
FT101282,25-34,Female,Working Professional,Tier 1,70600.0,50K-1L,High School,General Fitness,Beginner,2,Medium,4500,6.6,Average,Low,Average,2.4,Low,No,Yes,Yes,Yes,High,Medium,Low,Frequent,No,Yes,No,Yes,No,No,Yes,Low,Low,Budget / Value,1290.0,6K-10K,6500,Full Payment,Medium,Yes,4,Yes,Yes,High,High,2,43.9,26.3,38.2,88.9,66.9,68.7,77.0,Low,Mid-Range,Medium Value,"I love the sleep tracking, it is accurate and easy to understand."
FT101283,25-34,Female,Working Professional,Tier 2,71600.0,50K-1L,Post Graduate,Better Sleep,Beginner,0,Low,2000,6.1,Poor,Medium,Average,3.0,Medium,No,Yes,No,No,High,Medium,Medium,Moderate,Yes,Yes,Yes,No,No,Yes,Yes,Medium,High,Premium / Trusted,2140.0,6K-10K,8800,EMI,Medium,Yes,4,Yes,No,Medium,Medium,1,71.4,9.9,68.1,65.5,68.9,58.8,70.4,High,Mid-Range,Medium Value,Step counting is accurate and syncing with the app is fast and seamless.
FT101284,45-54,Female,Working Professional,Tier 1,184600.0,1L-2L,Graduate,Muscle Gain,Advanced,5,High,10200,6.9,Average,Medium,Average,2.1,Medium,No,No,Yes,Yes,High,High,Low,Frequent,Yes,No,Yes,Yes,No,No,Yes,Medium,Medium,Budget / Value,4560.0,6K-10K,7200,Full Payment,Medium,Yes,4,Yes,No,High,Medium,0,43.9,70.3,44.9,57.2,58.0,71.2,55.2,Moderate,Mid-Range,Medium Value,"Great value for money, the app is smooth and the design looks premium."
FT101285,45-54,Female,Working Professional,Tier 1,81200.0,50K-1L,Post Graduate,General Fitness,Intermediate,2,Medium,5100,5.3,Poor,High,Average,2.5,High,No,Yes,No,No,Medium,High,Medium,Moderate,No,No,No,Yes,Yes,No,No,High,Medium,Premium / Trusted,780.0,6K-10K,8400,Full Payment,High,Yes,4,Yes,No,Medium,Medium,2,77.1,32.2,69.6,57.1,86.6,59.3,54.6,High,Mid-Range,Medium Value,"Design is decent, battery is average, app could improve a little."
FT101286,25-34,Female,Working Professional,Tier 1,79900.0,50K-1L,Graduate,Medical / Recovery,Advanced,3,Medium,6500,6.8,Average,Medium,Average,4.0,Medium,Yes,No,No,No,High,High,High,Moderate,No,No,Yes,No,No,Yes,Yes,Medium,High,Budget / Value,1480.0,3K-6K,5300,Full Payment,High,Yes,3,No,No,Medium,High,3,53.2,55.2,53.0,49.2,87.1,37.3,41.1,Moderate,Mid-Range,Low Value,Customer support was slow and the device disconnects from the app often.
FT101287,25-34,Female,Working Professional,Tier 1,138000.0,1L-2L,Post Graduate,Medical / Recovery,Intermediate,2,Medium,5200,6.3,Average,Medium,Average,2.5,Medium,Yes,Yes,No,No,Medium,Medium,Medium,Minimal,Yes,No,Yes,No,Yes,No,No,Medium,High,Budget / Value,5520.0,6K-10K,6400,Full Payment,High,Yes,2,No,No,Low,Low,1,44.2,35.1,51.4,55.7,80.7,17.8,51.4,Moderate,Mid-Range,Low Value,Customer support was slow and the device disconnects from the app often.
FT101288,25-34,Male,Self-Employed,Tier 2,43600.0,25K-50K,High School,Stress Management,Intermediate,3,Medium,2500,5.8,Poor,Medium,Average,4.7,Low,No,Yes,Yes,Yes,High,Medium,Medium,Moderate,No,No,Yes,Yes,No,No,No,Medium,Medium,Premium / Trusted,2620.0,6K-10K,7700,Full Payment,Medium,No,4,Yes,Yes,Medium,Medium,1,65.4,32.3,59.3,79.2,70.5,68.3,62.3,High,Mid-Range,Medium Value,The personalized health reports keep me motivated to stay consistent.
FT101289,25-34,Male,Student,Tier 2,23500.0,< 25K,Graduate,Stress Management,Intermediate,4,High,3800,5.7,Poor,Medium,Average,3.3,High,No,No,No,No,High,High,Medium,Moderate,Yes,No,No,Yes,No,Yes,Yes,Medium,Low,No Preference,420.0,6K-10K,6000,Full Payment,Medium,No,4,Yes,No,Low,High,4,58.7,38.0,59.5,45.6,66.3,57.6,44.1,High,Mid-Range,Medium Value,"Design is decent, battery is average, app could improve a little."
FT101290,25-34,Female,Working Professional,Tier 2,76600.0,50K-1L,Graduate,Medical / Recovery,Intermediate,3,Medium,5700,7.4,Good,Medium,Good,2.3,Low,Yes,No,Yes,Yes,Medium,Medium,Medium,Moderate,Yes,No,Yes,No,No,No,Yes,Medium,Medium,Budget / Value,1350.0,3K-6K,4400,Full Payment,High,Yes,3,No,No,Low,Medium,0,42.2,50.7,33.5,44.4,83.9,47.2,39.4,Low,Budget,Medium Value,"Design is decent, battery is average, app could improve a little."
FT101291,35-44,Male,Working Professional,Tier 3,17000.0,< 25K,High School,Muscle Gain,Advanced,6,High,10100,6.3,Average,Medium,Average,2.5,Medium,No,No,No,No,Low,Medium,Medium,Frequent,Yes,No,No,Yes,No,Yes,No,Medium,Low,Budget / Value,830.0,< 3K,1300,Full Payment,Low,Yes,2,No,No,Medium,Low,2,52.1,78.4,40.8,13.0,59.0,24.6,35.4,Moderate,Budget,Low Value,Hard to set up for beginners and too many confusing notifications.
FT101292,25-34,Female,Working Professional,Tier 1,84800.0,50K-1L,High School,Better Sleep,Intermediate,2,Medium,4800,7.1,Average,Medium,Good,2.0,Low,Yes,No,No,No,Medium,Medium,Medium,Moderate,No,Yes,No,Yes,No,Yes,Yes,Medium,Medium,Budget / Value,3510.0,3K-6K,4300,Full Payment,Low,No,2,No,Yes,High,High,1,45.5,42.2,46.4,27.6,49.9,29.5,37.8,Moderate,Budget,Low Value,Customer support was slow and the device disconnects from the app often.
FT101293,25-34,Female,Student,Tier 1,27800.0,25K-50K,Graduate,Weight Loss,Beginner,1,Low,2500,6.2,Poor,High,Good,2.5,High,No,Yes,Yes,Yes,Low,Medium,Medium,Moderate,Yes,No,No,Yes,No,Yes,No,Medium,Medium,Premium / Trusted,1720.0,6K-10K,7600,Full Payment,Low,No,4,Yes,No,Medium,Low,2,76.5,21.3,72.8,63.4,52.8,72.5,61.0,High,Mid-Range,Medium Value,"I love the sleep tracking, it is accurate and easy to understand."
FT101294,25-34,Male,Self-Employed,Tier 1,134300.0,1L-2L,Post Graduate,Muscle Gain,Intermediate,5,High,8100,5.9,Poor,Medium,Good,2.7,Medium,No,Yes,No,No,Medium,High,High,Frequent,No,No,No,Yes,No,No,Yes,Medium,Medium,Budget / Value,1960.0,6K-10K,7800,Full Payment,Medium,No,3,No,No,Low,Medium,0,52.5,48.0,40.4,52.0,59.2,46.1,59.8,High,Mid-Range,Medium Value,Comfortable to wear all day and the stress tracking is genuinely useful.
FT101295,25-34,Female,Working Professional,Tier 2,38900.0,25K-50K,Graduate,General Fitness,Beginner,0,Low,2400,6.1,Poor,Low,Good,2.0,Medium,No,No,No,No,Medium,High,Medium,Moderate,Yes,No,No,Yes,No,No,Yes,High,Medium,Budget / Value,2220.0,3K-6K,3500,Full Payment,Low,Yes,2,No,No,High,Medium,1,50.0,13.1,44.0,31.4,48.7,34.3,34.8,Moderate,Budget,Low Value,"Too expensive for the features offered, the price could be lower."
FT101296,18-24,Female,Student,Tier 2,13900.0,< 25K,High School,Weight Loss,Advanced,4,High,8800,5.5,Poor,Medium,Average,1.2,High,No,No,Yes,No,High,High,Medium,Frequent,Yes,Yes,Yes,Yes,Yes,Yes,No,Medium,High,Premium / Trusted,310.0,6K-10K,6500,Full Payment,Low,Yes,3,No,Yes,Medium,High,4,54.0,60.4,55.4,72.9,51.0,52.0,69.2,High,Mid-Range,Medium Value,"It works as expected, neither impressed nor disappointed so far."
FT101297,18-24,Female,Working Professional,Tier 1,95700.0,50K-1L,Post Graduate,Weight Loss,Intermediate,2,Medium,6500,7.6,Good,Low,Average,3.4,Low,No,Yes,No,Yes,High,Medium,Medium,Frequent,Yes,Yes,No,No,Yes,Yes,Yes,High,Medium,Budget / Value,1890.0,6K-10K,7900,Full Payment,Low,Yes,2,No,Yes,Low,High,2,27.3,46.6,29.6,60.4,49.0,29.0,75.6,Low,Mid-Range,Low Value,Customer support was slow and the device disconnects from the app often.
FT101298,35-44,Male,Homemaker,Tier 3,13000.0,< 25K,High School,Weight Loss,Intermediate,3,Medium,5300,6.0,Poor,High,Average,3.1,High,No,No,No,No,Low,Low,High,Minimal,No,No,Yes,Yes,No,No,Yes,High,Medium,Premium / Trusted,430.0,3K-6K,5000,Full Payment,Medium,No,2,No,Yes,Medium,Medium,0,74.2,38.5,72.4,11.8,72.5,19.1,21.0,High,Mid-Range,Low Value,"Too expensive for the features offered, the price could be lower."
FT101299,25-34,Female,Working Professional,Tier 1,78100.0,50K-1L,Diploma,General Fitness,Beginner,1,Low,4000,4.4,Poor,High,Poor,1.2,High,No,No,No,No,High,High,High,Moderate,Yes,No,No,Yes,Yes,Yes,Yes,Medium,Medium,Budget / Value,5500.0,3K-6K,5500,Full Payment,High,No,3,No,No,Low,High,2,91.8,24.0,86.0,41.9,86.9,47.1,47.1,High,Mid-Range,Medium Value,"Design is decent, battery is average, app could improve a little."
FT101300,18-24,Male,Working Professional,Tier 1,120700.0,1L-2L,Post Graduate,Weight Loss,Beginner,2,Medium,5700,6.6,Poor,Medium,Poor,2.4,Medium,Yes,Yes,No,No,High,High,Medium,Minimal,No,Yes,Yes,Yes,Yes,Yes,Yes,High,Medium,No Preference,1580.0,3K-6K,5800,Full Payment,High,No,4,Yes,No,Low,Medium,0,71.3,27.7,71.3,63.1,90.5,63.6,66.8,High,Mid-Range,Medium Value,"Design is decent, battery is average, app could improve a little."
FT101301,25-34,Female,Working Professional,Tier 2,60000.0,50K-1L,Post Graduate,General Fitness,Beginner,2,Medium,6000,5.5,Poor,Medium,Poor,3.1,Medium,Yes,No,Yes,No,Medium,Medium,High,Moderate,Yes,Yes,Yes,Yes,Yes,Yes,No,Medium,Medium,Budget / Value,2660.0,3K-6K,5300,Full Payment,Low,Yes,3,No,No,Medium,Medium,0,69.0,32.9,72.0,49.4,49.7,42.7,54.0,High,Mid-Range,Low Value,"The watch is okay, does the basic job of counting steps."
FT101302,35-44,Male,Working Professional,Tier 3,54600.0,50K-1L,Post Graduate,Better Sleep,Intermediate,2,Medium,8200,6.0,Average,Medium,Average,3.0,Medium,No,Yes,No,No,Low,High,High,Moderate,No,Yes,No,No,No,No,No,High,Medium,Premium / Trusted,2950.0,6K-10K,6200,Full Payment,Medium,No,3,No,No,High,Low,1,49.5,46.9,45.3,40.9,66.1,42.8,44.6,Moderate,Mid-Range,Low Value,"The watch is okay, does the basic job of counting steps."
FT101303,18-24,Female,Working Professional,Tier 2,74700.0,50K-1L,Post Graduate,Muscle Gain,Intermediate,2,Medium,5100,6.5,Average,Medium,Poor,1.7,Low,No,Yes,No,No,High,High,Medium,Moderate,Yes,No,No,Yes,Yes,No,No,High,Medium,Budget / Value,4620.0,3K-6K,5800,Full Payment,Low,Yes,3,No,Yes,Medium,High,0,60.0,41.2,56.7,69.9,51.1,42.3,63.3,Moderate,Mid-Range,Low Value,"Average experience overall, nothing special but works fine."
FT101304,35-44,Female,Working Professional,Tier 3,51900.0,50K-1L,Graduate,Muscle Gain,Beginner,1,Low,6200,7.8,Good,Medium,Average,3.1,Medium,No,Yes,No,No,Low,Medium,High,Minimal,No,Yes,No,Yes,No,Yes,No,High,Medium,No Preference,2530.0,< 3K,2200,Full Payment,Medium,No,2,No,No,Low,Medium,1,45.9,39.2,54.0,33.4,73.7,23.2,43.5,Low,Budget,Low Value,The battery drains too quickly and charging takes very long.
FT101305,45-54,Female,Working Professional,Tier 1,92400.0,50K-1L,Diploma,Weight Loss,Beginner,2,Medium,3100,6.0,Poor,High,Poor,2.3,Medium,Yes,No,No,No,Low,High,High,Moderate,Yes,No,Yes,No,No,Yes,No,High,Medium,Budget / Value,1020.0,6K-10K,6000,Full Payment,Low,Yes,4,Yes,No,Low,Low,1,79.4,18.9,81.5,13.7,37.8,57.0,28.7,High,Mid-Range,Medium Value,Heart rate monitoring feels reliable and the hydration reminders really help.
FT101306,25-34,Male,Student,Tier 2,17100.0,< 25K,Diploma,Better Sleep,Intermediate,6,High,8500,5.5,Poor,High,Poor,2.6,High,Yes,No,No,No,High,Medium,Low,Minimal,Yes,Yes,No,Yes,No,No,Yes,High,Medium,Budget / Value,980.0,3K-6K,3600,Full Payment,Medium,No,3,Yes,No,Medium,Medium,2,74.2,60.2,75.3,39.9,78.3,52.6,35.1,High,Budget,Medium Value,"It works as expected, neither impressed nor disappointed so far."
FT101307,35-44,Female,Self-Employed,Tier 3,36000.0,25K-50K,Post Graduate,Weight Loss,Beginner,2,Medium,1400,6.1,Poor,Medium,Average,1.6,Medium,Yes,No,No,No,Low,Medium,Medium,Moderate,No,Yes,Yes,No,No,No,No,Medium,High,No Preference,1940.0,< 3K,1800,Full Payment,Medium,No,3,No,No,Low,Low,2,69.0,16.8,67.9,20.3,67.6,45.3,26.7,High,Budget,Medium Value,Sleep tracking data seems wrong and the design feels cheap.
FT101308,18-24,Female,Student,Tier 2,25800.0,25K-50K,Post Graduate,General Fitness,Intermediate,2,Medium,5500,6.7,Average,Medium,Good,0.5,Medium,No,No,Yes,Yes,High,High,Medium,Moderate,Yes,Yes,Yes,No,No,No,No,High,High,Premium / Trusted,1510.0,3K-6K,5900,Full Payment,High,Yes,3,No,No,Medium,High,0,45.3,44.4,47.0,73.4,98.1,43.2,49.5,Moderate,Mid-Range,Low Value,"It works as expected, neither impressed nor disappointed so far."
FT101309,45-54,Male,Self-Employed,Tier 1,156300.0,1L-2L,Graduate,General Fitness,Advanced,5,High,9700,7.7,Good,Low,Average,1.7,Low,No,Yes,Yes,No,Medium,High,Medium,Moderate,No,Yes,Yes,No,No,No,No,High,Medium,Budget / Value,2330.0,6K-10K,8600,EMI,Low,Yes,4,Yes,No,Medium,Medium,1,27.0,74.8,25.1,68.4,43.5,62.2,58.5,Low,Mid-Range,Medium Value,The battery life is excellent and lasts almost a week on a single charge.
FT101310,25-34,Female,Self-Employed,Tier 3,61800.0,50K-1L,Graduate,Better Sleep,Intermediate,3,Medium,1700,6.7,Poor,Low,Good,2.7,Medium,No,Yes,Yes,No,Medium,Medium,High,Moderate,Yes,No,Yes,Yes,Yes,No,No,Medium,Low,Premium / Trusted,2050.0,3K-6K,5200,Full Payment,High,Yes,4,Yes,No,Medium,High,0,40.5,29.3,39.6,71.4,88.1,59.7,68.1,Moderate,Mid-Range,Medium Value,"The watch is okay, does the basic job of counting steps."
FT101311,45-54,Female,Working Professional,Tier 1,34300.0,25K-50K,Diploma,Medical / Recovery,Beginner,1,Low,4400,5.9,Poor,Medium,Poor,2.1,Medium,Yes,No,Yes,Yes,Medium,Low,Medium,Moderate,Yes,Yes,No,No,No,Yes,Yes,High,Medium,Budget / Value,1090.0,3K-6K,5500,Full Payment,High,No,4,Yes,Yes,Medium,Low,6,79.8,18.5,80.8,54.7,87.3,69.1,47.3,High,Mid-Range,Medium Value,"Average experience overall, nothing special but works fine."
FT101312,25-34,Other,Homemaker,Tier 2,20400.0,< 25K,Diploma,Stress Management,Beginner,2,Medium,6300,6.1,Poor,Medium,Average,2.8,Medium,Yes,Yes,Yes,Yes,Low,Medium,High,Minimal,Yes,No,No,Yes,No,Yes,No,High,Low,Budget / Value,980.0,3K-6K,3400,Full Payment,Medium,Yes,3,No,Yes,Low,Low,0,66.0,29.6,65.2,60.7,77.4,49.6,53.1,High,Budget,Medium Value,"Affordable, lightweight and the companion app is very beginner friendly."
FT101313,18-24,Female,Working Professional,Tier 3,70000.0,50K-1L,Post Graduate,Stress Management,Advanced,2,Medium,6200,6.1,Poor,High,Poor,3.2,High,No,Yes,No,No,High,High,High,Moderate,No,No,No,Yes,Yes,No,Yes,Medium,Medium,Premium / Trusted,1220.0,6K-10K,6300,Full Payment,High,No,3,No,No,High,Medium,0,85.3,45.1,81.1,59.1,88.3,42.5,59.5,High,Mid-Range,Low Value,Comfortable to wear all day and the stress tracking is genuinely useful.
FT101314,18-24,Female,Student,Tier 3,8800.0,< 25K,High School,General Fitness,Advanced,6,High,7400,6.5,Average,High,Average,2.0,Medium,No,No,Yes,Yes,Medium,High,Medium,Moderate,No,No,No,Yes,Yes,Yes,Yes,Medium,Low,No Preference,80.0,3K-6K,3600,Full Payment,Medium,No,2,No,No,High,Medium,1,53.2,69.7,60.6,51.7,71.2,32.1,46.2,High,Budget,Low Value,"Average experience overall, nothing special but works fine."
FT101315,35-44,Female,Working Professional,Tier 3,40900.0,25K-50K,Graduate,Muscle Gain,Beginner,1,Low,5500,4.8,Poor,High,Poor,2.0,High,No,Yes,Yes,Yes,Medium,High,Medium,Minimal,No,No,No,Yes,Yes,Yes,Yes,High,Low,Premium / Trusted,1130.0,3K-6K,5500,Full Payment,Medium,No,4,Yes,Yes,Medium,Medium,2,88.3,30.2,88.6,75.2,72.7,68.2,62.5,High,Mid-Range,Medium Value,Comfortable to wear all day and the stress tracking is genuinely useful.
FT101316,25-34,Female,Self-Employed,Tier 3,46300.0,25K-50K,Post Graduate,Weight Loss,Intermediate,3,Medium,6300,6.1,Poor,Medium,Poor,0.6,Medium,Yes,No,No,No,Medium,High,Medium,Frequent,Yes,Yes,No,No,Yes,Yes,Yes,High,Medium,Budget / Value,2330.0,< 3K,2000,Full Payment,Low,No,1,No,Yes,Low,Medium,1,68.2,39.7,70.4,26.2,46.3,11.0,48.6,High,Budget,Low Value,Hard to set up for beginners and too many confusing notifications.
FT101317,18-24,Male,Self-Employed,Tier 1,93400.0,50K-1L,Graduate,Weight Loss,Beginner,3,Medium,7400,6.5,Average,Low,Average,1.1,Low,No,Yes,No,No,High,High,Low,Frequent,Yes,No,No,Yes,No,Yes,Yes,High,High,Premium / Trusted,3720.0,6K-10K,8000,Full Payment,High,Yes,4,Yes,No,High,Low,1,36.3,40.0,44.6,65.9,85.1,57.1,73.2,Low,Mid-Range,Medium Value,Comfortable to wear all day and the stress tracking is genuinely useful.
FT101318,35-44,Male,Working Professional,Tier 3,34400.0,25K-50K,Graduate,Medical / Recovery,Beginner,0,Low,2800,5.7,Poor,High,Average,1.2,Medium,Yes,Yes,No,No,Low,Medium,Low,Minimal,No,Yes,Yes,Yes,No,Yes,Yes,High,Medium,No Preference,870.0,3K-6K,3700,Full Payment,Medium,Yes,4,Yes,No,Low,Low,0,75.6,12.6,80.5,42.6,72.5,58.9,55.3,High,Budget,Medium Value,The personalized health reports keep me motivated to stay consistent.
FT101319,45-54,Female,Working Professional,Tier 2,68900.0,50K-1L,Diploma,Medical / Recovery,Advanced,5,High,9200,6.2,Poor,Low,Poor,2.7,Medium,Yes,Yes,No,No,Medium,High,Medium,Minimal,Yes,No,Yes,No,Yes,No,No,High,Low,Budget / Value,1410.0,3K-6K,4200,Full Payment,High,Yes,4,Yes,No,High,Low,1,50.0,64.4,55.0,48.4,88.7,57.7,48.8,Moderate,Budget,Medium Value,Heart rate readings feel inaccurate during workouts and the strap is uncomfortable.
FT101320,25-34,Male,Self-Employed,Tier 2,35600.0,25K-50K,High School,General Fitness,Advanced,6,High,11600,5.8,Poor,Medium,Good,2.0,Medium,No,Yes,No,No,Medium,Medium,Low,Frequent,Yes,No,No,No,Yes,No,No,High,Medium,Premium / Trusted,1280.0,6K-10K,6300,Full Payment,Medium,No,2,No,No,Low,Medium,1,48.7,69.5,40.5,53.8,76.1,33.3,60.4,High,Mid-Range,Low Value,Heart rate readings feel inaccurate during workouts and the strap is uncomfortable.
FT101321,25-34,Female,Working Professional,Tier 1,57100.0,50K-1L,Diploma,Weight Loss,Advanced,5,High,8100,6.5,Poor,High,Average,1.9,High,No,No,No,No,High,High,Medium,Frequent,Yes,No,Yes,Yes,No,Yes,Yes,High,Medium,Budget / Value,1480.0,3K-6K,4200,Full Payment,High,Yes,2,No,Yes,Low,High,3,72.4,64.8,66.1,42.4,86.1,34.3,54.3,High,Budget,Low Value,Customer support was slow and the device disconnects from the app often.
FT101322,18-24,Male,Student,Tier 3,12200.0,< 25K,High School,Weight Loss,Beginner,0,Low,3500,6.0,Poor,Medium,Average,1.8,High,Yes,Yes,No,No,High,Medium,High,Moderate,Yes,Yes,Yes,No,No,No,No,Medium,High,Premium / Trusted,100.0,6K-10K,6000,Full Payment,Low,Yes,4,Yes,No,Low,High,4,67.5,13.9,67.0,70.8,52.1,59.6,63.6,High,Mid-Range,Medium Value,"Reasonable device for the price, a few features could be better."
FT101323,35-44,Male,Homemaker,Tier 2,10800.0,< 25K,High School,General Fitness,Beginner,3,Medium,8500,7.0,Good,Low,Average,1.7,Low,No,No,No,No,Medium,High,Low,Frequent,No,No,Yes,No,Yes,No,No,Medium,Low,No Preference,340.0,< 3K,2900,Full Payment,Medium,No,2,No,No,Medium,Low,0,28.8,55.5,30.6,27.0,74.1,26.7,36.0,Low,Budget,Low Value,The app keeps crashing and the notifications are unreliable.
FT101324,25-34,Male,Self-Employed,Tier 3,22300.0,< 25K,High School,Weight Loss,Advanced,5,High,8300,7.3,Average,Low,Poor,3.0,Low,No,Yes,No,No,Medium,High,Medium,Minimal,No,No,Yes,Yes,Yes,No,Yes,High,High,Budget / Value,150.0,3K-6K,3400,Full Payment,High,No,3,No,No,High,High,3,44.8,71.3,42.0,55.2,95.3,47.6,55.5,Low,Budget,Medium Value,Sleep tracking data seems wrong and the design feels cheap.
FT101325,45-54,Male,Homemaker,Tier 1,24600.0,< 25K,Diploma,Muscle Gain,Intermediate,3,Medium,4300,6.8,Average,Medium,Good,2.4,Medium,No,Yes,No,No,High,High,Low,Minimal,Yes,Yes,No,No,No,No,No,Medium,High,Budget / Value,1110.0,3K-6K,5000,Full Payment,High,No,4,Yes,No,High,Medium,3,45.9,44.4,41.9,68.0,90.9,63.3,51.4,Moderate,Mid-Range,Medium Value,The battery life is excellent and lasts almost a week on a single charge.
FT101326,25-34,Male,Working Professional,Tier 1,97400.0,50K-1L,High School,Weight Loss,Beginner,1,Low,5300,5.6,Poor,High,Average,3.1,High,No,Yes,No,No,High,High,Medium,Minimal,Yes,Yes,No,Yes,No,No,Yes,High,High,Budget / Value,1990.0,6K-10K,7000,Full Payment,Medium,Yes,4,Yes,No,Low,Medium,1,79.1,23.1,81.2,64.3,57.9,65.2,58.6,High,Mid-Range,Medium Value,Heart rate monitoring feels reliable and the hydration reminders really help.
FT101327,25-34,Male,Working Professional,Tier 2,65900.0,50K-1L,Post Graduate,Weight Loss,Beginner,1,Low,6700,6.5,Poor,Low,Poor,0.5,Medium,No,No,Yes,No,Low,Low,Low,Moderate,Yes,Yes,No,No,Yes,Yes,Yes,High,High,Budget / Value,1680.0,3K-6K,4300,Full Payment,Low,Yes,4,Yes,Yes,High,Low,0,65.0,23.4,63.1,34.7,47.5,59.6,44.6,Moderate,Budget,Medium Value,"Great value for money, the app is smooth and the design looks premium."
FT101328,18-24,Female,Working Professional,Tier 1,33200.0,25K-50K,High School,General Fitness,Beginner,0,Low,5300,5.7,Poor,High,Poor,2.7,High,No,Yes,No,No,High,Medium,Low,Moderate,Yes,No,No,Yes,Yes,Yes,Yes,High,Medium,Premium / Trusted,480.0,6K-10K,7100,Full Payment,Medium,Yes,5,Yes,No,Medium,High,2,85.8,17.0,82.3,57.2,72.2,81.7,67.4,High,Mid-Range,Medium Value,Step counting is accurate and syncing with the app is fast and seamless.
FT101329,18-24,Male,Student,Tier 2,18000.0,< 25K,Graduate,Stress Management,Intermediate,3,Medium,7600,7.1,Average,Medium,Average,1.9,High,No,No,No,No,Medium,High,High,Moderate,Yes,Yes,No,Yes,Yes,No,No,High,High,No Preference,690.0,< 3K,2900,Full Payment,High,No,2,No,No,Medium,Medium,0,53.4,46.9,59.8,28.5,89.4,19.4,38.1,Moderate,Budget,Low Value,Customer support was slow and the device disconnects from the app often.
FT101330,35-44,Male,Working Professional,Tier 1,123400.0,1L-2L,Post Graduate,General Fitness,Intermediate,2,Medium,1000,5.8,Poor,High,Average,2.1,High,No,Yes,Yes,Yes,High,Medium,Medium,Minimal,No,Yes,Yes,No,No,Yes,Yes,High,Medium,Premium / Trusted,1740.0,10K-18K,10300,Full Payment,Medium,Yes,5,Yes,Yes,Low,High,2,76.7,21.0,76.0,83.5,52.0,75.0,65.4,High,Mid-Range,Medium Value,The personalized health reports keep me motivated to stay consistent.
FT101331,25-34,Male,Student,Tier 2,15800.0,< 25K,High School,General Fitness,Beginner,2,Medium,4100,6.4,Poor,Medium,Average,3.4,Medium,No,Yes,Yes,Yes,Medium,High,Low,Minimal,No,No,Yes,Yes,No,Yes,Yes,High,High,Premium / Trusted,520.0,6K-10K,6700,Full Payment,High,No,4,Yes,Yes,Low,Medium,0,65.6,25.5,59.9,74.8,94.0,68.1,62.3,High,Mid-Range,Medium Value,Step counting is accurate and syncing with the app is fast and seamless.
FT101332,25-34,Male,Self-Employed,Tier 1,143800.0,1L-2L,Graduate,Muscle Gain,Beginner,2,Medium,4100,6.6,Average,Medium,Good,2.0,Medium,No,No,No,No,High,High,Low,Moderate,Yes,Yes,No,No,No,Yes,Yes,High,High,Budget / Value,6160.0,3K-6K,5800,Full Payment,Medium,Yes,4,Yes,No,Medium,High,4,45.1,31.6,43.2,51.2,53.8,68.7,46.1,Moderate,Mid-Range,Medium Value,Heart rate monitoring feels reliable and the hydration reminders really help.
FT101333,55+,Male,Working Professional,Tier 1,156500.0,1L-2L,Post Graduate,Stress Management,Beginner,4,High,7500,6.8,Average,High,Poor,2.7,High,No,Yes,No,Yes,Medium,Medium,High,Moderate,No,No,No,Yes,Yes,Yes,No,High,Low,Budget / Value,10070.0,6K-10K,7300,Full Payment,Low,Yes,4,Yes,No,Medium,High,1,64.6,42.5,62.9,50.5,42.3,55.7,56.5,High,Mid-Range,Medium Value,Heart rate monitoring feels reliable and the hydration reminders really help.
FT101334,55+,Female,Retired,Tier 2,41200.0,25K-50K,Graduate,General Fitness,Intermediate,3,Medium,9300,6.1,Poor,High,Average,1.5,Medium,No,No,No,No,Medium,Medium,Medium,Moderate,Yes,No,Yes,Yes,No,Yes,No,High,Low,No Preference,1590.0,3K-6K,5100,Full Payment,Medium,Yes,3,No,No,High,Low,1,74.3,46.6,79.5,24.8,79.8,41.9,36.8,High,Mid-Range,Low Value,"It works as expected, neither impressed nor disappointed so far."
FT101335,45-54,Female,Homemaker,Tier 1,22700.0,< 25K,Diploma,Stress Management,Beginner,0,Low,1100,5.7,Poor,High,Poor,2.3,High,No,No,No,No,Low,Medium,High,Moderate,No,Yes,No,Yes,Yes,No,Yes,High,High,No Preference,510.0,3K-6K,4200,Full Payment,Medium,No,2,No,No,High,Medium,1,92.8,6.6,90.6,16.4,69.1,30.8,33.9,High,Budget,Low Value,The app keeps crashing and the notifications are unreliable.
FT101336,18-24,Male,Student,Tier 1,44000.0,25K-50K,Graduate,General Fitness,Beginner,0,Low,7000,7.5,Good,Medium,Average,2.3,Medium,No,No,Yes,No,High,High,Medium,Moderate,No,Yes,No,No,No,Yes,No,High,Medium,Budget / Value,1950.0,3K-6K,4100,Full Payment,Medium,Yes,3,No,No,High,Medium,0,47.7,38.5,47.9,67.9,71.7,48.8,43.3,Low,Budget,Medium Value,"Design is decent, battery is average, app could improve a little."
FT101337,25-34,Female,Self-Employed,Tier 1,74200.0,50K-1L,Graduate,Muscle Gain,Intermediate,6,High,8900,7.0,Average,Medium,Average,2.3,Medium,No,Yes,No,No,High,High,Medium,Frequent,No,Yes,Yes,Yes,Yes,No,Yes,High,High,No Preference,1710.0,6K-10K,6900,Full Payment,High,No,3,No,No,High,High,2,45.7,59.7,43.9,72.6,87.3,46.7,79.8,Moderate,Mid-Range,Medium Value,"The watch is okay, does the basic job of counting steps."
FT101338,45-54,Male,Homemaker,Tier 1,30400.0,25K-50K,Graduate,General Fitness,Beginner,2,Medium,3800,6.2,Poor,High,Good,2.6,High,No,Yes,No,No,Low,Medium,Medium,Frequent,Yes,Yes,Yes,Yes,No,Yes,No,High,High,No Preference,730.0,3K-6K,5800,Full Payment,Low,No,3,No,Yes,Low,Medium,0,72.5,29.7,62.1,34.5,46.4,46.8,66.5,High,Mid-Range,Medium Value,"Design is decent, battery is average, app could improve a little."
FT101339,25-34,Male,Working Professional,Tier 2,36400.0,25K-50K,High School,Better Sleep,Intermediate,2,Medium,6700,5.6,Poor,High,Average,3.2,High,No,Yes,Yes,Yes,Medium,High,High,Moderate,No,Yes,Yes,Yes,No,No,Yes,Low,Low,No Preference,1700.0,3K-6K,5000,Full Payment,Medium,No,4,Yes,Yes,Medium,Low,3,78.8,39.4,77.6,73.2,61.5,69.8,68.8,High,Mid-Range,Medium Value,"I love the sleep tracking, it is accurate and easy to understand."
FT101340,18-24,Female,Working Professional,Tier 1,41700.0,25K-50K,High School,Medical / Recovery,Intermediate,5,High,10200,5.8,Poor,Medium,Poor,1.6,High,Yes,Yes,Yes,No,High,High,High,Frequent,Yes,Yes,Yes,Yes,Yes,No,No,High,Low,Premium / Trusted,420.0,6K-10K,8800,Full Payment,Low,Yes,5,Yes,No,Medium,Medium,1,66.4,51.0,58.6,86.5,45.9,74.1,84.7,High,Mid-Range,Medium Value,Comfortable to wear all day and the stress tracking is genuinely useful.
FT101341,35-44,Male,Self-Employed,Tier 1,87500.0,50K-1L,Post Graduate,Stress Management,Beginner,3,Medium,7500,5.2,Poor,Medium,Good,1.9,High,No,Yes,No,No,Medium,High,Low,Moderate,Yes,Yes,Yes,Yes,No,Yes,Yes,Medium,High,Budget / Value,2570.0,6K-10K,6000,Full Payment,Low,No,5,Yes,No,Medium,Medium,1,60.6,34.9,51.1,55.5,44.9,75.9,71.1,High,Mid-Range,Medium Value,Step counting is accurate and syncing with the app is fast and seamless.
FT101342,25-34,Female,Self-Employed,Tier 2,43100.0,25K-50K,Diploma,Better Sleep,Intermediate,1,Low,2700,7.4,Good,Low,Good,1.8,Low,No,No,No,No,High,High,Medium,Moderate,No,No,Yes,No,No,No,Yes,Low,Medium,No Preference,1070.0,3K-6K,4000,Full Payment,Medium,No,4,Yes,No,Low,High,0,30.6,36.7,34.4,49.1,80.2,59.8,36.8,Low,Budget,Medium Value,"I love the sleep tracking, it is accurate and easy to understand."
FT101343,25-34,Male,Student,Tier 2,15600.0,< 25K,High School,Weight Loss,Intermediate,2,Medium,6100,6.0,Poor,High,Poor,2.1,High,No,Yes,No,No,High,High,Low,Moderate,Yes,Yes,No,Yes,Yes,No,No,Medium,High,Budget / Value,260.0,3K-6K,3800,Full Payment,Low,Yes,5,Yes,No,Low,Medium,2,82.7,34.3,85.8,62.2,56.5,75.4,64.9,High,Budget,Medium Value,"Great value for money, the app is smooth and the design looks premium."
FT101344,55+,Male,Homemaker,Tier 2,23100.0,< 25K,Graduate,Muscle Gain,Intermediate,3,Medium,4400,5.8,Poor,Low,Good,1.5,Low,No,No,No,No,Low,Medium,High,Frequent,No,Yes,No,Yes,Yes,No,No,Medium,Medium,Budget / Value,930.0,< 3K,2600,Full Payment,Medium,No,2,No,No,Medium,Low,1,48.8,35.8,43.4,22.7,69.1,25.8,38.8,Moderate,Budget,Low Value,Heart rate readings feel inaccurate during workouts and the strap is uncomfortable.
FT101345,25-34,Male,Working Professional,Tier 1,80200.0,50K-1L,Post Graduate,Weight Loss,Intermediate,2,Medium,3800,6.8,Average,Medium,Average,0.6,Medium,Yes,No,No,No,High,High,High,Minimal,Yes,No,No,No,Yes,Yes,Yes,High,Medium,Premium / Trusted,3970.0,6K-10K,7600,Full Payment,High,Yes,2,No,No,High,Medium,0,48.9,43.8,50.7,47.8,81.9,27.6,37.9,Moderate,Mid-Range,Low Value,I am worried about my health data privacy and how it is stored.
FT101346,25-34,Male,Working Professional,Tier 3,19200.0,< 25K,High School,General Fitness,Beginner,1,Low,3900,5.4,Poor,High,Good,1.5,High,No,No,No,No,High,High,Low,Minimal,Yes,Yes,No,Yes,No,No,No,High,Low,No Preference,490.0,< 3K,2500,Full Payment,Low,Yes,3,No,Yes,Low,Medium,0,72.3,18.6,71.6,38.4,51.1,38.8,30.3,High,Budget,Low Value,"Reasonable device for the price, a few features could be better."
FT101347,25-34,Other,Homemaker,Tier 2,16700.0,< 25K,High School,General Fitness,Beginner,2,Medium,3700,6.3,Poor,Medium,Average,2.3,Medium,No,No,Yes,No,Medium,High,Medium,Frequent,Yes,Yes,No,No,No,Yes,Yes,Low,Medium,No Preference,480.0,3K-6K,3500,Full Payment,Medium,No,3,No,No,Low,High,0,65.2,20.5,61.7,56.1,65.9,49.5,54.8,High,Budget,Medium Value,Comfortable to wear all day and the stress tracking is genuinely useful.
FT101348,25-34,Male,Homemaker,Tier 1,36500.0,25K-50K,Graduate,Stress Management,Beginner,0,Low,4900,5.5,Poor,Medium,Poor,2.2,High,No,No,No,No,Medium,High,Medium,Moderate,Yes,Yes,Yes,No,Yes,No,Yes,Low,Low,No Preference,1110.0,3K-6K,4800,Full Payment,Medium,No,3,No,No,High,Medium,1,74.3,20.7,83.5,36.5,67.6,42.6,45.2,High,Budget,Low Value,The app keeps crashing and the notifications are unreliable.
FT101349,18-24,Female,Self-Employed,Tier 3,35700.0,25K-50K,Graduate,Stress Management,Beginner,2,Medium,4200,5.5,Poor,High,Good,2.7,High,No,No,No,Yes,High,High,High,Frequent,Yes,Yes,Yes,No,No,No,Yes,Medium,High,Budget / Value,1520.0,< 3K,1200,Full Payment,Medium,No,3,No,No,Low,Medium,0,72.1,20.7,65.8,44.4,73.1,47.4,50.7,High,Budget,Medium Value,"It works as expected, neither impressed nor disappointed so far."
FT101350,35-44,Female,Working Professional,Tier 2,57500.0,50K-1L,Graduate,Better Sleep,Beginner,3,Medium,5900,5.8,Poor,High,Average,3.0,High,No,Yes,No,No,Low,Low,Medium,Moderate,No,Yes,No,Yes,No,No,No,High,High,No Preference,3140.0,3K-6K,5300,Full Payment,Medium,Yes,3,No,No,Low,Medium,1,76.4,35.2,70.9,43.7,67.9,42.9,49.9,High,Mid-Range,Low Value,The app keeps crashing and the notifications are unreliable.
FT101351,35-44,Female,Working Professional,Tier 2,86100.0,50K-1L,Post Graduate,Muscle Gain,Beginner,2,Medium,3600,6.0,Poor,High,Good,1.9,Medium,No,No,No,No,Medium,Medium,Low,Frequent,No,Yes,No,No,Yes,Yes,Yes,Medium,High,No Preference,1370.0,3K-6K,5500,Full Payment,Medium,Yes,3,No,No,Medium,Medium,1,75.8,25.2,65.7,30.3,63.9,40.8,45.7,High,Mid-Range,Low Value,Heart rate readings feel inaccurate during workouts and the strap is uncomfortable.
FT101352,18-24,Male,Working Professional,Tier 3,40600.0,25K-50K,High School,Better Sleep,Intermediate,3,Medium,8200,5.4,Poor,High,Poor,1.0,High,No,No,No,No,Medium,High,High,Minimal,Yes,Yes,Yes,Yes,No,Yes,Yes,High,Low,No Preference,320.0,3K-6K,4900,Full Payment,Low,No,3,No,Yes,Medium,High,1,79.6,51.0,83.6,25.1,54.8,43.7,38.5,High,Budget,Low Value,"Too expensive for the features offered, the price could be lower."
FT101353,25-34,Male,Self-Employed,Tier 1,53000.0,50K-1L,Diploma,Better Sleep,Beginner,1,Low,2900,8.1,Good,Medium,Average,2.6,Low,No,No,No,No,High,Medium,Low,Frequent,No,No,No,No,Yes,Yes,Yes,Low,Medium,Premium / Trusted,2540.0,6K-10K,6000,Full Payment,High,No,2,No,No,High,Medium,1,49.6,30.0,46.9,46.5,84.0,26.7,47.1,Low,Mid-Range,Low Value,"Too expensive for the features offered, the price could be lower."
FT101354,45-54,Male,Working Professional,Tier 3,46900.0,25K-50K,Graduate,Better Sleep,Advanced,6,High,11700,5.2,Poor,High,Average,2.3,High,No,Yes,No,No,Medium,High,Medium,Frequent,Yes,Yes,No,Yes,No,Yes,No,High,Medium,Premium / Trusted,1290.0,3K-6K,5100,Full Payment,Low,Yes,4,Yes,Yes,Medium,Medium,1,68.5,72.8,65.8,51.1,52.4,72.4,68.0,High,Mid-Range,Medium Value,The battery life is excellent and lasts almost a week on a single charge.
FT101355,18-24,Female,Student,Tier 2,20900.0,< 25K,Diploma,Weight Loss,Intermediate,2,Medium,7100,6.0,Average,Medium,Average,2.1,Medium,Yes,No,No,No,Medium,Medium,Medium,Frequent,No,Yes,Yes,No,No,Yes,Yes,High,Low,No Preference,750.0,3K-6K,4400,Full Payment,Medium,No,3,No,No,Low,High,2,52.6,44.6,51.6,31.0,68.3,48.4,46.0,Moderate,Budget,Medium Value,"It works as expected, neither impressed nor disappointed so far."
FT101356,25-34,Male,Working Professional,Tier 1,75100.0,50K-1L,Graduate,Muscle Gain,Beginner,2,Medium,4400,7.1,Average,Low,Average,3.3,Low,No,Yes,No,No,High,High,High,Minimal,No,Yes,Yes,No,No,Yes,Yes,Medium,Low,Premium / Trusted,3170.0,6K-10K,6600,Full Payment,High,Yes,3,No,No,Medium,Medium,1,42.0,37.8,37.5,59.0,89.4,44.7,56.8,Low,Mid-Range,Low Value,"Design is decent, battery is average, app could improve a little."
FT101357,25-34,Female,Working Professional,Tier 1,109700.0,1L-2L,Post Graduate,Stress Management,Intermediate,3,Medium,6400,4.6,Poor,High,Average,2.7,High,No,Yes,Yes,Yes,Medium,High,Medium,Moderate,No,Yes,No,Yes,No,Yes,Yes,Medium,High,Budget / Value,7540.0,6K-10K,7100,Full Payment,Low,Yes,3,Yes,Yes,Medium,Low,1,76.8,41.5,70.7,76.7,43.9,52.7,70.0,High,Mid-Range,Medium Value,The personalized health reports keep me motivated to stay consistent.
FT101358,35-44,Female,Working Professional,Tier 1,71500.0,50K-1L,Diploma,Medical / Recovery,Beginner,3,Medium,5400,6.0,Poor,Low,Average,2.4,Medium,Yes,Yes,No,No,High,High,Low,Minimal,Yes,No,No,No,No,Yes,No,Medium,Medium,Premium / Trusted,3570.0,6K-10K,8200,Full Payment,Low,No,4,Yes,No,Low,High,1,53.3,31.3,49.6,64.0,48.6,60.0,50.0,Moderate,Mid-Range,Medium Value,"Design is decent, battery is average, app could improve a little."
FT101359,18-24,Male,Student,Tier 3,10600.0,< 25K,Graduate,Weight Loss,Advanced,4,High,8400,6.8,Poor,Medium,Average,2.4,Medium,No,No,No,No,High,Medium,High,Frequent,Yes,Yes,Yes,No,Yes,No,Yes,High,Medium,No Preference,270.0,3K-6K,3800,Full Payment,High,No,3,No,No,Medium,High,1,59.4,57.0,53.0,47.7,92.8,46.8,56.1,High,Budget,Medium Value,"Design is decent, battery is average, app could improve a little."
FT101360,35-44,Female,Working Professional,Tier 1,59400.0,50K-1L,High School,General Fitness,Advanced,4,High,7000,6.3,Poor,High,Average,3.0,High,No,Yes,No,No,Medium,High,High,Minimal,Yes,Yes,No,Yes,No,No,Yes,High,High,Budget / Value,1060.0,3K-6K,5500,Full Payment,Low,No,3,No,Yes,Low,Low,1,69.3,55.4,70.6,49.8,51.5,39.5,53.6,High,Mid-Range,Low Value,"Reasonable device for the price, a few features could be better."
FT101361,25-34,Male,Student,Tier 1,29500.0,25K-50K,Graduate,General Fitness,Intermediate,2,Medium,4400,6.2,Poor,High,Average,1.7,High,Yes,No,No,No,Low,Low,Medium,Moderate,No,No,Yes,Yes,No,Yes,No,Medium,Medium,Premium / Trusted,1200.0,6K-10K,6700,Full Payment,Medium,Yes,2,No,No,High,Low,0,78.2,31.2,72.1,11.7,68.5,15.7,28.0,High,Mid-Range,Low Value,I am worried about my health data privacy and how it is stored.
FT101362,25-34,Female,Self-Employed,Tier 2,66300.0,50K-1L,Graduate,General Fitness,Intermediate,4,High,7500,6.7,Average,Medium,Average,1.6,Low,No,No,Yes,Yes,High,Medium,Medium,Minimal,Yes,Yes,Yes,Yes,No,No,Yes,High,Low,No Preference,2270.0,3K-6K,5500,Full Payment,Low,No,4,Yes,No,Low,High,6,48.8,51.0,45.5,67.0,52.6,54.1,48.9,Moderate,Mid-Range,Medium Value,Sleep tracking data seems wrong and the design feels cheap.
FT101363,18-24,Male,Self-Employed,Tier 2,42900.0,25K-50K,Graduate,Better Sleep,Advanced,4,High,4600,6.1,Poor,Medium,Good,2.3,Medium,No,No,Yes,Yes,High,High,Medium,Moderate,No,Yes,No,Yes,No,No,No,Medium,High,Premium / Trusted,570.0,3K-6K,5700,Full Payment,Medium,No,3,No,Yes,Medium,High,3,51.1,46.4,49.0,60.2,69.4,48.8,40.6,High,Mid-Range,Medium Value,The personalized health reports keep me motivated to stay consistent.
FT101364,25-34,Female,Working Professional,Tier 1,57100.0,50K-1L,High School,Weight Loss,Intermediate,2,Medium,5100,5.9,Poor,High,Average,1.4,Medium,No,No,Yes,Yes,High,Medium,Medium,Moderate,Yes,No,Yes,No,No,No,No,High,Medium,Budget / Value,2000.0,3K-6K,5200,Full Payment,Low,Yes,3,No,Yes,Medium,High,4,73.3,31.3,71.8,60.5,51.6,47.0,40.7,High,Mid-Range,Medium Value,"Average experience overall, nothing special but works fine."
FT101365,25-34,Female,Working Professional,Tier 3,78300.0,50K-1L,Post Graduate,General Fitness,Advanced,4,High,8600,6.0,Poor,High,Average,2.3,High,No,Yes,No,No,High,High,Low,Minimal,Yes,Yes,Yes,Yes,No,No,Yes,Medium,Low,No Preference,5130.0,3K-6K,3300,Full Payment,High,No,5,Yes,No,Medium,High,0,70.8,57.2,63.7,61.3,88.3,87.0,61.9,High,Budget,Medium Value,Step counting is accurate and syncing with the app is fast and seamless.
FT101366,18-24,Female,Student,Tier 2,42200.0,25K-50K,Post Graduate,Stress Management,Beginner,2,Medium,5400,6.3,Average,High,Poor,2.4,Medium,No,No,No,No,Medium,High,Medium,Moderate,No,Yes,No,No,Yes,No,Yes,Low,High,Premium / Trusted,1680.0,6K-10K,6900,Full Payment,Medium,No,2,No,No,Low,Medium,0,71.2,31.8,75.2,36.5,67.4,33.3,36.6,High,Mid-Range,Low Value,The battery drains too quickly and charging takes very long.
FT101367,18-24,Male,Student,Tier 3,24500.0,< 25K,Post Graduate,General Fitness,Advanced,4,High,9100,6.5,Poor,Medium,Poor,2.2,High,No,Yes,No,No,Medium,Medium,Low,Minimal,Yes,No,Yes,Yes,Yes,No,Yes,High,Medium,Premium / Trusted,1580.0,3K-6K,5400,Full Payment,High,No,4,Yes,No,Medium,Medium,2,60.3,58.3,67.7,49.6,93.7,68.3,57.8,High,Mid-Range,Medium Value,"It works as expected, neither impressed nor disappointed so far."
FT101368,18-24,Female,Student,Tier 1,26400.0,25K-50K,Post Graduate,Weight Loss,Intermediate,2,Medium,4500,6.1,Poor,Low,Average,2.0,Low,No,Yes,Yes,No,High,Medium,High,Frequent,No,Yes,Yes,No,No,No,No,High,High,Budget / Value,460.0,3K-6K,4000,Full Payment,Medium,Yes,4,Yes,No,High,High,3,52.5,32.1,53.7,79.9,69.3,62.4,69.5,Moderate,Budget,Medium Value,"Design is decent, battery is average, app could improve a little."
FT101369,25-34,Male,Self-Employed,Tier 1,56900.0,50K-1L,High School,Muscle Gain,Beginner,3,Medium,5500,6.0,Poor,High,Average,3.6,High,Yes,Yes,No,No,High,Medium,High,Frequent,Yes,Yes,No,No,No,Yes,Yes,High,High,No Preference,2400.0,3K-6K,5900,Full Payment,Medium,Yes,4,Yes,No,Medium,High,5,73.2,33.0,71.7,64.4,62.5,62.9,72.7,High,Mid-Range,Medium Value,"Design is decent, battery is average, app could improve a little."
FT101370,18-24,Female,Working Professional,Tier 2,57300.0,50K-1L,Graduate,General Fitness,Advanced,5,High,6500,5.0,Poor,High,Good,3.1,High,No,Yes,No,No,High,High,Low,Minimal,Yes,No,No,No,No,Yes,Yes,High,Medium,Budget / Value,700.0,3K-6K,4500,Full Payment,Medium,No,5,Yes,No,Medium,Medium,2,58.3,54.2,58.6,67.9,69.6,83.5,55.6,High,Budget,Medium Value,Step counting is accurate and syncing with the app is fast and seamless.
FT101371,45-54,Male,Homemaker,Tier 1,30400.0,25K-50K,Diploma,Medical / Recovery,Intermediate,4,High,6700,6.1,Poor,Medium,Good,2.2,Medium,Yes,Yes,Yes,Yes,High,Medium,High,Moderate,No,Yes,No,No,No,No,No,Medium,High,Premium / Trusted,1480.0,6K-10K,6100,Full Payment,Medium,Yes,4,Yes,Yes,Medium,High,4,53.3,51.4,44.6,82.2,80.5,67.3,59.1,High,Mid-Range,Medium Value,"Great value for money, the app is smooth and the design looks premium."
FT101372,25-34,Male,Working Professional,Tier 2,64400.0,50K-1L,Post Graduate,Stress Management,Advanced,5,High,12000,5.4,Poor,Medium,Average,2.4,Medium,No,Yes,No,No,High,High,Low,Moderate,Yes,Yes,Yes,No,No,No,No,Medium,Medium,Premium / Trusted,1490.0,6K-10K,7200,Full Payment,High,No,3,No,No,Medium,High,1,54.5,73.7,54.8,60.2,84.6,51.7,59.9,High,Mid-Range,Medium Value,"Affordable, lightweight and the companion app is very beginner friendly."
FT101373,35-44,Male,Working Professional,Tier 1,47000.0,25K-50K,Diploma,Medical / Recovery,Beginner,1,Low,4600,6.0,Poor,Medium,Average,3.4,Medium,Yes,No,Yes,No,Medium,Medium,Low,Frequent,Yes,Yes,No,No,No,No,Yes,High,High,Budget / Value,3090.0,3K-6K,4000,Full Payment,Medium,Yes,3,No,No,High,Low,0,73.2,23.1,65.0,52.5,72.0,41.6,49.2,High,Budget,Low Value,"Average experience overall, nothing special but works fine."
FT101374,55+,Male,Retired,Tier 2,28500.0,25K-50K,Diploma,Weight Loss,Intermediate,3,Medium,5200,7.3,Good,Medium,Average,1.8,Low,No,Yes,Yes,No,Medium,Low,Low,Frequent,No,No,Yes,Yes,No,No,Yes,High,Medium,Budget / Value,210.0,< 3K,1900,Full Payment,Medium,No,3,No,No,High,High,5,43.6,51.9,45.1,67.1,75.3,48.5,69.3,Low,Budget,Medium Value,"It works as expected, neither impressed nor disappointed so far."
FT101375,18-24,Male,Student,Tier 3,17700.0,< 25K,Graduate,Stress Management,Intermediate,5,High,6700,5.0,Poor,High,Average,1.5,High,No,No,No,No,Medium,Medium,Medium,Moderate,No,Yes,Yes,Yes,No,No,No,High,Low,Budget / Value,730.0,< 3K,1900,Full Payment,High,No,3,No,No,Low,Medium,0,70.7,47.2,69.9,26.4,87.9,38.1,33.1,High,Budget,Low Value,"It works as expected, neither impressed nor disappointed so far."
FT101376,35-44,Female,Self-Employed,Tier 3,27500.0,25K-50K,High School,Muscle Gain,Beginner,3,Medium,3400,5.8,Poor,Medium,Average,2.5,Medium,No,No,No,No,High,Medium,High,Moderate,No,Yes,No,Yes,Yes,Yes,No,High,Low,Budget / Value,1350.0,3K-6K,3100,Full Payment,Medium,No,2,No,No,High,High,5,67.9,25.5,58.1,38.5,69.7,30.4,41.6,High,Budget,Low Value,Customer support was slow and the device disconnects from the app often.
FT101377,45-54,Male,Working Professional,Tier 3,50700.0,50K-1L,Graduate,Stress Management,Intermediate,5,High,7000,6.7,Average,Medium,Average,2.6,Low,Yes,No,Yes,Yes,Low,Medium,Medium,Minimal,No,Yes,No,No,No,Yes,No,Medium,High,No Preference,1540.0,3K-6K,4600,Full Payment,Low,No,1,No,Yes,Medium,Low,0,49.0,55.8,49.8,42.0,55.3,10.1,27.3,Moderate,Budget,Low Value,The battery drains too quickly and charging takes very long.
FT101378,25-34,Female,Self-Employed,Tier 3,34200.0,25K-50K,Diploma,General Fitness,Intermediate,2,Medium,6600,5.6,Poor,High,Average,2.7,Medium,No,No,No,No,Medium,High,High,Moderate,Yes,Yes,Yes,No,No,Yes,No,High,Medium,No Preference,2260.0,3K-6K,3900,Full Payment,Low,No,2,No,Yes,High,High,1,72.9,33.2,73.9,29.8,54.8,33.3,38.6,High,Budget,Low Value,"The watch is okay, does the basic job of counting steps."
FT101379,25-34,Male,Working Professional,Tier 2,71600.0,50K-1L,Graduate,Weight Loss,Beginner,0,Low,2200,5.9,Poor,High,Good,3.0,High,No,No,No,No,Medium,High,Medium,Frequent,No,No,Yes,Yes,No,No,Yes,Medium,Medium,No Preference,1840.0,3K-6K,4300,Full Payment,Medium,Yes,4,Yes,No,Medium,High,2,78.2,10.5,69.2,28.0,67.5,54.3,40.7,High,Budget,Medium Value,"It works as expected, neither impressed nor disappointed so far."
FT101380,25-34,Female,Homemaker,Tier 1,49400.0,25K-50K,Post Graduate,Weight Loss,Intermediate,4,High,5700,7.3,Average,Medium,Average,1.7,Low,No,Yes,No,No,High,High,Low,Frequent,Yes,No,Yes,No,Yes,No,Yes,High,High,No Preference,370.0,6K-10K,7700,Full Payment,Low,Yes,5,Yes,No,High,Medium,1,44.0,56.8,45.3,65.5,44.1,75.5,73.1,Moderate,Mid-Range,Medium Value,Comfortable to wear all day and the stress tracking is genuinely useful.
FT101381,18-24,Female,Self-Employed,Tier 3,38200.0,25K-50K,Graduate,Better Sleep,Beginner,3,Medium,4800,6.7,Poor,Medium,Poor,1.2,Medium,Yes,Yes,No,No,Medium,Medium,Medium,Moderate,Yes,No,Yes,No,Yes,No,No,High,High,Budget / Value,1870.0,3K-6K,3400,Full Payment,Low,No,4,Yes,No,Low,Medium,2,73.5,30.9,74.9,53.0,49.4,64.9,57.4,High,Budget,Medium Value,The battery life is excellent and lasts almost a week on a single charge.
FT101382,25-34,Male,Working Professional,Tier 3,37100.0,25K-50K,Diploma,Better Sleep,Intermediate,5,High,9700,5.6,Poor,High,Average,1.8,Medium,No,Yes,No,No,Medium,Low,Medium,Minimal,Yes,No,Yes,No,Yes,Yes,No,High,High,No Preference,1400.0,3K-6K,3000,Full Payment,Low,No,3,No,No,Medium,Medium,1,68.7,62.2,68.7,51.0,53.9,51.5,54.0,High,Budget,Medium Value,"It works as expected, neither impressed nor disappointed so far."
FT101383,55+,Female,Working Professional,Tier 3,44300.0,25K-50K,High School,Weight Loss,Advanced,5,High,8400,6.7,Average,Low,Good,2.8,Medium,Yes,No,No,No,Low,Low,Medium,Moderate,Yes,Yes,No,Yes,Yes,Yes,No,High,High,Premium / Trusted,1610.0,6K-10K,6000,Full Payment,Low,No,2,No,Yes,Medium,Low,0,24.4,71.9,30.1,0.2,38.4,31.5,32.5,Low,Mid-Range,Low Value,I am worried about my health data privacy and how it is stored.
FT101384,55+,Female,Retired,Tier 2,25400.0,25K-50K,High School,Muscle Gain,Beginner,2,Medium,4100,6.1,Poor,High,Poor,1.6,High,No,No,No,No,Low,Medium,Medium,Moderate,Yes,Yes,Yes,Yes,Yes,Yes,Yes,Medium,Medium,Budget / Value,1080.0,3K-6K,3000,Full Payment,High,No,4,Yes,No,Low,Low,3,83.9,21.8,79.6,15.1,94.9,56.4,46.3,High,Budget,Medium Value,Comfortable to wear all day and the stress tracking is genuinely useful.
FT101385,18-24,Female,Working Professional,Tier 1,57600.0,50K-1L,High School,Stress Management,Beginner,2,Medium,4600,5.8,Poor,High,Good,0.8,High,Yes,Yes,Yes,Yes,High,Medium,Low,Frequent,No,No,Yes,No,Yes,No,No,High,Medium,Premium / Trusted,2890.0,6K-10K,9900,EMI,Medium,Yes,5,Yes,Yes,Medium,Medium,1,68.2,25.9,61.7,78.5,73.3,74.1,69.0,High,Mid-Range,Medium Value,"I love the sleep tracking, it is accurate and easy to understand."
FT101386,35-44,Male,Homemaker,Tier 3,18500.0,< 25K,Graduate,Muscle Gain,Beginner,2,Medium,9200,6.8,Average,Low,Good,2.4,Medium,No,No,No,No,Medium,Medium,Medium,Moderate,No,No,No,No,No,Yes,Yes,Medium,Low,Budget / Value,580.0,3K-6K,3200,Full Payment,Medium,No,2,No,No,Low,Medium,1,37.0,41.3,33.5,29.3,80.4,28.0,29.8,Low,Budget,Low Value,"It works as expected, neither impressed nor disappointed so far."
FT101387,25-34,Male,Self-Employed,Tier 3,30700.0,25K-50K,Diploma,General Fitness,Beginner,2,Medium,7400,7.2,Good,Low,Average,1.8,Low,No,Yes,No,No,Medium,Medium,Medium,Moderate,Yes,Yes,Yes,Yes,No,Yes,Yes,High,Medium,No Preference,290.0,< 3K,2300,Full Payment,High,Yes,4,Yes,No,High,Low,2,33.2,46.4,32.6,49.3,96.1,58.2,69.0,Low,Budget,Medium Value,"Design is decent, battery is average, app could improve a little."
FT101388,45-54,Female,Self-Employed,Tier 2,41000.0,25K-50K,Diploma,Better Sleep,Advanced,5,High,11100,6.3,Average,Medium,Average,0.9,Medium,Yes,No,No,No,Low,Low,High,Moderate,Yes,Yes,Yes,Yes,No,No,No,High,Medium,No Preference,380.0,< 3K,2300,Full Payment,Medium,No,1,No,No,Medium,Low,1,40.9,75.2,43.9,0.3,72.2,6.7,28.2,Moderate,Budget,Low Value,Sleep tracking data seems wrong and the design feels cheap.
FT101389,18-24,Male,Student,Tier 3,12300.0,< 25K,Diploma,Muscle Gain,Beginner,0,Low,800,6.1,Poor,Medium,Poor,2.4,High,No,Yes,No,No,Medium,High,Medium,Moderate,Yes,Yes,Yes,Yes,No,Yes,Yes,High,Medium,No Preference,110.0,< 3K,2800,Full Payment,Low,Yes,4,Yes,Yes,Low,Medium,0,76.3,13.4,75.4,51.3,57.7,65.5,69.7,High,Budget,Medium Value,"It works as expected, neither impressed nor disappointed so far."
FT101390,45-54,Female,Self-Employed,Tier 2,61500.0,50K-1L,Post Graduate,Stress Management,Beginner,1,Low,3800,5.5,Poor,High,Poor,2.0,High,No,No,No,Yes,Low,Low,Low,Moderate,Yes,No,No,No,Yes,No,No,High,Medium,Budget / Value,4320.0,< 3K,1900,Full Payment,Medium,No,1,No,No,Medium,Low,1,90.2,20.3,84.7,11.4,66.9,3.7,23.6,High,Budget,Low Value,Sleep tracking data seems wrong and the design feels cheap.
FT101391,35-44,Male,Self-Employed,Tier 3,24700.0,< 25K,High School,Muscle Gain,Beginner,0,Low,1800,7.0,Average,Medium,Average,3.6,Low,No,Yes,Yes,No,Low,Low,High,Moderate,No,No,No,No,No,Yes,No,High,High,Budget / Value,1410.0,< 3K,2400,Full Payment,High,Yes,3,No,No,Low,Low,0,57.7,19.2,60.6,56.3,89.5,35.5,50.0,Moderate,Budget,Low Value,"Reasonable device for the price, a few features could be better."
FT101392,18-24,Female,Student,Tier 1,19000.0,< 25K,Diploma,Stress Management,Intermediate,1,Low,5100,6.3,Poor,Medium,Good,2.4,Medium,No,No,No,No,High,High,Low,Moderate,No,Yes,Yes,Yes,No,Yes,No,Medium,Medium,Budget / Value,560.0,3K-6K,5400,Full Payment,Low,No,2,No,No,Low,High,3,63.7,27.8,58.9,52.0,55.6,28.1,46.3,High,Mid-Range,Low Value,"Average experience overall, nothing special but works fine."
FT101393,18-24,Male,Student,Tier 3,15100.0,< 25K,Graduate,Weight Loss,Intermediate,3,Medium,8200,4.8,Poor,High,Good,2.8,High,No,No,No,No,Low,Medium,Low,Frequent,Yes,No,Yes,Yes,Yes,Yes,Yes,Medium,High,No Preference,720.0,< 3K,2300,Full Payment,High,No,3,No,Yes,Medium,Low,1,70.4,41.1,66.9,19.9,89.5,45.7,50.7,High,Budget,Medium Value,"The watch is okay, does the basic job of counting steps."
FT101394,35-44,Male,Self-Employed,Tier 1,58900.0,50K-1L,High School,Better Sleep,Beginner,1,Low,4700,6.0,Poor,Medium,Poor,2.3,Low,No,Yes,Yes,No,Medium,High,Medium,Minimal,No,Yes,No,Yes,Yes,No,Yes,High,High,Premium / Trusted,590.0,6K-10K,8700,EMI,Medium,Yes,3,No,No,Low,Low,1,71.5,23.8,76.4,76.7,66.9,52.1,63.0,High,Mid-Range,Medium Value,Customer support was slow and the device disconnects from the app often.
FT101395,18-24,Other,Working Professional,Tier 1,104400.0,1L-2L,Post Graduate,General Fitness,Beginner,2,Medium,3600,5.8,Poor,Medium,Average,1.8,High,No,No,Yes,Yes,High,High,Low,Minimal,Yes,No,No,Yes,No,No,No,Medium,High,Premium / Trusted,5160.0,6K-10K,9600,EMI,Medium,Yes,4,Yes,No,Medium,High,3,68.5,23.9,61.2,59.9,72.3,62.3,33.5,High,Mid-Range,Medium Value,Heart rate monitoring feels reliable and the hydration reminders really help.
FT101396,25-34,Female,Working Professional,Tier 1,34500.0,25K-50K,High School,Better Sleep,Beginner,3,Medium,5100,5.1,Poor,High,Average,1.9,High,Yes,Yes,No,No,Medium,High,Medium,Minimal,Yes,Yes,No,Yes,No,Yes,Yes,Medium,Low,Budget / Value,1220.0,6K-10K,6500,Full Payment,Low,No,3,Yes,Yes,Medium,Medium,1,77.6,32.9,68.5,53.3,49.2,52.7,59.1,High,Mid-Range,Medium Value,"It works as expected, neither impressed nor disappointed so far."
FT101397,45-54,Female,Homemaker,Tier 2,29500.0,25K-50K,Graduate,Better Sleep,Beginner,3,Medium,7400,6.9,Poor,Medium,Average,3.2,Medium,No,No,No,No,Low,Medium,Medium,Moderate,Yes,Yes,Yes,No,No,Yes,No,Medium,Medium,Premium / Trusted,1060.0,6K-10K,6000,Full Payment,Low,Yes,2,No,No,Low,Medium,0,61.7,40.9,62.7,15.1,53.6,29.6,33.4,High,Mid-Range,Low Value,"Too expensive for the features offered, the price could be lower."
FT101398,25-34,Female,Working Professional,Tier 1,93900.0,50K-1L,Graduate,Muscle Gain,Beginner,3,Medium,7600,7.6,Good,High,Average,2.3,Medium,No,Yes,Yes,Yes,High,High,High,Moderate,No,No,Yes,No,No,Yes,Yes,Medium,Medium,Premium / Trusted,1130.0,6K-10K,8900,EMI,Medium,No,3,No,Yes,Low,High,2,50.9,49.4,52.4,83.6,58.2,52.0,68.1,Moderate,Mid-Range,Medium Value,Step counting is accurate and syncing with the app is fast and seamless.
FT101399,25-34,Male,Working Professional,Tier 3,43200.0,25K-50K,Post Graduate,Muscle Gain,Intermediate,2,Medium,5500,3.7,Poor,High,Good,1.1,High,No,Yes,No,Yes,Medium,Medium,Medium,Moderate,Yes,No,No,Yes,Yes,Yes,Yes,High,High,No Preference,1330.0,3K-6K,3000,Full Payment,High,No,4,Yes,Yes,Medium,High,3,72.2,37.4,61.3,55.9,86.4,63.5,67.0,High,Budget,Medium Value,"The watch is okay, does the basic job of counting steps."
FT101400,25-34,Male,Working Professional,Tier 2,78500.0,50K-1L,Graduate,Weight Loss,Intermediate,1,Low,4300,6.2,Poor,Medium,Average,1.3,Medium,No,Yes,No,No,Low,High,High,Minimal,Yes,No,No,Yes,No,Yes,Yes,Low,Medium,No Preference,1400.0,6K-10K,6400,Full Payment,High,Yes,3,No,No,Medium,Medium,1,70.1,30.9,67.8,41.3,82.4,48.9,50.6,High,Mid-Range,Medium Value,"The watch is okay, does the basic job of counting steps."
FT101401,18-24,Male,Student,Tier 3,10400.0,< 25K,Graduate,General Fitness,Beginner,3,Medium,6400,6.2,Poor,Medium,Poor,1.3,High,No,Yes,No,No,High,Medium,High,Frequent,Yes,No,No,Yes,Yes,Yes,Yes,Medium,High,Budget / Value,70.0,< 3K,1700,Full Payment,High,No,3,No,No,Low,Medium,0,71.8,33.8,67.7,65.3,92.8,42.2,77.3,High,Budget,Low Value,"Too expensive for the features offered, the price could be lower."
FT101402,55+,Male,Homemaker,Tier 1,46500.0,25K-50K,Graduate,Muscle Gain,Intermediate,5,High,9000,6.6,Poor,Low,Average,3.1,Low,Yes,No,No,No,Low,Medium,Medium,Moderate,Yes,Yes,No,No,No,No,No,Low,Low,Premium / Trusted,1360.0,6K-10K,8200,Full Payment,High,No,2,No,No,Low,Medium,0,47.9,54.1,39.3,12.4,85.7,27.1,23.9,Moderate,Mid-Range,Low Value,The battery drains too quickly and charging takes very long.
FT101403,25-34,Male,Working Professional,Tier 1,89800.0,50K-1L,Graduate,Weight Loss,Intermediate,5,High,9800,6.6,Average,Medium,Poor,0.9,Low,No,Yes,No,No,High,High,Low,Minimal,Yes,Yes,Yes,Yes,Yes,No,Yes,High,Low,No Preference,1100.0,6K-10K,6000,Full Payment,High,Yes,3,No,No,High,Medium,0,53.8,69.7,55.5,64.1,83.2,50.2,67.1,Moderate,Mid-Range,Medium Value,Comfortable to wear all day and the stress tracking is genuinely useful.
FT101404,18-24,Female,Student,Tier 2,11800.0,< 25K,Graduate,Weight Loss,Beginner,2,Medium,6300,7.2,Good,Low,Good,2.9,Low,No,Yes,No,No,Medium,High,High,Moderate,No,Yes,Yes,Yes,No,Yes,No,High,High,No Preference,170.0,< 3K,2800,Full Payment,Low,No,2,No,No,High,Low,1,17.7,42.2,21.3,48.6,52.6,27.1,60.2,Low,Budget,Low Value,Heart rate readings feel inaccurate during workouts and the strap is uncomfortable.
FT101405,18-24,Male,Working Professional,Tier 2,67600.0,50K-1L,Graduate,Medical / Recovery,Beginner,0,Low,3000,5.7,Poor,High,Good,2.6,Medium,Yes,Yes,No,No,Medium,Medium,High,Moderate,Yes,Yes,No,No,Yes,Yes,No,Medium,High,Premium / Trusted,1750.0,6K-10K,7200,Full Payment,High,Yes,3,No,No,Medium,High,3,74.0,14.4,72.9,56.1,86.1,49.4,62.8,High,Mid-Range,Medium Value,Sleep tracking data seems wrong and the design feels cheap.
FT101406,55+,Male,Homemaker,Tier 2,23000.0,< 25K,Graduate,General Fitness,Intermediate,4,High,7300,7.1,Good,Low,Poor,2.4,Low,No,No,No,No,Low,Low,Medium,Frequent,Yes,No,Yes,Yes,Yes,No,No,High,Medium,No Preference,680.0,3K-6K,3100,Full Payment,High,No,1,No,Yes,Medium,Low,1,32.4,56.0,40.9,7.5,85.2,13.1,37.8,Low,Budget,Low Value,"Average experience overall, nothing special but works fine."
FT101407,18-24,Male,Working Professional,Tier 3,31600.0,25K-50K,Diploma,General Fitness,Beginner,2,Medium,5000,6.2,Poor,High,Average,1.9,Medium,No,Yes,No,No,Medium,High,Medium,Frequent,No,Yes,Yes,No,No,Yes,Yes,High,Low,Premium / Trusted,690.0,3K-6K,4100,Full Payment,Medium,No,4,Yes,No,Low,Medium,1,77.5,27.5,69.2,50.6,65.4,64.7,67.9,High,Budget,Medium Value,"Affordable, lightweight and the companion app is very beginner friendly."
FT101408,45-54,Male,Working Professional,Tier 3,30200.0,25K-50K,Diploma,Weight Loss,Intermediate,5,High,7100,6.5,Average,Medium,Good,3.3,High,No,No,No,No,Low,Medium,Medium,Frequent,Yes,Yes,No,No,No,Yes,No,Medium,High,Budget / Value,1730.0,< 3K,2300,Full Payment,High,Yes,2,No,No,High,Medium,0,38.7,58.5,38.4,17.9,94.2,32.3,37.1,Moderate,Budget,Low Value,Heart rate readings feel inaccurate during workouts and the strap is uncomfortable.
FT101409,35-44,Male,Self-Employed,Tier 2,55900.0,50K-1L,Graduate,Muscle Gain,Intermediate,5,High,7100,6.6,Average,Medium,Average,2.4,Medium,Yes,No,No,No,Low,Medium,Low,Moderate,Yes,No,No,Yes,No,Yes,Yes,Medium,High,No Preference,3190.0,< 3K,2200,Full Payment,High,Yes,1,No,No,Medium,Medium,0,46.0,54.7,43.3,20.1,85.9,14.3,35.2,Moderate,Budget,Low Value,The battery drains too quickly and charging takes very long.
FT101410,35-44,Female,Working Professional,Tier 3,25400.0,25K-50K,High School,General Fitness,Advanced,6,High,10600,5.9,Poor,Medium,Average,1.1,Medium,No,No,No,No,Medium,High,High,Frequent,Yes,No,Yes,No,No,Yes,No,Medium,Medium,No Preference,540.0,3K-6K,4800,Full Payment,Low,No,2,No,Yes,Low,Medium,0,61.6,73.2,55.2,28.5,53.9,31.1,40.8,High,Budget,Low Value,The battery drains too quickly and charging takes very long.
FT101411,55+,Male,Retired,Tier 2,24700.0,< 25K,Graduate,Stress Management,Beginner,1,Low,2800,7.2,Average,High,Good,1.3,Medium,No,No,No,No,Low,Medium,Medium,Minimal,Yes,Yes,Yes,No,No,Yes,No,High,Medium,Budget / Value,830.0,< 3K,2000,Full Payment,Low,No,4,Yes,Yes,Medium,Medium,1,67.4,22.6,56.2,23.1,54.7,64.0,29.2,High,Budget,Medium Value,The battery life is excellent and lasts almost a week on a single charge.
FT101412,45-54,Female,Self-Employed,Tier 2,49600.0,25K-50K,High School,General Fitness,Beginner,0,Low,4500,6.2,Poor,High,Poor,1.0,Medium,No,Yes,Yes,No,High,High,Medium,Moderate,Yes,No,No,No,No,No,No,Medium,Medium,Premium / Trusted,2320.0,6K-10K,7300,Full Payment,High,No,5,Yes,No,Low,High,1,89.2,10.4,89.0,88.6,89.2,85.3,61.3,High,Mid-Range,Medium Value,"Affordable, lightweight and the companion app is very beginner friendly."
FT101413,45-54,Female,Self-Employed,Tier 1,76600.0,50K-1L,Graduate,Weight Loss,Advanced,6,High,9500,6.8,Average,Medium,Average,3.3,Low,No,No,No,No,Medium,Low,Medium,Moderate,No,No,Yes,Yes,No,No,Yes,Medium,Medium,Premium / Trusted,1280.0,6K-10K,8400,EMI,Medium,Yes,4,Yes,No,Low,Medium,1,48.8,72.8,44.8,36.7,61.2,62.3,36.7,Moderate,Mid-Range,Medium Value,"Reasonable device for the price, a few features could be better."
FT101414,18-24,Female,Student,Tier 1,24400.0,< 25K,Graduate,General Fitness,Beginner,0,Low,4500,6.2,Average,Medium,Poor,3.4,Medium,No,No,Yes,Yes,High,High,Medium,Moderate,No,No,No,Yes,No,No,Yes,Medium,Medium,Premium / Trusted,1080.0,6K-10K,8600,EMI,Low,No,3,No,No,Medium,Medium,0,65.4,25.9,74.5,73.6,45.0,43.3,45.3,Moderate,Mid-Range,Low Value,Heart rate readings feel inaccurate during workouts and the strap is uncomfortable.
FT101415,35-44,Female,Self-Employed,Tier 1,61400.0,50K-1L,Graduate,Weight Loss,Beginner,3,Medium,7400,6.1,Poor,High,Average,3.2,Medium,No,No,Yes,Yes,Low,High,High,Minimal,Yes,Yes,No,No,No,No,No,Medium,Medium,No Preference,2040.0,3K-6K,4500,Full Payment,Medium,No,2,No,No,Low,Low,0,77.7,33.9,65.9,38.2,66.6,29.8,25.9,High,Budget,Low Value,The battery drains too quickly and charging takes very long.
FT101416,25-34,Male,Working Professional,Tier 2,78400.0,50K-1L,Graduate,Better Sleep,Intermediate,1,Low,5600,6.8,Poor,Low,Good,2.2,Medium,No,No,No,No,Low,Medium,High,Minimal,Yes,No,Yes,Yes,No,No,No,High,Low,No Preference,630.0,3K-6K,5200,Full Payment,Medium,No,1,No,No,Low,Low,0,51.4,38.1,49.0,19.2,66.5,13.2,23.6,Moderate,Mid-Range,Low Value,"Too expensive for the features offered, the price could be lower."
FT101417,25-34,Male,Working Professional,Tier 2,29200.0,25K-50K,High School,Weight Loss,Beginner,2,Medium,4300,5.8,Poor,Low,Average,1.2,Medium,Yes,Yes,Yes,No,Medium,High,Medium,Frequent,No,No,Yes,No,No,No,Yes,High,High,Budget / Value,600.0,< 3K,2300,Full Payment,High,Yes,3,No,No,Medium,Medium,0,50.0,26.5,52.4,73.3,96.7,52.1,67.2,Moderate,Budget,Medium Value,"The watch is okay, does the basic job of counting steps."
FT101418,45-54,Male,Working Professional,Tier 1,58900.0,50K-1L,High School,Weight Loss,Intermediate,4,High,8100,5.4,Poor,High,Average,1.5,High,No,No,No,No,High,Medium,High,Moderate,Yes,No,No,No,No,Yes,Yes,Medium,High,No Preference,1080.0,3K-6K,5900,Full Payment,Medium,Yes,3,No,No,Medium,High,0,75.6,56.3,67.6,44.1,76.4,45.5,39.3,High,Mid-Range,Medium Value,"It works as expected, neither impressed nor disappointed so far."
FT101419,55+,Female,Retired,Tier 2,33900.0,25K-50K,Graduate,General Fitness,Advanced,5,High,9800,5.6,Poor,High,Poor,1.5,High,No,Yes,No,No,High,Medium,Low,Frequent,Yes,Yes,No,No,Yes,No,Yes,High,High,Budget / Value,2010.0,< 3K,1800,Full Payment,High,Yes,4,Yes,Yes,Medium,Medium,3,82.4,61.5,73.4,61.5,92.0,67.9,71.7,High,Budget,Medium Value,The personalized health reports keep me motivated to stay consistent.
FT101420,35-44,Female,Self-Employed,Tier 1,86200.0,50K-1L,Post Graduate,Weight Loss,Intermediate,2,Medium,2400,6.2,Poor,Medium,Good,2.3,Medium,No,Yes,No,No,Medium,Medium,Low,Moderate,Yes,Yes,Yes,No,No,No,No,High,High,Premium / Trusted,3040.0,6K-10K,8500,Full Payment,High,Yes,3,No,Yes,High,Medium,1,57.8,24.0,57.8,48.4,84.4,49.8,55.8,High,Mid-Range,Medium Value,"Reasonable device for the price, a few features could be better."
FT101421,25-34,Male,Student,Tier 1,22200.0,< 25K,Graduate,Muscle Gain,Beginner,0,Low,6100,5.3,Poor,High,Poor,3.4,High,No,No,Yes,No,Medium,High,High,Minimal,No,Yes,Yes,No,Yes,Yes,Yes,Medium,Medium,No Preference,420.0,6K-10K,6400,Full Payment,Medium,Yes,3,No,No,Low,Medium,1,89.4,20.0,87.9,54.1,72.3,40.0,44.4,High,Mid-Range,Low Value,The battery drains too quickly and charging takes very long.
FT101422,25-34,Male,Self-Employed,Tier 3,35100.0,25K-50K,Graduate,General Fitness,Advanced,4,High,11500,6.7,Average,Low,Average,3.4,Medium,Yes,No,Yes,Yes,Medium,High,Medium,Minimal,No,No,No,No,No,No,No,High,Medium,Budget / Value,1260.0,< 3K,2400,Full Payment,Medium,Yes,2,No,Yes,Medium,Medium,0,34.7,66.7,34.4,56.7,71.0,23.2,23.8,Low,Budget,Low Value,I am worried about my health data privacy and how it is stored.
FT101423,25-34,Female,Working Professional,Tier 2,64800.0,50K-1L,Graduate,Medical / Recovery,Intermediate,3,Medium,8000,6.8,Poor,High,Poor,1.9,Medium,Yes,Yes,No,No,Medium,Medium,High,Moderate,Yes,Yes,Yes,No,Yes,No,No,High,Medium,Budget / Value,2260.0,3K-6K,5000,Full Payment,Low,Yes,4,Yes,No,Medium,High,2,82.8,43.7,75.6,54.8,45.9,56.8,62.3,High,Mid-Range,Medium Value,"Design is decent, battery is average, app could improve a little."
FT101424,25-34,Female,Working Professional,Tier 1,96700.0,50K-1L,Graduate,Weight Loss,Beginner,3,Medium,7800,5.7,Poor,High,Average,0.5,High,No,No,No,No,High,High,Medium,Minimal,Yes,Yes,No,Yes,No,Yes,No,High,High,No Preference,3230.0,6K-10K,7400,Full Payment,Low,No,4,Yes,No,Low,High,1,75.9,42.3,73.8,39.2,50.5,55.5,34.9,High,Mid-Range,Medium Value,"The watch is okay, does the basic job of counting steps."
FT101425,25-34,Female,Working Professional,Tier 2,53100.0,50K-1L,Graduate,Muscle Gain,Intermediate,2,Medium,6300,5.6,Poor,Medium,Average,1.4,High,No,Yes,No,Yes,High,High,Low,Minimal,Yes,No,Yes,Yes,No,Yes,Yes,High,Low,Premium / Trusted,1000.0,6K-10K,6900,Full Payment,High,Yes,4,Yes,Yes,Low,High,3,67.2,35.8,66.1,62.1,86.8,71.3,62.2,High,Mid-Range,Medium Value,"Average experience overall, nothing special but works fine."
FT101426,18-24,Female,Working Professional,Tier 1,89100.0,50K-1L,Graduate,Stress Management,Beginner,2,Medium,4600,5.5,Poor,Medium,Average,3.3,Low,No,Yes,Yes,Yes,High,High,Medium,Moderate,Yes,No,Yes,Yes,Yes,Yes,Yes,High,High,Budget / Value,3920.0,3K-6K,4800,Full Payment,High,No,5,Yes,Yes,Low,High,3,60.5,21.0,58.5,100.0,85.8,83.3,86.7,High,Budget,Medium Value,The battery life is excellent and lasts almost a week on a single charge.
FT101427,18-24,Female,Student,Tier 2,16200.0,< 25K,High School,Weight Loss,Beginner,0,Low,2800,6.6,Average,Low,Average,2.5,Low,No,No,Yes,Yes,High,High,Low,Moderate,No,No,Yes,Yes,No,Yes,No,High,High,Premium / Trusted,830.0,3K-6K,5100,Full Payment,Low,Yes,3,No,No,Medium,Low,1,43.6,19.9,46.7,71.0,55.4,50.8,48.7,Low,Mid-Range,Medium Value,"Too expensive for the features offered, the price could be lower."
FT101428,35-44,Female,Working Professional,Tier 3,18900.0,< 25K,High School,Muscle Gain,Intermediate,4,High,9100,5.0,Poor,High,Average,2.0,High,Yes,Yes,Yes,No,High,Medium,Medium,Moderate,Yes,No,No,No,No,No,No,High,High,Premium / Trusted,690.0,3K-6K,5300,Full Payment,Medium,Yes,5,Yes,Yes,Medium,High,3,72.8,55.8,60.7,82.4,63.7,74.5,59.1,High,Mid-Range,Medium Value,"I love the sleep tracking, it is accurate and easy to understand."
FT101429,25-34,Male,Self-Employed,Tier 2,57700.0,50K-1L,Graduate,Better Sleep,Beginner,0,Low,1200,7.2,Good,Low,Average,2.0,Low,No,No,No,No,Low,High,Medium,Minimal,Yes,No,Yes,No,Yes,Yes,No,High,High,No Preference,790.0,3K-6K,4200,Full Payment,Medium,No,1,No,No,Medium,Medium,0,35.5,14.9,40.6,19.8,64.6,11.0,28.1,Low,Budget,Low Value,Heart rate readings feel inaccurate during workouts and the strap is uncomfortable.
FT101430,45-54,Male,Self-Employed,Tier 2,45500.0,25K-50K,Graduate,Stress Management,Beginner,4,High,5500,6.7,Poor,High,Average,1.7,Medium,No,No,No,No,Medium,Medium,Medium,Frequent,No,No,No,Yes,No,No,Yes,High,High,Budget / Value,1050.0,3K-6K,3000,Full Payment,High,No,3,No,No,Low,Medium,0,73.9,32.4,64.5,33.9,90.7,50.1,38.4,High,Budget,Medium Value,"The watch is okay, does the basic job of counting steps."
FT101431,25-34,Female,Working Professional,Tier 1,70100.0,50K-1L,Graduate,Medical / Recovery,Intermediate,3,Medium,5600,5.4,Poor,High,Good,1.3,High,Yes,Yes,Yes,Yes,Medium,High,Medium,Frequent,No,Yes,No,No,Yes,No,Yes,Low,High,Budget / Value,1810.0,3K-6K,5500,Full Payment,High,No,4,Yes,No,Medium,Low,2,69.9,39.6,66.9,71.7,91.5,69.2,71.0,High,Mid-Range,Medium Value,Step counting is accurate and syncing with the app is fast and seamless.
FT101432,18-24,Female,Student,Tier 2,17600.0,< 25K,Diploma,Stress Management,Beginner,0,Low,4200,6.1,Poor,High,Average,4.0,Medium,No,No,No,No,High,High,Medium,Frequent,No,Yes,Yes,No,Yes,No,Yes,High,Medium,No Preference,1140.0,3K-6K,5000,Full Payment,Medium,No,4,Yes,No,Low,Medium,1,89.4,12.7,87.5,54.4,74.0,72.4,54.2,High,Mid-Range,Medium Value,"Average experience overall, nothing special but works fine."
FT101433,18-24,Male,Working Professional,Tier 1,63000.0,50K-1L,Diploma,General Fitness,Intermediate,2,Medium,3600,5.9,Poor,Medium,Poor,3.7,Medium,No,Yes,Yes,No,High,High,High,Minimal,Yes,Yes,No,No,Yes,Yes,Yes,Medium,High,Budget / Value,2810.0,3K-6K,5600,Full Payment,Medium,No,5,Yes,No,High,High,1,70.2,30.0,70.0,95.9,70.8,88.7,74.0,High,Mid-Range,Medium Value,Heart rate monitoring feels reliable and the hydration reminders really help.
FT101434,18-24,Female,Student,Tier 1,26100.0,25K-50K,Post Graduate,Better Sleep,Beginner,0,Low,2600,5.3,Poor,High,Poor,1.6,High,No,No,Yes,No,High,High,Low,Frequent,No,No,No,No,Yes,Yes,No,High,High,Budget / Value,1780.0,3K-6K,4000,Full Payment,Medium,Yes,3,No,Yes,Low,Medium,0,92.4,16.9,87.6,68.5,67.9,47.7,50.5,High,Budget,Medium Value,The app keeps crashing and the notifications are unreliable.
FT101435,55+,Male,Retired,Tier 3,30700.0,25K-50K,Diploma,Weight Loss,Intermediate,2,Medium,5000,7.0,Average,Low,Poor,0.9,Medium,No,No,No,No,Low,Medium,Low,Moderate,Yes,No,Yes,No,Yes,No,No,Low,High,No Preference,750.0,3K-6K,3000,Full Payment,Medium,No,3,No,No,High,Low,0,49.5,38.6,50.3,8.3,71.9,37.5,26.8,Low,Budget,Low Value,The battery life is excellent and lasts almost a week on a single charge.
FT101436,18-24,Female,Working Professional,Tier 2,98400.0,50K-1L,Post Graduate,Muscle Gain,Advanced,5,High,6700,6.2,Poor,Medium,Average,2.4,Low,No,No,No,No,Medium,High,Low,Minimal,No,Yes,No,No,No,Yes,Yes,Medium,High,No Preference,5550.0,6K-10K,6300,Full Payment,High,Yes,2,No,No,High,Low,1,54.8,58.9,54.6,36.4,78.7,33.4,29.6,High,Mid-Range,Low Value,"Too expensive for the features offered, the price could be lower."
FT101437,25-34,Male,Working Professional,Tier 2,24900.0,< 25K,High School,Stress Management,Beginner,1,Low,800,5.4,Poor,High,Poor,2.2,High,No,No,No,No,Medium,Medium,Medium,Moderate,Yes,Yes,No,Yes,Yes,No,No,Medium,High,No Preference,1470.0,3K-6K,4500,Full Payment,Low,Yes,3,No,Yes,High,Medium,0,90.2,14.2,89.0,32.2,56.3,41.3,39.4,High,Budget,Low Value,The app keeps crashing and the notifications are unreliable.
FT101438,45-54,Female,Working Professional,Tier 1,63000.0,50K-1L,Graduate,Better Sleep,Intermediate,2,Medium,3400,4.6,Poor,High,Poor,2.8,High,No,No,No,Yes,Medium,High,Low,Frequent,Yes,Yes,Yes,Yes,No,No,No,High,Medium,Premium / Trusted,4290.0,6K-10K,7700,Full Payment,Low,No,3,No,Yes,High,Medium,0,85.8,27.6,85.0,35.0,49.1,49.9,47.4,High,Mid-Range,Medium Value,"Design is decent, battery is average, app could improve a little."
FT101439,55+,Male,Retired,Tier 3,32300.0,25K-50K,Graduate,Better Sleep,Beginner,0,Low,3500,5.9,Poor,High,Poor,3.0,High,No,Yes,No,No,Low,High,Medium,Moderate,Yes,No,No,Yes,Yes,No,No,High,Medium,Budget / Value,740.0,< 3K,2500,Full Payment,Medium,No,3,No,No,Medium,Medium,0,88.2,11.5,90.7,38.6,78.6,47.4,52.4,High,Budget,Medium Value,Customer support was slow and the device disconnects from the app often.
FT101440,18-24,Male,Student,Tier 1,21600.0,< 25K,Diploma,Weight Loss,Beginner,2,Medium,6100,6.8,Poor,Medium,Average,1.4,High,No,Yes,No,No,High,High,Low,Minimal,Yes,Yes,Yes,Yes,No,Yes,No,High,Low,No Preference,1370.0,3K-6K,4500,Full Payment,High,No,4,Yes,No,High,High,1,65.9,32.3,66.8,75.8,92.0,63.5,67.0,High,Budget,Medium Value,Comfortable to wear all day and the stress tracking is genuinely useful.
FT101441,18-24,Male,Student,Tier 2,18900.0,< 25K,High School,Stress Management,Beginner,3,Medium,7200,6.5,Poor,Medium,Average,3.3,Medium,No,Yes,Yes,Yes,High,Medium,Low,Minimal,Yes,No,No,No,No,No,Yes,High,Medium,Budget / Value,880.0,3K-6K,4200,Full Payment,Medium,Yes,4,Yes,Yes,Low,High,2,67.7,36.3,58.0,93.8,66.8,66.0,60.4,High,Budget,Medium Value,Comfortable to wear all day and the stress tracking is genuinely useful.
FT101442,18-24,Female,Student,Tier 3,13600.0,< 25K,Diploma,Weight Loss,Beginner,1,Low,5200,6.7,Poor,High,Average,2.0,High,No,Yes,Yes,Yes,Medium,Medium,Medium,Moderate,Yes,Yes,No,No,Yes,No,Yes,High,Low,No Preference,730.0,< 3K,1700,Full Payment,Low,Yes,4,Yes,No,Low,Low,1,81.0,23.5,76.7,67.4,55.8,63.8,66.7,High,Budget,Medium Value,"The watch is okay, does the basic job of counting steps."
FT101443,18-24,Male,Student,Tier 2,17700.0,< 25K,Diploma,Stress Management,Beginner,1,Low,3000,6.1,Poor,Medium,Good,2.8,Medium,No,Yes,No,No,High,High,High,Frequent,No,Yes,No,No,Yes,No,No,High,Low,No Preference,310.0,3K-6K,4100,Full Payment,Medium,No,4,Yes,No,High,Medium,0,64.5,17.7,64.3,63.6,71.4,58.6,63.8,High,Budget,Medium Value,The battery drains too quickly and charging takes very long.
FT101444,18-24,Male,Student,Tier 3,9000.0,< 25K,Diploma,Stress Management,Intermediate,2,Medium,3700,6.2,Poor,High,Poor,2.1,High,No,Yes,No,No,High,Medium,Low,Minimal,Yes,No,No,Yes,No,No,Yes,Low,Low,No Preference,190.0,< 3K,2900,Full Payment,Medium,No,5,Yes,No,Low,Medium,4,81.3,30.3,77.7,59.1,78.0,73.3,52.5,High,Budget,Medium Value,The battery life is excellent and lasts almost a week on a single charge.
FT101445,25-34,Female,Student,Tier 1,40000.0,25K-50K,Post Graduate,Weight Loss,Intermediate,3,Medium,7000,5.4,Poor,Medium,Average,3.0,Medium,No,No,No,No,High,Medium,Low,Minimal,No,Yes,No,Yes,Yes,No,Yes,Medium,Medium,Premium / Trusted,2640.0,6K-10K,7700,Full Payment,High,No,3,No,No,Low,Low,1,65.4,43.3,66.4,38.9,87.1,47.7,34.8,High,Mid-Range,Medium Value,"Average experience overall, nothing special but works fine."
FT101446,45-54,Male,Homemaker,Tier 2,11500.0,< 25K,High School,Better Sleep,Advanced,5,High,8100,6.4,Poor,High,Poor,0.5,High,No,No,No,No,Medium,Low,Medium,Frequent,Yes,Yes,Yes,No,No,No,No,High,Low,No Preference,640.0,< 3K,2100,Full Payment,Medium,Yes,3,No,No,High,Medium,0,74.3,57.5,72.2,32.1,79.0,38.8,42.1,High,Budget,Low Value,"Average experience overall, nothing special but works fine."
FT101447,25-34,Male,Working Professional,Tier 3,63600.0,50K-1L,Graduate,General Fitness,Advanced,5,High,10100,6.6,Poor,High,Good,2.9,Medium,No,No,No,No,Medium,High,High,Frequent,Yes,Yes,No,No,No,No,Yes,Medium,High,Budget / Value,3810.0,< 3K,2400,Full Payment,Medium,No,3,No,No,High,Medium,1,66.1,66.7,57.1,36.8,62.5,43.2,43.7,High,Budget,Low Value,The app keeps crashing and the notifications are unreliable.
FT101448,25-34,Male,Working Professional,Tier 2,44900.0,25K-50K,High School,Muscle Gain,Beginner,2,Medium,5900,6.9,Good,Medium,Average,1.6,Low,No,Yes,No,No,Medium,High,Medium,Frequent,No,Yes,No,No,No,Yes,No,High,High,Budget / Value,950.0,3K-6K,4000,Full Payment,Medium,Yes,4,Yes,No,Low,Medium,2,53.0,37.1,50.4,51.0,75.8,60.1,59.4,Low,Budget,Medium Value,Comfortable to wear all day and the stress tracking is genuinely useful.
FT101449,18-24,Female,Working Professional,Tier 2,63600.0,50K-1L,Post Graduate,Medical / Recovery,Beginner,2,Medium,7500,7.2,Poor,Medium,Good,2.4,High,Yes,No,Yes,Yes,High,High,High,Minimal,Yes,Yes,No,Yes,No,Yes,Yes,High,High,No Preference,2210.0,6K-10K,6200,Full Payment,Medium,No,3,No,Yes,High,High,3,55.2,39.5,54.0,58.9,62.6,50.0,46.0,High,Mid-Range,Medium Value,"Reasonable device for the price, a few features could be better."
FT101450,35-44,Male,Homemaker,Tier 1,52900.0,50K-1L,Post Graduate,Muscle Gain,Beginner,0,Low,2200,6.3,Average,Medium,Average,3.3,Medium,No,No,No,No,Medium,Medium,Low,Frequent,Yes,No,No,No,No,Yes,Yes,High,Medium,No Preference,1990.0,3K-6K,5600,Full Payment,Low,Yes,3,Yes,No,Medium,High,1,61.5,19.5,63.5,30.8,46.9,53.4,41.6,Moderate,Mid-Range,Medium Value,"Design is decent, battery is average, app could improve a little."
FT101451,25-34,Male,Student,Tier 2,44000.0,25K-50K,Post Graduate,Muscle Gain,Intermediate,5,High,10400,6.3,Average,Medium,Average,1.7,Medium,No,Yes,No,Yes,Medium,High,Low,Moderate,No,No,Yes,Yes,Yes,Yes,No,High,High,Budget / Value,920.0,3K-6K,3100,Full Payment,High,No,5,Yes,No,Medium,Low,3,46.2,66.0,48.5,49.6,92.3,76.5,60.5,Moderate,Budget,Medium Value,Comfortable to wear all day and the stress tracking is genuinely useful.
FT101452,45-54,Male,Working Professional,Tier 3,52500.0,50K-1L,Post Graduate,Weight Loss,Advanced,5,High,12200,5.4,Poor,High,Average,1.5,High,No,No,Yes,Yes,Low,Medium,Medium,Moderate,Yes,Yes,No,Yes,Yes,No,No,Medium,Medium,Budget / Value,810.0,< 3K,2300,Full Payment,Medium,No,2,No,No,High,Medium,2,68.3,67.2,70.9,39.4,77.9,33.6,41.9,High,Budget,Low Value,The app keeps crashing and the notifications are unreliable.
FT101453,45-54,Male,Working Professional,Tier 2,58800.0,50K-1L,Diploma,Weight Loss,Beginner,4,High,7500,6.4,Poor,Medium,Average,2.0,Medium,No,No,No,No,Low,Low,Medium,Moderate,Yes,No,Yes,No,No,Yes,No,Medium,Medium,No Preference,1010.0,3K-6K,4500,Full Payment,Low,No,3,No,No,Medium,Low,0,57.7,44.5,61.3,12.8,49.7,39.7,28.3,High,Budget,Low Value,Sleep tracking data seems wrong and the design feels cheap.
FT101454,25-34,Male,Working Professional,Tier 3,41200.0,25K-50K,Graduate,Weight Loss,Beginner,2,Medium,6100,6.3,Poor,Medium,Poor,2.0,Medium,No,No,No,No,Medium,High,High,Frequent,No,Yes,No,No,Yes,Yes,No,Low,High,No Preference,1080.0,< 3K,2600,Full Payment,Medium,Yes,3,No,No,Low,Medium,0,71.0,27.9,68.9,36.2,65.0,38.3,43.5,High,Budget,Low Value,"The watch is okay, does the basic job of counting steps."
FT101455,18-24,Male,Working Professional,Tier 2,52300.0,50K-1L,Diploma,General Fitness,Beginner,4,High,5700,5.8,Poor,High,Good,1.5,High,Yes,Yes,Yes,No,High,High,Low,Minimal,Yes,Yes,Yes,Yes,No,Yes,Yes,Medium,High,Premium / Trusted,1650.0,3K-6K,5900,Full Payment,High,Yes,3,No,No,High,Medium,1,63.0,38.8,54.5,92.6,79.3,51.0,77.1,High,Mid-Range,Medium Value,"The watch is okay, does the basic job of counting steps."
FT101456,18-24,Male,Student,Tier 2,17200.0,< 25K,Post Graduate,General Fitness,Advanced,7,High,12300,5.3,Poor,High,Good,2.4,High,No,No,Yes,No,High,High,High,Frequent,Yes,No,No,Yes,No,Yes,No,High,High,No Preference,130.0,3K-6K,4700,Full Payment,Low,No,2,No,No,Medium,High,1,67.6,77.2,58.0,59.8,57.9,28.4,51.8,High,Budget,Low Value,"Reasonable device for the price, a few features could be better."
FT101457,25-34,Male,Working Professional,Tier 1,91100.0,50K-1L,Graduate,Muscle Gain,Beginner,2,Medium,7200,5.7,Poor,High,Poor,2.4,Low,No,No,Yes,No,High,High,Medium,Frequent,Yes,No,Yes,Yes,No,Yes,Yes,High,Medium,Premium / Trusted,3400.0,6K-10K,7800,Full Payment,High,No,3,No,No,High,High,1,82.0,26.1,81.7,69.2,90.8,38.7,63.6,High,Mid-Range,Low Value,The battery drains too quickly and charging takes very long.
FT101458,45-54,Female,Working Professional,Tier 2,65400.0,50K-1L,Graduate,Stress Management,Intermediate,2,Medium,4300,6.0,Poor,High,Poor,2.7,High,No,Yes,No,No,Medium,High,Medium,Frequent,Yes,No,Yes,Yes,No,Yes,Yes,High,High,Budget / Value,2670.0,3K-6K,5000,Full Payment,Medium,No,4,Yes,Yes,Medium,Medium,3,83.8,36.7,76.3,46.0,72.3,58.8,70.5,High,Mid-Range,Medium Value,"Average experience overall, nothing special but works fine."
FT101459,25-34,Male,Working Professional,Tier 3,86900.0,50K-1L,Post Graduate,Weight Loss,Beginner,0,Low,4100,6.6,Average,Low,Average,1.6,Low,No,No,No,No,Low,High,High,Moderate,No,Yes,No,Yes,Yes,Yes,Yes,High,Low,Premium / Trusted,2890.0,6K-10K,6400,Full Payment,Low,No,1,No,No,Low,Medium,1,52.0,23.8,50.4,23.6,46.9,14.1,40.7,Low,Mid-Range,Low Value,I am worried about my health data privacy and how it is stored.
FT101460,35-44,Male,Self-Employed,Tier 2,44600.0,25K-50K,Post Graduate,Muscle Gain,Beginner,2,Medium,5700,5.1,Poor,High,Good,1.5,High,No,No,Yes,Yes,High,High,Medium,Moderate,Yes,Yes,Yes,Yes,No,Yes,Yes,Medium,Medium,Budget / Value,1900.0,3K-6K,4800,Full Payment,High,No,3,Yes,No,Low,High,5,69.3,27.2,61.4,68.3,86.4,52.9,60.6,High,Budget,Medium Value,Hard to set up for beginners and too many confusing notifications.
FT101461,25-34,Female,Working Professional,Tier 1,102700.0,1L-2L,Post Graduate,Better Sleep,Beginner,2,Medium,5900,4.7,Poor,High,Average,2.2,High,Yes,Yes,Yes,Yes,Low,High,High,Minimal,Yes,No,Yes,No,No,Yes,No,Medium,Low,Premium / Trusted,1270.0,6K-10K,8300,EMI,Low,No,4,Yes,No,High,Low,3,74.4,34.7,70.8,59.0,46.5,54.1,52.5,High,Mid-Range,Medium Value,Comfortable to wear all day and the stress tracking is genuinely useful.
FT101462,18-24,Female,Working Professional,Tier 2,55800.0,50K-1L,High School,Weight Loss,Intermediate,2,Medium,6700,5.8,Poor,Medium,Average,2.1,High,No,No,No,No,High,High,Medium,Moderate,Yes,No,No,No,Yes,Yes,No,Medium,Medium,Budget / Value,3270.0,3K-6K,5000,Full Payment,Low,No,3,No,No,Low,Medium,3,62.8,37.6,63.7,40.1,51.1,36.7,37.9,High,Mid-Range,Low Value,Heart rate readings feel inaccurate during workouts and the strap is uncomfortable.
FT101463,25-34,Female,Self-Employed,Tier 2,43000.0,25K-50K,Diploma,Muscle Gain,Intermediate,4,High,8300,5.7,Poor,Medium,Poor,2.1,High,No,Yes,No,Yes,Medium,Low,Low,Minimal,No,No,Yes,No,Yes,Yes,No,High,Medium,Premium / Trusted,900.0,6K-10K,6300,Full Payment,Medium,No,3,Yes,No,High,Medium,2,68.7,53.6,64.7,49.3,78.3,53.3,49.1,High,Mid-Range,Medium Value,Comfortable to wear all day and the stress tracking is genuinely useful.
FT101464,35-44,Male,Self-Employed,Tier 3,31100.0,25K-50K,Diploma,Weight Loss,Beginner,1,Low,3800,5.9,Poor,Medium,Good,1.7,Low,No,Yes,Yes,Yes,High,Medium,Low,Moderate,No,No,Yes,No,No,Yes,No,High,High,No Preference,1010.0,< 3K,2700,Full Payment,Low,No,5,Yes,Yes,High,High,1,63.2,14.8,61.2,80.0,54.6,76.9,62.6,High,Budget,Medium Value,"The watch is okay, does the basic job of counting steps."
FT101465,35-44,Male,Working Professional,Tier 1,74000.0,50K-1L,Graduate,Muscle Gain,Beginner,2,Medium,6700,5.5,Poor,High,Poor,2.6,High,Yes,Yes,No,No,Medium,Medium,High,Frequent,Yes,Yes,No,Yes,Yes,Yes,Yes,Medium,Medium,No Preference,4570.0,6K-10K,6000,Full Payment,Low,Yes,3,No,No,Medium,Medium,0,83.6,29.7,81.5,56.3,51.2,49.7,78.4,High,Mid-Range,Medium Value,"Too expensive for the features offered, the price could be lower."
FT101466,25-34,Male,Self-Employed,Tier 1,64500.0,50K-1L,Graduate,Stress Management,Beginner,0,Low,5000,5.5,Poor,High,Average,1.5,High,No,Yes,Yes,Yes,High,High,High,Frequent,Yes,No,No,Yes,No,Yes,No,Medium,High,Budget / Value,3350.0,3K-6K,5500,Full Payment,Medium,Yes,4,Yes,Yes,High,Medium,1,79.3,17.3,81.0,100.0,67.5,68.2,80.9,High,Mid-Range,Medium Value,The personalized health reports keep me motivated to stay consistent.
FT101467,18-24,Male,Working Professional,Tier 2,32400.0,25K-50K,Diploma,Weight Loss,Beginner,3,Medium,5300,5.1,Poor,High,Good,2.2,High,No,Yes,Yes,Yes,High,High,High,Moderate,Yes,No,Yes,Yes,No,Yes,Yes,Low,Medium,No Preference,1630.0,3K-6K,5300,Full Payment,Low,Yes,2,No,Yes,Low,Low,2,68.9,28.8,62.7,79.9,48.4,33.0,75.4,High,Mid-Range,Low Value,Sleep tracking data seems wrong and the design feels cheap.
FT101468,35-44,Male,Working Professional,Tier 1,94100.0,50K-1L,Post Graduate,General Fitness,Beginner,2,Medium,5200,7.3,Average,High,Average,2.1,High,No,Yes,No,Yes,Medium,Medium,Medium,Moderate,No,No,Yes,Yes,No,No,No,Medium,Low,No Preference,5150.0,3K-6K,5400,Full Payment,High,Yes,4,Yes,No,Medium,High,3,66.7,30.6,63.0,47.8,83.7,56.2,51.3,High,Mid-Range,Medium Value,Heart rate monitoring feels reliable and the hydration reminders really help.
FT101469,18-24,Female,Student,Tier 3,9100.0,< 25K,Diploma,Better Sleep,Beginner,3,Medium,3100,4.7,Poor,High,Average,2.3,High,No,Yes,No,No,Low,Medium,Medium,Moderate,Yes,Yes,Yes,Yes,No,Yes,Yes,Medium,Low,No Preference,600.0,< 3K,1400,Full Payment,High,Yes,4,Yes,No,High,Medium,3,71.4,27.0,72.0,39.6,83.8,64.1,65.6,High,Budget,Medium Value,"Reasonable device for the price, a few features could be better."
FT101470,45-54,Male,Self-Employed,Tier 2,59500.0,50K-1L,Graduate,Weight Loss,Intermediate,4,High,8500,6.8,Average,Medium,Good,3.2,High,No,Yes,No,No,Medium,High,Low,Frequent,Yes,No,No,Yes,No,No,Yes,Medium,High,Budget / Value,480.0,3K-6K,3300,Full Payment,High,Yes,4,Yes,No,Low,Medium,2,35.0,56.0,37.4,54.4,87.7,57.3,64.9,Moderate,Budget,Medium Value,"Reasonable device for the price, a few features could be better."
FT101471,18-24,Female,Student,Tier 2,20600.0,< 25K,Post Graduate,Stress Management,Intermediate,3,Medium,8500,5.7,Poor,High,Poor,1.2,High,No,No,No,No,Medium,Medium,Medium,Minimal,Yes,No,Yes,Yes,Yes,No,No,High,High,No Preference,1450.0,3K-6K,4600,Full Payment,Medium,No,3,No,No,Low,Low,1,81.3,45.6,84.2,31.9,74.2,36.3,32.3,High,Budget,Low Value,I am worried about my health data privacy and how it is stored.
FT101472,18-24,Male,Student,Tier 1,26000.0,25K-50K,Graduate,Muscle Gain,Intermediate,3,Medium,5800,6.4,Average,Low,Poor,0.5,Medium,No,Yes,No,No,High,High,Medium,Moderate,Yes,No,Yes,Yes,Yes,Yes,Yes,Low,High,No Preference,1500.0,3K-6K,5100,Full Payment,Medium,No,3,No,No,Low,High,2,45.8,44.4,50.6,59.3,70.1,50.5,72.5,Low,Mid-Range,Medium Value,"Affordable, lightweight and the companion app is very beginner friendly."
FT101473,25-34,Male,Working Professional,Tier 2,57800.0,50K-1L,Graduate,Weight Loss,Intermediate,6,High,9800,6.5,Average,Medium,Poor,1.8,Medium,No,Yes,Yes,Yes,High,High,Medium,Minimal,No,Yes,No,Yes,Yes,No,Yes,High,High,Budget / Value,830.0,3K-6K,4300,Full Payment,Medium,Yes,5,Yes,Yes,High,High,3,52.5,71.1,57.5,87.5,70.2,80.7,66.8,Moderate,Budget,Medium Value,"Affordable, lightweight and the companion app is very beginner friendly."
FT101474,25-34,Female,Working Professional,Tier 3,35900.0,25K-50K,Diploma,Stress Management,Advanced,5,High,8100,4.9,Poor,High,Average,1.4,High,No,Yes,Yes,No,High,Medium,Medium,Frequent,Yes,Yes,No,Yes,Yes,No,Yes,Medium,Medium,No Preference,910.0,3K-6K,4400,Full Payment,Medium,No,5,Yes,Yes,Medium,High,1,76.5,57.1,72.3,81.3,75.5,76.1,82.9,High,Budget,Medium Value,Step counting is accurate and syncing with the app is fast and seamless.
FT101475,25-34,Female,Working Professional,Tier 2,35400.0,25K-50K,High School,Muscle Gain,Advanced,6,High,8900,6.1,Poor,Medium,Average,0.5,Medium,No,Yes,No,No,Medium,Low,Low,Moderate,Yes,No,No,No,No,Yes,Yes,Medium,Medium,Budget / Value,1580.0,< 3K,2400,Full Payment,High,Yes,4,Yes,No,Low,High,3,58.3,67.1,54.2,50.6,91.0,55.1,56.6,High,Budget,Medium Value,"It works as expected, neither impressed nor disappointed so far."
FT101476,25-34,Male,Working Professional,Tier 1,69900.0,50K-1L,Graduate,Weight Loss,Beginner,1,Low,4500,7.1,Good,Medium,Average,3.7,Medium,No,Yes,No,No,Medium,High,Medium,Frequent,No,No,No,Yes,No,Yes,Yes,Medium,High,No Preference,3830.0,6K-10K,7900,Full Payment,Low,Yes,4,Yes,No,Low,High,4,45.7,31.2,45.2,56.2,47.7,63.8,65.5,Low,Mid-Range,Medium Value,"I love the sleep tracking, it is accurate and easy to understand."
FT101477,55+,Female,Retired,Tier 1,56500.0,50K-1L,Graduate,Medical / Recovery,Beginner,0,Low,1600,5.0,Poor,Medium,Average,2.7,High,Yes,No,No,No,Low,Low,High,Frequent,No,No,Yes,Yes,No,No,No,High,Medium,Premium / Trusted,2270.0,6K-10K,9000,Full Payment,Low,No,2,No,No,Medium,Low,2,73.5,8.6,65.6,7.4,48.1,24.2,29.2,High,Mid-Range,Low Value,"Too expensive for the features offered, the price could be lower."
FT101478,25-34,Male,Self-Employed,Tier 3,33400.0,25K-50K,High School,General Fitness,Beginner,0,Low,2600,6.0,Poor,Medium,Good,2.8,Medium,No,No,No,No,Low,Medium,High,Frequent,No,Yes,Yes,No,No,No,Yes,Medium,High,Budget / Value,1250.0,< 3K,1900,Full Payment,Medium,No,2,No,No,Low,Low,0,65.9,6.0,59.9,13.3,70.5,23.1,35.5,High,Budget,Low Value,Heart rate readings feel inaccurate during workouts and the strap is uncomfortable.
FT101479,25-34,Male,Working Professional,Tier 3,57200.0,50K-1L,Post Graduate,Stress Management,Advanced,6,High,8000,6.1,Poor,High,Average,2.1,Medium,No,Yes,No,No,High,High,Medium,Moderate,Yes,Yes,No,No,No,No,Yes,High,High,No Preference,800.0,3K-6K,4400,Full Payment,Low,Yes,3,No,No,Low,High,1,69.8,64.8,66.4,59.1,57.5,51.6,59.5,High,Budget,Medium Value,"It works as expected, neither impressed nor disappointed so far."
FT101480,25-34,Female,Working Professional,Tier 1,78300.0,50K-1L,Graduate,Weight Loss,Beginner,2,Medium,6300,7.3,Good,Medium,Poor,2.6,Low,No,Yes,Yes,No,High,Medium,Medium,Frequent,No,No,Yes,Yes,Yes,Yes,No,Medium,Medium,Premium / Trusted,3690.0,6K-10K,8300,Full Payment,High,Yes,5,Yes,No,Medium,High,4,51.1,39.2,50.0,88.3,82.5,75.4,81.0,Low,Mid-Range,Medium Value,The personalized health reports keep me motivated to stay consistent.
FT101481,18-24,Male,Student,Tier 2,24400.0,< 25K,Post Graduate,Weight Loss,Beginner,2,Medium,5600,5.7,Poor,High,Average,2.0,High,No,Yes,Yes,Yes,High,Medium,Medium,Moderate,Yes,No,Yes,Yes,No,No,Yes,High,Medium,No Preference,900.0,3K-6K,4300,Full Payment,Low,No,4,Yes,Yes,Medium,High,4,68.0,29.0,68.7,82.7,50.7,57.0,72.1,High,Budget,Medium Value,"Design is decent, battery is average, app could improve a little."
FT101482,25-34,Male,Self-Employed,Tier 1,48700.0,25K-50K,Graduate,Stress Management,Intermediate,5,High,7700,7.9,Good,Medium,Good,3.0,Medium,Yes,No,No,No,High,High,Low,Moderate,Yes,Yes,No,Yes,No,Yes,Yes,Medium,Medium,Budget / Value,540.0,3K-6K,5300,Full Payment,Medium,Yes,2,No,No,Low,Medium,1,30.8,73.4,29.3,41.6,73.5,32.2,47.0,Low,Mid-Range,Low Value,"Average experience overall, nothing special but works fine."
FT101483,18-24,Male,Self-Employed,Tier 2,67400.0,50K-1L,Post Graduate,Muscle Gain,Intermediate,4,High,7500,7.8,Good,Low,Average,2.5,Low,No,Yes,No,No,Medium,Medium,Low,Moderate,No,Yes,No,No,No,No,No,High,High,Budget / Value,3510.0,< 3K,2500,Full Payment,High,Yes,3,No,No,Medium,Medium,0,26.4,59.9,20.3,53.9,83.8,47.9,49.2,Low,Budget,Medium Value,"It works as expected, neither impressed nor disappointed so far."
FT101484,25-34,Male,Working Professional,Tier 1,65300.0,50K-1L,Diploma,General Fitness,Intermediate,2,Medium,4800,3.9,Poor,High,Good,2.3,High,No,Yes,Yes,Yes,High,Medium,High,Moderate,Yes,No,No,Yes,No,No,Yes,High,Low,Budget / Value,1370.0,3K-6K,5600,Full Payment,Medium,No,2,No,Yes,Medium,Medium,0,68.1,34.7,59.6,93.4,71.4,32.8,71.5,High,Mid-Range,Low Value,"Average experience overall, nothing special but works fine."
FT101485,18-24,Male,Student,Tier 3,9200.0,< 25K,Diploma,Stress Management,Intermediate,4,High,9500,4.5,Poor,High,Good,2.3,High,No,No,Yes,Yes,Low,Medium,Low,Minimal,Yes,Yes,No,Yes,Yes,Yes,Yes,High,Medium,Premium / Trusted,350.0,3K-6K,5200,Full Payment,Medium,No,2,No,No,Low,Low,0,65.8,50.5,55.0,38.9,70.5,34.1,43.3,High,Mid-Range,Low Value,The app keeps crashing and the notifications are unreliable.
FT101486,55+,Male,Retired,Tier 3,27900.0,25K-50K,Post Graduate,General Fitness,Intermediate,3,Medium,5500,5.8,Poor,High,Good,3.5,High,No,Yes,No,No,Low,Low,Medium,Moderate,Yes,Yes,Yes,Yes,No,No,No,High,High,Budget / Value,1590.0,3K-6K,3500,Full Payment,High,No,2,No,No,Medium,Low,0,67.9,39.7,65.7,30.7,91.3,32.2,53.9,High,Budget,Low Value,"Average experience overall, nothing special but works fine."
FT101487,25-34,Female,Working Professional,Tier 1,99400.0,50K-1L,Post Graduate,General Fitness,Intermediate,2,Medium,6300,5.0,Poor,High,Good,2.4,High,No,Yes,No,No,High,High,Medium,Frequent,Yes,No,No,Yes,No,No,Yes,High,Medium,Premium / Trusted,4760.0,6K-10K,9800,Full Payment,High,Yes,4,Yes,No,Medium,High,6,70.8,36.4,61.9,62.2,87.0,64.5,67.6,High,Mid-Range,Medium Value,Step counting is accurate and syncing with the app is fast and seamless.
FT101488,45-54,Female,Self-Employed,Tier 2,74000.0,50K-1L,Graduate,Stress Management,Beginner,2,Medium,3900,6.1,Poor,High,Average,2.3,High,No,No,No,No,Medium,Medium,High,Minimal,No,No,Yes,No,Yes,Yes,Yes,High,High,Premium / Trusted,1560.0,6K-10K,6600,Full Payment,Low,Yes,3,No,No,Low,Medium,0,71.8,21.7,72.3,24.7,42.8,37.3,29.8,High,Mid-Range,Low Value,"Too expensive for the features offered, the price could be lower."
FT101489,25-34,Male,Working Professional,Tier 1,74800.0,50K-1L,High School,Muscle Gain,Intermediate,3,Medium,7800,5.7,Poor,High,Good,2.6,High,No,No,No,No,High,High,Medium,Minimal,Yes,Yes,Yes,Yes,No,No,No,High,High,Budget / Value,5090.0,3K-6K,5000,Full Payment,Low,No,4,Yes,No,Medium,Medium,1,72.5,41.8,66.7,40.3,50.5,65.4,35.2,High,Mid-Range,Medium Value,"I love the sleep tracking, it is accurate and easy to understand."
FT101490,18-24,Male,Self-Employed,Tier 1,51100.0,50K-1L,Diploma,General Fitness,Intermediate,2,Medium,7100,5.7,Poor,Medium,Average,2.7,Medium,No,Yes,No,No,High,High,High,Frequent,No,No,No,Yes,No,No,Yes,High,Medium,No Preference,620.0,3K-6K,5300,Full Payment,Medium,No,3,No,Yes,High,High,2,63.9,40.1,62.9,58.8,73.1,42.1,62.2,High,Mid-Range,Low Value,"I love the sleep tracking, it is accurate and easy to understand."
FT101491,35-44,Female,Self-Employed,Tier 1,71500.0,50K-1L,Graduate,Stress Management,Beginner,1,Low,6100,5.1,Poor,High,Average,2.2,High,Yes,No,No,No,High,Medium,Medium,Frequent,No,No,Yes,No,No,Yes,Yes,High,Medium,Premium / Trusted,4160.0,6K-10K,9700,EMI,Low,No,3,No,No,Medium,High,1,82.1,23.0,84.2,39.2,46.9,36.5,44.6,High,Mid-Range,Low Value,Hard to set up for beginners and too many confusing notifications.
FT101492,35-44,Male,Working Professional,Tier 1,97400.0,50K-1L,Post Graduate,Muscle Gain,Advanced,7,High,13300,6.8,Good,Medium,Poor,2.3,Low,No,No,Yes,Yes,Low,High,Low,Minimal,No,No,Yes,Yes,Yes,Yes,No,High,High,Premium / Trusted,3060.0,6K-10K,9000,Full Payment,Low,No,3,Yes,Yes,High,Low,2,42.5,90.0,45.0,43.8,50.2,53.7,36.5,Low,Mid-Range,Medium Value,"Reasonable device for the price, a few features could be better."
FT101493,35-44,Male,Self-Employed,Tier 3,39700.0,25K-50K,Diploma,Medical / Recovery,Advanced,7,High,11200,5.8,Poor,Low,Good,1.4,Medium,Yes,Yes,Yes,Yes,Medium,Medium,Medium,Moderate,Yes,No,No,Yes,No,No,No,Medium,Low,No Preference,400.0,6K-10K,6100,Full Payment,Medium,Yes,3,No,Yes,Medium,Medium,0,43.6,80.6,40.8,64.6,70.1,43.4,57.2,Moderate,Mid-Range,Low Value,"It works as expected, neither impressed nor disappointed so far."
FT101494,25-34,Female,Working Professional,Tier 1,59100.0,50K-1L,High School,Better Sleep,Intermediate,3,Medium,8500,6.9,Average,Medium,Average,2.4,Low,No,Yes,Yes,No,High,Medium,Low,Moderate,Yes,No,Yes,Yes,No,Yes,No,Low,High,Premium / Trusted,1190.0,6K-10K,9000,EMI,Low,No,4,Yes,No,High,Medium,2,52.6,56.8,53.4,84.0,48.9,68.8,72.5,Moderate,Mid-Range,Medium Value,"Reasonable device for the price, a few features could be better."
FT101495,25-34,Male,Self-Employed,Tier 3,41900.0,25K-50K,Graduate,General Fitness,Advanced,5,High,11400,6.6,Average,High,Good,1.3,High,No,No,No,No,Medium,Medium,Medium,Minimal,No,Yes,Yes,No,No,Yes,Yes,Low,Medium,Budget / Value,470.0,3K-6K,4400,Full Payment,Low,No,2,No,No,Low,Medium,1,55.0,71.7,46.3,29.0,54.1,29.3,31.3,High,Budget,Low Value,Heart rate readings feel inaccurate during workouts and the strap is uncomfortable.
FT101496,45-54,Male,Working Professional,Tier 1,104200.0,1L-2L,Graduate,General Fitness,Beginner,0,Low,1000,6.4,Average,Medium,Good,2.1,Medium,No,No,No,No,Medium,Low,Low,Minimal,Yes,Yes,No,No,Yes,Yes,No,High,High,Premium / Trusted,1860.0,6K-10K,7900,Full Payment,High,Yes,3,No,No,High,Low,0,49.8,18.0,48.1,28.9,87.7,40.9,31.3,Moderate,Mid-Range,Low Value,"It works as expected, neither impressed nor disappointed so far."
FT101497,25-34,Male,Student,Tier 2,17900.0,< 25K,Graduate,Medical / Recovery,Beginner,4,High,6300,5.9,Poor,Low,Average,1.8,High,Yes,Yes,Yes,Yes,High,Medium,High,Minimal,No,No,Yes,Yes,No,No,No,High,High,Budget / Value,1000.0,< 3K,2600,Full Payment,High,No,3,Yes,No,Low,High,3,48.1,33.4,44.5,77.7,81.2,53.0,54.8,Moderate,Budget,Medium Value,Step counting is accurate and syncing with the app is fast and seamless.
FT101498,25-34,Male,Working Professional,Tier 2,91000.0,50K-1L,Graduate,Better Sleep,Beginner,3,Medium,3600,6.3,Poor,High,Average,3.1,High,No,No,No,No,Low,Medium,Low,Moderate,Yes,Yes,No,No,No,No,No,Medium,Medium,No Preference,2320.0,6K-10K,7600,Full Payment,Medium,Yes,3,No,No,Low,Medium,1,80.5,24.9,68.1,21.2,56.7,40.6,27.0,High,Mid-Range,Low Value,"Too expensive for the features offered, the price could be lower."
FT101499,35-44,Male,Working Professional,Tier 3,55400.0,50K-1L,Post Graduate,Weight Loss,Advanced,6,High,11500,6.1,Poor,Medium,Poor,3.5,Low,No,No,No,No,Low,Low,Low,Moderate,No,Yes,Yes,No,Yes,Yes,Yes,High,High,Premium / Trusted,2430.0,3K-6K,4600,Full Payment,Low,No,3,No,No,Medium,Low,1,70.1,69.4,62.6,11.2,44.6,37.7,36.3,High,Budget,Low Value,Sleep tracking data seems wrong and the design feels cheap.
FT101500,35-44,Female,Self-Employed,Tier 1,52000.0,50K-1L,Diploma,General Fitness,Intermediate,0,Low,800,5.3,Poor,Medium,Average,1.4,High,No,Yes,No,No,Medium,High,Medium,Moderate,Yes,Yes,No,Yes,No,No,No,High,Low,Premium / Trusted,950.0,6K-10K,7800,Full Payment,Medium,Yes,3,No,Yes,Low,Medium,0,61.8,13.9,68.1,55.1,71.9,48.5,58.1,High,Mid-Range,Medium Value,"It works as expected, neither impressed nor disappointed so far."
FT101501,55+,Male,Retired,Tier 1,52200.0,50K-1L,Graduate,General Fitness,Advanced,5,High,5300,7.1,Average,High,Average,2.3,High,Yes,No,No,No,Low,Low,Medium,Minimal,No,Yes,Yes,Yes,No,No,Yes,High,Medium,Premium / Trusted,1080.0,6K-10K,7200,Full Payment,Medium,No,2,No,No,Medium,Low,2,58.6,60.3,58.5,17.7,70.3,30.7,27.3,High,Mid-Range,Low Value,The battery drains too quickly and charging takes very long.
FT101502,25-34,Female,Working Professional,Tier 2,88000.0,50K-1L,Graduate,Better Sleep,Intermediate,3,Medium,4300,5.5,Poor,High,Average,2.1,Medium,No,Yes,No,No,Medium,Medium,Low,Minimal,Yes,No,Yes,No,No,No,No,Medium,Medium,Budget / Value,2490.0,3K-6K,4800,Full Payment,Low,No,3,Yes,No,Medium,Medium,1,71.3,32.6,69.9,52.1,38.6,53.6,45.8,High,Budget,Medium Value,"I love the sleep tracking, it is accurate and easy to understand."
FT101503,25-34,Female,Self-Employed,Tier 2,51900.0,50K-1L,Graduate,Better Sleep,Intermediate,4,High,4300,5.9,Poor,Low,Average,2.7,Medium,No,Yes,No,No,High,Medium,High,Moderate,No,No,Yes,Yes,No,No,Yes,Medium,High,Premium / Trusted,3030.0,6K-10K,6800,Full Payment,Medium,No,4,Yes,No,High,Medium,2,45.2,39.4,45.3,61.5,77.2,61.6,60.4,Moderate,Mid-Range,Medium Value,"Design is decent, battery is average, app could improve a little."
FT101504,35-44,Male,Working Professional,Tier 2,99100.0,50K-1L,Post Graduate,Stress Management,Beginner,1,Low,4600,5.4,Poor,High,Average,2.4,High,Yes,No,Yes,No,Low,High,Low,Moderate,Yes,Yes,Yes,Yes,No,Yes,No,High,Low,No Preference,1410.0,3K-6K,5600,Full Payment,Medium,No,3,No,Yes,Low,Low,1,79.7,18.7,76.1,42.3,66.4,45.0,47.2,High,Mid-Range,Medium Value,"The watch is okay, does the basic job of counting steps."
FT101505,25-34,Male,Student,Tier 1,25100.0,25K-50K,Graduate,General Fitness,Beginner,1,Low,2100,5.7,Poor,High,Poor,2.0,High,No,No,No,No,Low,Medium,High,Frequent,Yes,No,No,Yes,Yes,No,Yes,Low,High,Budget / Value,1260.0,3K-6K,3400,Full Payment,Medium,Yes,2,No,No,Low,Medium,2,90.2,16.4,90.4,17.7,71.4,31.0,41.3,High,Budget,Low Value,"It works as expected, neither impressed nor disappointed so far."
FT101506,35-44,Male,Self-Employed,Tier 1,67200.0,50K-1L,Graduate,Better Sleep,Beginner,2,Medium,2200,7.3,Average,Medium,Poor,2.4,Low,No,No,No,No,High,High,High,Minimal,Yes,No,Yes,Yes,No,Yes,Yes,High,Medium,Budget / Value,1890.0,3K-6K,4100,Full Payment,Medium,Yes,2,No,Yes,Low,High,1,58.4,26.6,64.8,49.1,69.7,19.1,42.6,Moderate,Budget,Low Value,Hard to set up for beginners and too many confusing notifications.
FT101507,25-34,Female,Working Professional,Tier 3,33800.0,25K-50K,High School,Weight Loss,Intermediate,2,Medium,5100,6.0,Average,Medium,Poor,2.1,Medium,No,Yes,No,No,High,Medium,Low,Minimal,No,Yes,Yes,No,Yes,Yes,No,Low,Low,No Preference,500.0,3K-6K,3900,Full Payment,Medium,No,3,No,No,Low,High,1,56.6,44.1,57.8,62.7,70.2,47.0,58.1,Moderate,Budget,Medium Value,Sleep tracking data seems wrong and the design feels cheap.
FT101508,18-24,Male,Student,Tier 2,16700.0,< 25K,Graduate,General Fitness,Beginner,1,Low,4100,5.8,Poor,Medium,Good,3.6,High,No,Yes,No,Yes,High,Medium,Low,Moderate,Yes,No,No,No,No,Yes,Yes,Low,Medium,No Preference,660.0,3K-6K,3600,Full Payment,Low,No,4,Yes,Yes,High,High,2,65.0,15.1,61.4,70.1,58.5,71.1,63.4,High,Budget,Medium Value,"Average experience overall, nothing special but works fine."
FT101509,35-44,Female,Working Professional,Tier 2,49700.0,25K-50K,High School,General Fitness,Advanced,5,High,5100,6.6,Poor,Medium,Poor,1.7,Medium,No,Yes,No,No,Low,Medium,Medium,Moderate,Yes,Yes,Yes,Yes,Yes,No,No,Medium,Low,Budget / Value,1420.0,3K-6K,3500,Full Payment,Low,No,3,No,Yes,Medium,Low,0,62.1,57.2,71.0,40.2,55.8,45.1,61.5,High,Budget,Medium Value,The app keeps crashing and the notifications are unreliable.
FT101510,18-24,Female,Self-Employed,Tier 1,55500.0,50K-1L,High School,Muscle Gain,Intermediate,5,High,7200,7.2,Average,Low,Poor,2.5,Medium,No,Yes,No,No,High,Medium,High,Moderate,No,No,Yes,Yes,Yes,No,Yes,Medium,Medium,Budget / Value,2940.0,3K-6K,4200,Full Payment,Medium,No,3,No,No,Medium,High,1,39.0,61.1,40.5,62.9,75.3,42.7,65.2,Low,Budget,Low Value,"Design is decent, battery is average, app could improve a little."
FT101511,18-24,Female,Student,Tier 1,23500.0,< 25K,Graduate,Muscle Gain,Beginner,2,Medium,5100,5.9,Poor,High,Average,2.7,High,No,Yes,No,No,Medium,Medium,High,Moderate,Yes,Yes,No,Yes,No,Yes,No,High,Medium,No Preference,1510.0,3K-6K,4300,Full Payment,Medium,No,4,Yes,No,High,High,2,74.6,25.3,67.6,51.6,74.6,60.5,61.2,High,Budget,Medium Value,"I love the sleep tracking, it is accurate and easy to understand."
FT101512,25-34,Other,Working Professional,Tier 3,45100.0,25K-50K,Graduate,Weight Loss,Advanced,6,High,9000,6.1,Poor,High,Average,2.7,High,Yes,Yes,No,No,Medium,Medium,Medium,Moderate,No,No,No,Yes,No,Yes,Yes,Medium,Medium,No Preference,1860.0,3K-6K,3200,Full Payment,High,No,4,Yes,No,Medium,Medium,1,69.5,66.1,65.7,51.5,89.9,65.0,56.9,High,Budget,Medium Value,The battery life is excellent and lasts almost a week on a single charge.
FT101513,35-44,Female,Working Professional,Tier 2,68100.0,50K-1L,Post Graduate,Weight Loss,Intermediate,3,Medium,5700,7.3,Good,Low,Good,2.3,Low,Yes,No,No,No,Medium,Medium,Low,Moderate,Yes,No,Yes,Yes,No,No,Yes,Medium,High,Budget / Value,1390.0,< 3K,2800,Full Payment,Low,No,2,No,Yes,High,Medium,0,24.0,51.9,21.6,27.5,52.5,21.4,37.8,Low,Budget,Low Value,The battery drains too quickly and charging takes very long.
FT101514,45-54,Female,Working Professional,Tier 1,99400.0,50K-1L,Graduate,Stress Management,Intermediate,5,High,10600,5.2,Poor,High,Average,3.4,High,No,No,No,No,Low,Low,Medium,Moderate,No,Yes,Yes,No,No,No,No,High,High,Premium / Trusted,3890.0,6K-10K,8000,Full Payment,Medium,Yes,2,No,No,Low,Low,0,70.7,62.7,66.1,19.1,70.9,31.3,26.3,High,Mid-Range,Low Value,I am worried about my health data privacy and how it is stored.
FT101515,18-24,Female,Student,Tier 3,28600.0,25K-50K,Post Graduate,Weight Loss,Beginner,0,Low,6900,6.0,Poor,High,Average,0.6,High,No,Yes,No,No,High,Medium,Medium,Moderate,Yes,Yes,Yes,Yes,No,Yes,Yes,Medium,Medium,Budget / Value,1790.0,3K-6K,3400,Full Payment,Medium,Yes,2,No,No,Medium,Low,1,79.5,16.4,81.6,59.8,71.0,33.6,72.6,High,Budget,Low Value,The app keeps crashing and the notifications are unreliable.
FT101516,18-24,Female,Working Professional,Tier 2,46700.0,25K-50K,Diploma,General Fitness,Beginner,4,High,6800,6.5,Average,Low,Average,1.4,Medium,No,Yes,Yes,No,High,Medium,Medium,Minimal,No,Yes,Yes,No,No,Yes,Yes,High,High,Premium / Trusted,1940.0,6K-10K,7300,Full Payment,Low,No,4,Yes,No,High,Medium,0,35.1,44.1,30.9,77.5,56.6,64.6,63.3,Low,Mid-Range,Medium Value,"Affordable, lightweight and the companion app is very beginner friendly."
FT101517,55+,Female,Homemaker,Tier 1,40900.0,25K-50K,Graduate,Weight Loss,Beginner,4,High,5000,6.9,Average,Medium,Good,2.8,Medium,No,Yes,Yes,Yes,High,Medium,Medium,Minimal,No,No,Yes,Yes,Yes,Yes,No,High,Medium,Budget / Value,440.0,3K-6K,4800,Full Payment,Low,No,5,Yes,No,Low,Medium,0,40.5,42.6,32.6,78.4,49.2,86.2,63.6,Moderate,Budget,Medium Value,The personalized health reports keep me motivated to stay consistent.
FT101518,18-24,Female,Working Professional,Tier 1,110800.0,1L-2L,Post Graduate,General Fitness,Intermediate,4,High,7000,7.0,Average,Medium,Average,1.6,Medium,Yes,Yes,Yes,Yes,High,High,High,Moderate,No,Yes,Yes,No,No,No,Yes,High,Medium,Budget / Value,1080.0,6K-10K,6100,Full Payment,Medium,Yes,3,Yes,Yes,Low,High,3,46.3,53.2,47.6,85.4,59.6,52.7,68.7,Moderate,Mid-Range,Medium Value,Customer support was slow and the device disconnects from the app often.
FT101519,18-24,Male,Student,Tier 2,20900.0,< 25K,Graduate,General Fitness,Intermediate,4,High,7700,5.1,Poor,High,Average,1.5,High,No,No,No,No,Low,Medium,High,Minimal,Yes,Yes,Yes,No,Yes,No,No,Medium,Medium,Budget / Value,330.0,3K-6K,3800,Full Payment,Medium,No,2,No,No,High,Low,0,65.5,48.7,70.2,16.4,74.4,20.0,26.9,High,Budget,Low Value,"Design is decent, battery is average, app could improve a little."
FT101520,18-24,Female,Student,Tier 1,34000.0,25K-50K,Post Graduate,Stress Management,Advanced,5,High,8400,6.6,Poor,High,Poor,1.9,High,No,Yes,No,No,Medium,High,Medium,Minimal,Yes,No,No,No,Yes,No,Yes,High,High,No Preference,1440.0,3K-6K,5300,Full Payment,High,No,3,No,No,Low,Medium,0,78.5,56.6,72.8,46.9,87.7,51.1,48.3,High,Mid-Range,Medium Value,"Affordable, lightweight and the companion app is very beginner friendly."
FT101521,25-34,Male,Working Professional,Tier 2,52200.0,50K-1L,Graduate,General Fitness,Advanced,5,High,9600,6.2,Poor,Medium,Average,1.7,Medium,Yes,No,No,No,High,Medium,High,Moderate,No,Yes,Yes,Yes,No,No,Yes,Low,Medium,Budget / Value,850.0,3K-6K,4900,Full Payment,Low,No,3,No,No,High,High,2,59.9,62.8,58.7,55.2,42.5,46.8,47.5,High,Budget,Medium Value,"Average experience overall, nothing special but works fine."
FT101522,45-54,Female,Self-Employed,Tier 2,49700.0,25K-50K,Diploma,General Fitness,Beginner,1,Low,8100,5.9,Poor,Medium,Good,2.8,Medium,No,Yes,No,No,Low,Medium,Medium,Moderate,No,Yes,Yes,Yes,No,Yes,No,Medium,Low,Premium / Trusted,1080.0,6K-10K,7300,Full Payment,High,No,3,Yes,No,Medium,Medium,1,65.6,28.5,66.3,41.1,88.2,52.9,57.5,High,Mid-Range,Medium Value,Step counting is accurate and syncing with the app is fast and seamless.
FT101523,35-44,Male,Working Professional,Tier 1,84800.0,50K-1L,Graduate,Better Sleep,Advanced,5,High,5400,5.5,Poor,High,Poor,3.0,High,Yes,Yes,Yes,Yes,Medium,Medium,Low,Minimal,No,Yes,No,Yes,Yes,No,Yes,Medium,Medium,Budget / Value,3380.0,6K-10K,7400,Full Payment,Low,Yes,4,Yes,Yes,Medium,Medium,2,77.5,51.9,75.9,76.7,56.1,72.1,63.0,High,Mid-Range,Medium Value,The battery life is excellent and lasts almost a week on a single charge.
FT101524,35-44,Female,Working Professional,Tier 3,29000.0,25K-50K,Diploma,Weight Loss,Beginner,2,Medium,4300,6.8,Good,Medium,Average,2.4,Low,No,No,No,No,Medium,High,Medium,Frequent,Yes,Yes,Yes,Yes,No,Yes,No,High,Medium,Budget / Value,1080.0,3K-6K,3000,Full Payment,Medium,Yes,2,No,No,Medium,Medium,0,44.5,39.7,43.2,25.8,64.6,17.3,48.5,Low,Budget,Low Value,Heart rate readings feel inaccurate during workouts and the strap is uncomfortable.
FT101525,18-24,Female,Student,Tier 1,23600.0,< 25K,High School,Stress Management,Beginner,2,Medium,8000,5.7,Poor,High,Average,3.1,High,No,Yes,Yes,No,High,High,Medium,Minimal,Yes,No,No,Yes,No,Yes,No,High,Medium,Budget / Value,1380.0,3K-6K,3700,Full Payment,Low,Yes,4,Yes,No,High,Medium,2,77.1,32.6,74.0,95.8,56.8,67.0,65.4,High,Budget,Medium Value,"It works as expected, neither impressed nor disappointed so far."
FT101526,25-34,Female,Self-Employed,Tier 2,46900.0,25K-50K,Diploma,Weight Loss,Intermediate,6,High,8700,6.8,Average,Medium,Good,1.2,Medium,No,No,Yes,Yes,Low,Medium,High,Frequent,No,No,Yes,No,Yes,No,Yes,High,High,Budget / Value,1380.0,3K-6K,3000,Full Payment,Medium,Yes,2,No,No,Medium,Low,1,38.9,62.9,39.6,39.1,69.0,32.5,44.5,Moderate,Budget,Low Value,Heart rate readings feel inaccurate during workouts and the strap is uncomfortable.
FT101527,25-34,Male,Self-Employed,Tier 2,43200.0,25K-50K,Diploma,Better Sleep,Advanced,5,High,9900,6.9,Good,Low,Poor,2.4,Low,No,No,No,No,High,High,High,Frequent,No,Yes,Yes,No,No,No,Yes,Medium,High,Premium / Trusted,1990.0,3K-6K,5200,Full Payment,Low,No,2,No,No,Low,High,3,30.6,82.2,27.3,48.1,48.3,21.5,47.7,Low,Mid-Range,Low Value,"Reasonable device for the price, a few features could be better."
FT101528,18-24,Female,Working Professional,Tier 2,90400.0,50K-1L,Graduate,Weight Loss,Advanced,3,Medium,7400,6.7,Poor,High,Good,3.4,Medium,No,Yes,No,No,High,High,Medium,Minimal,No,Yes,No,No,No,Yes,Yes,Medium,Low,Premium / Trusted,1040.0,6K-10K,9100,EMI,Medium,No,3,No,No,High,High,6,67.9,52.0,64.1,72.0,61.7,48.8,57.1,High,Mid-Range,Medium Value,"Average experience overall, nothing special but works fine."
FT101529,18-24,Female,Student,Tier 2,15900.0,< 25K,Post Graduate,Muscle Gain,Intermediate,5,High,10700,6.4,Average,Medium,Poor,2.3,High,No,Yes,Yes,Yes,High,High,Medium,Minimal,Yes,No,Yes,Yes,Yes,Yes,No,Medium,Low,Budget / Value,580.0,3K-6K,3100,Full Payment,Medium,No,3,No,Yes,Medium,Medium,1,50.2,66.4,49.3,79.3,73.9,49.2,68.2,Moderate,Budget,Medium Value,"It works as expected, neither impressed nor disappointed so far."
FT101530,25-34,Female,Homemaker,Tier 2,34900.0,25K-50K,Graduate,Muscle Gain,Beginner,0,Low,6400,6.6,Good,Low,Good,3.4,Medium,No,Yes,No,No,High,High,Low,Minimal,Yes,No,No,Yes,No,Yes,Yes,Medium,Low,No Preference,980.0,3K-6K,3400,Full Payment,Medium,No,3,Yes,Yes,High,High,7,31.0,32.3,29.0,59.7,70.2,53.0,57.0,Low,Budget,Medium Value,"The watch is okay, does the basic job of counting steps."
FT101531,18-24,Female,Student,Tier 3,14300.0,< 25K,Post Graduate,Muscle Gain,Beginner,1,Low,4700,6.1,Average,Medium,Good,1.8,Medium,Yes,No,No,No,Medium,High,Medium,Frequent,Yes,No,No,Yes,No,No,Yes,Medium,Medium,Premium / Trusted,840.0,3K-6K,5100,Full Payment,Low,Yes,3,No,No,High,Medium,2,50.6,25.7,52.0,31.7,56.8,43.2,42.0,Moderate,Mid-Range,Low Value,"Design is decent, battery is average, app could improve a little."
FT101532,25-34,Female,Working Professional,Tier 3,48400.0,25K-50K,Graduate,Better Sleep,Beginner,2,Medium,2100,6.2,Poor,High,Good,3.0,High,Yes,No,Yes,Yes,Low,High,Medium,Frequent,Yes,Yes,No,Yes,No,Yes,Yes,Medium,Medium,No Preference,1410.0,3K-6K,4000,Full Payment,Medium,Yes,3,Yes,Yes,Low,High,4,71.7,17.5,64.2,36.9,78.7,53.8,52.3,High,Budget,Medium Value,"Design is decent, battery is average, app could improve a little."
FT101533,35-44,Female,Working Professional,Tier 3,24700.0,< 25K,High School,Weight Loss,Intermediate,4,High,6100,6.9,Average,Medium,Good,2.0,Medium,No,Yes,No,No,Medium,Medium,Medium,Moderate,No,No,Yes,Yes,No,No,No,Medium,Medium,Premium / Trusted,1100.0,3K-6K,5400,Full Payment,Medium,Yes,2,No,No,Medium,Low,1,45.7,47.4,37.1,50.9,73.4,33.9,52.4,Moderate,Mid-Range,Low Value,"Reasonable device for the price, a few features could be better."
FT101534,18-24,Male,Student,Tier 1,18400.0,< 25K,Diploma,General Fitness,Beginner,0,Low,6900,6.1,Poor,High,Good,2.8,High,No,No,Yes,Yes,High,High,Low,Frequent,No,Yes,No,Yes,No,Yes,Yes,High,High,Budget / Value,1170.0,3K-6K,4300,Full Payment,High,No,3,No,No,High,High,3,78.4,21.6,71.1,65.2,90.0,37.2,58.0,High,Budget,Low Value,Customer support was slow and the device disconnects from the app often.
FT101535,25-34,Female,Working Professional,Tier 2,108500.0,1L-2L,Post Graduate,Better Sleep,Beginner,0,Low,800,5.5,Poor,High,Good,3.3,High,Yes,No,No,No,High,High,Medium,Frequent,Yes,No,No,Yes,Yes,Yes,Yes,High,Medium,Budget / Value,2390.0,6K-10K,6000,Full Payment,High,Yes,4,Yes,No,Medium,Medium,1,72.3,3.8,70.9,39.8,83.9,61.5,53.4,High,Mid-Range,Medium Value,"It works as expected, neither impressed nor disappointed so far."
FT101536,35-44,Male,Working Professional,Tier 2,102900.0,1L-2L,Graduate,Better Sleep,Beginner,0,Low,3900,7.4,Good,Low,Average,1.7,Low,Yes,No,Yes,No,Medium,Medium,Low,Moderate,Yes,Yes,Yes,Yes,Yes,Yes,Yes,High,High,Budget / Value,1410.0,3K-6K,5100,Full Payment,Low,No,4,Yes,Yes,High,Medium,1,33.2,29.5,39.2,55.6,41.9,59.4,60.5,Low,Mid-Range,Medium Value,"The watch is okay, does the basic job of counting steps."
FT101537,35-44,Female,Working Professional,Tier 1,104200.0,1L-2L,Post Graduate,General Fitness,Intermediate,4,High,2900,7.5,Good,Medium,Average,0.8,Medium,No,Yes,Yes,No,Medium,Medium,Medium,Frequent,Yes,Yes,No,No,No,No,Yes,High,High,Premium / Trusted,5440.0,6K-10K,7500,Full Payment,Medium,No,3,No,No,Medium,Medium,0,37.3,46.6,40.4,69.4,61.7,48.6,70.1,Low,Mid-Range,Medium Value,"It works as expected, neither impressed nor disappointed so far."
FT101538,35-44,Female,Self-Employed,Tier 2,49700.0,25K-50K,Diploma,Muscle Gain,Intermediate,5,High,6100,6.4,Poor,Medium,Poor,3.8,High,No,No,Yes,No,High,High,Low,Moderate,No,Yes,Yes,Yes,Yes,Yes,Yes,Medium,High,No Preference,3290.0,3K-6K,4400,Full Payment,Medium,No,4,Yes,Yes,High,High,3,66.4,51.7,65.2,63.7,66.9,64.9,59.0,High,Budget,Medium Value,"The watch is okay, does the basic job of counting steps."
FT101539,25-34,Male,Self-Employed,Tier 1,82500.0,50K-1L,Graduate,Stress Management,Beginner,0,Low,4600,6.7,Poor,High,Poor,2.7,High,No,No,Yes,Yes,High,Medium,High,Moderate,Yes,No,Yes,No,Yes,Yes,Yes,High,Medium,Budget / Value,2930.0,6K-10K,6000,Full Payment,Low,No,4,Yes,No,Medium,High,3,92.2,14.7,84.9,60.6,50.5,58.0,53.6,High,Mid-Range,Medium Value,"It works as expected, neither impressed nor disappointed so far."
FT101540,35-44,Male,Self-Employed,Tier 1,151600.0,1L-2L,Post Graduate,Stress Management,Beginner,3,Medium,6400,6.7,Average,Medium,Average,2.2,Medium,No,Yes,No,No,High,High,High,Moderate,No,Yes,Yes,No,No,No,Yes,High,High,No Preference,6640.0,6K-10K,8200,Full Payment,High,No,3,No,No,Low,Low,0,50.6,41.4,50.2,60.6,80.9,42.4,60.1,Moderate,Mid-Range,Low Value,Hard to set up for beginners and too many confusing notifications.
FT101541,18-24,Male,Student,Tier 1,20900.0,< 25K,Post Graduate,Better Sleep,Intermediate,4,High,6700,7.4,Average,High,Poor,2.2,High,Yes,Yes,No,No,High,Medium,High,Moderate,Yes,No,Yes,Yes,Yes,No,Yes,High,Medium,No Preference,370.0,3K-6K,5800,Full Payment,Medium,Yes,4,Yes,No,High,Medium,0,61.2,48.1,65.8,60.5,72.2,70.3,68.6,High,Mid-Range,Medium Value,"Design is decent, battery is average, app could improve a little."
FT101542,25-34,Female,Working Professional,Tier 1,62600.0,50K-1L,High School,Better Sleep,Intermediate,2,Medium,3700,6.5,Poor,Medium,Good,0.6,Medium,No,Yes,Yes,Yes,High,High,Low,Moderate,Yes,No,Yes,No,No,No,Yes,High,High,Budget / Value,2410.0,3K-6K,4800,Full Payment,High,No,4,Yes,Yes,Low,High,4,54.9,28.8,53.2,89.6,81.6,59.4,70.2,High,Budget,Medium Value,"Affordable, lightweight and the companion app is very beginner friendly."
FT101543,18-24,Male,Working Professional,Tier 1,91800.0,50K-1L,Post Graduate,General Fitness,Beginner,0,Low,800,5.9,Poor,High,Poor,2.5,High,Yes,Yes,No,No,High,High,Medium,Moderate,No,Yes,No,No,Yes,No,No,High,Medium,Budget / Value,3360.0,3K-6K,4800,Full Payment,Low,No,3,No,No,High,Medium,1,91.8,6.8,89.3,65.2,42.1,49.2,57.4,High,Budget,Medium Value,Step counting is accurate and syncing with the app is fast and seamless.
FT101544,25-34,Male,Working Professional,Tier 2,35900.0,25K-50K,Graduate,Muscle Gain,Beginner,0,Low,4200,6.5,Average,High,Poor,1.9,Medium,No,No,Yes,Yes,Medium,Low,Low,Minimal,No,Yes,Yes,Yes,Yes,Yes,Yes,High,High,No Preference,560.0,6K-10K,6500,Full Payment,Low,No,4,Yes,No,Low,Medium,1,76.7,23.0,77.7,55.3,51.8,56.9,49.1,High,Mid-Range,Medium Value,"Affordable, lightweight and the companion app is very beginner friendly."
FT101545,25-34,Female,Working Professional,Tier 2,71400.0,50K-1L,Post Graduate,General Fitness,Advanced,4,High,6900,6.1,Poor,Medium,Poor,2.3,Low,No,No,No,No,High,High,Low,Minimal,No,No,Yes,No,Yes,No,Yes,Medium,Medium,No Preference,4420.0,3K-6K,5200,Full Payment,Medium,No,3,No,No,Low,High,1,67.6,50.0,63.9,47.6,71.9,42.5,33.5,High,Mid-Range,Low Value,The battery drains too quickly and charging takes very long.
FT101546,18-24,Male,Student,Tier 1,46500.0,25K-50K,Graduate,Weight Loss,Intermediate,5,High,5800,6.1,Poor,High,Poor,2.3,High,No,No,No,No,Medium,High,Medium,Moderate,No,Yes,Yes,Yes,No,No,No,High,Medium,Premium / Trusted,2930.0,3K-6K,5300,Full Payment,High,Yes,3,No,No,Medium,High,5,76.0,52.8,77.6,27.9,77.2,44.0,33.6,High,Mid-Range,Low Value,The app keeps crashing and the notifications are unreliable.
FT101547,35-44,Female,Self-Employed,Tier 1,69100.0,50K-1L,Graduate,Better Sleep,Beginner,1,Low,4200,7.4,Average,Medium,Poor,0.5,Medium,No,Yes,No,No,Medium,High,Medium,Moderate,Yes,No,Yes,No,Yes,Yes,No,High,High,No Preference,4360.0,3K-6K,4500,Full Payment,Medium,Yes,3,No,No,Medium,Medium,1,62.1,26.5,68.5,51.7,68.5,48.7,61.2,Moderate,Budget,Medium Value,"Average experience overall, nothing special but works fine."
FT101548,25-34,Male,Working Professional,Tier 3,55900.0,50K-1L,Graduate,Muscle Gain,Intermediate,2,Medium,6200,6.5,Poor,High,Average,2.7,High,No,No,No,No,Medium,High,High,Minimal,Yes,No,No,Yes,No,Yes,Yes,Low,Low,No Preference,1020.0,3K-6K,3900,Full Payment,Medium,No,2,No,No,Low,High,2,77.6,36.3,77.8,26.7,71.7,28.5,30.5,High,Budget,Low Value,"The watch is okay, does the basic job of counting steps."
FT101549,18-24,Male,Working Professional,Tier 1,148600.0,1L-2L,Post Graduate,Weight Loss,Intermediate,3,Medium,5900,5.9,Poor,High,Poor,2.5,Medium,No,No,Yes,Yes,High,High,High,Minimal,Yes,No,No,Yes,Yes,Yes,No,Medium,High,No Preference,1210.0,6K-10K,7800,Full Payment,Medium,Yes,3,No,No,High,High,2,78.7,35.8,78.8,68.6,61.3,49.7,45.2,High,Mid-Range,Medium Value,"Reasonable device for the price, a few features could be better."
FT101550,18-24,Male,Student,Tier 2,16400.0,< 25K,Diploma,Muscle Gain,Beginner,0,Low,3200,5.3,Poor,High,Good,2.6,High,No,Yes,No,No,High,High,High,Minimal,No,Yes,No,No,No,Yes,Yes,Medium,High,Premium / Trusted,870.0,6K-10K,7100,Full Payment,Medium,No,3,No,No,Medium,High,6,76.7,14.9,68.8,62.1,76.3,39.0,53.6,High,Mid-Range,Low Value,Heart rate readings feel inaccurate during workouts and the strap is uncomfortable.
FT101551,25-34,Male,Working Professional,Tier 2,66700.0,50K-1L,Graduate,General Fitness,Beginner,2,Medium,5300,6.8,Average,Medium,Average,2.2,Low,No,Yes,No,No,Medium,High,Low,Frequent,No,No,No,Yes,No,No,Yes,Medium,Medium,Premium / Trusted,1470.0,6K-10K,6400,Full Payment,Medium,No,3,No,No,Medium,Medium,1,56.6,36.7,52.7,56.5,72.0,39.7,61.3,Moderate,Mid-Range,Low Value,The battery drains too quickly and charging takes very long.
FT101552,25-34,Male,Working Professional,Tier 2,42100.0,25K-50K,Graduate,Weight Loss,Advanced,4,High,6100,6.7,Average,Medium,Average,2.3,Medium,No,No,Yes,No,Medium,Medium,Medium,Moderate,No,No,No,No,Yes,No,No,High,High,Premium / Trusted,1680.0,3K-6K,5800,Full Payment,High,No,2,No,No,Medium,Medium,0,39.4,55.1,43.9,49.7,88.9,31.4,32.7,Moderate,Mid-Range,Low Value,The battery life is excellent and lasts almost a week on a single charge.
FT101553,25-34,Female,Working Professional,Tier 3,38300.0,25K-50K,Graduate,Muscle Gain,Beginner,0,Low,3100,7.0,Average,Medium,Average,2.4,Low,Yes,No,Yes,Yes,Medium,High,Low,Minimal,No,No,Yes,No,No,Yes,Yes,High,High,No Preference,1410.0,< 3K,2500,Full Payment,High,Yes,3,No,Yes,Medium,Medium,0,54.5,17.9,58.9,51.7,93.2,44.9,35.0,Moderate,Budget,Low Value,"Average experience overall, nothing special but works fine."
FT101554,18-24,Male,Student,Tier 2,26100.0,25K-50K,Graduate,Stress Management,Beginner,2,Medium,30000,6.4,Average,Medium,Poor,2.5,Low,No,Yes,Yes,Yes,High,Low,Medium,Moderate,Yes,No,No,No,Yes,No,No,Low,Medium,Budget / Value,1050.0,3K-6K,4100,Full Payment,Low,Yes,3,No,No,Low,Medium,2,58.7,35.4,61.3,82.4,45.7,41.9,63.4,Moderate,Budget,Low Value,The battery drains too quickly and charging takes very long.
FT101555,35-44,Male,Self-Employed,Tier 3,41600.0,25K-50K,Graduate,General Fitness,Intermediate,5,High,10400,6.2,Average,Low,Poor,2.3,High,No,No,No,No,Medium,Low,Medium,Moderate,Yes,Yes,No,Yes,No,No,No,Medium,High,No Preference,1360.0,3K-6K,3100,Full Payment,Medium,Yes,3,No,No,Low,High,3,39.8,64.2,38.9,24.3,68.8,35.9,32.4,Low,Budget,Low Value,The battery drains too quickly and charging takes very long.
FT101556,45-54,Male,Working Professional,Tier 3,50300.0,50K-1L,Graduate,Weight Loss,Beginner,4,High,8800,5.5,Poor,High,Good,2.5,High,No,Yes,No,No,Medium,Medium,Medium,Moderate,Yes,No,Yes,Yes,No,Yes,Yes,Medium,High,Premium / Trusted,360.0,6K-10K,6900,Full Payment,Medium,Yes,3,No,No,Medium,Medium,1,63.7,41.3,51.0,50.1,71.0,48.5,65.0,High,Mid-Range,Medium Value,"Design is decent, battery is average, app could improve a little."
FT101557,25-34,Male,Working Professional,Tier 1,94200.0,50K-1L,Graduate,Muscle Gain,Intermediate,2,Medium,4000,6.0,Poor,High,Average,3.8,High,No,Yes,No,No,High,High,Low,Frequent,Yes,Yes,No,Yes,Yes,No,Yes,High,Medium,Premium / Trusted,2260.0,6K-10K,9600,EMI,Low,Yes,5,Yes,No,Medium,High,4,82.3,32.6,74.2,66.2,43.4,79.5,77.6,High,Mid-Range,Medium Value,Step counting is accurate and syncing with the app is fast and seamless.
FT101558,35-44,Female,Self-Employed,Tier 1,140800.0,1L-2L,Graduate,Weight Loss,Beginner,1,Low,5200,6.7,Average,Medium,Poor,1.7,Medium,No,No,No,Yes,Medium,High,Low,Moderate,Yes,Yes,No,Yes,Yes,No,No,Medium,Medium,No Preference,8590.0,6K-10K,7300,Full Payment,High,No,3,No,Yes,Medium,Medium,0,62.4,32.4,62.9,35.7,74.6,46.7,40.6,Moderate,Mid-Range,Medium Value,"The watch is okay, does the basic job of counting steps."
FT101559,45-54,Male,Working Professional,Tier 1,81800.0,50K-1L,Graduate,Better Sleep,Beginner,2,Medium,6000,6.6,Average,Medium,Average,2.0,Medium,Yes,No,No,No,Low,Medium,Medium,Minimal,Yes,No,Yes,No,Yes,Yes,No,Medium,High,No Preference,2470.0,6K-10K,6000,Full Payment,High,No,3,No,No,High,Medium,1,51.1,34.9,50.0,7.4,82.7,37.0,23.7,Moderate,Mid-Range,Low Value,I am worried about my health data privacy and how it is stored.
FT101560,55+,Other,Retired,Tier 1,99900.0,50K-1L,Post Graduate,Weight Loss,Beginner,3,Medium,5000,6.2,Average,Medium,Average,3.7,Medium,No,Yes,No,Yes,Low,Medium,Low,Frequent,Yes,No,Yes,Yes,Yes,Yes,No,Medium,Medium,Budget / Value,2390.0,6K-10K,7300,Full Payment,Low,No,3,No,Yes,Medium,Low,1,48.8,34.3,51.0,42.0,47.4,50.4,69.1,Moderate,Mid-Range,Medium Value,"Reasonable device for the price, a few features could be better."
FT101561,25-34,Male,Working Professional,Tier 2,66900.0,50K-1L,Graduate,Better Sleep,Advanced,2,Medium,4400,6.5,Average,Medium,Poor,2.2,Medium,No,Yes,No,Yes,High,Medium,Low,Minimal,Yes,No,No,No,Yes,Yes,Yes,Medium,Medium,No Preference,520.0,3K-6K,3500,Full Payment,High,Yes,2,No,Yes,High,Low,0,54.5,42.0,60.0,62.3,86.5,33.1,57.9,Moderate,Budget,Low Value,Heart rate readings feel inaccurate during workouts and the strap is uncomfortable.
FT101562,45-54,Male,Working Professional,Tier 1,110200.0,1L-2L,Diploma,Weight Loss,Intermediate,3,Medium,7500,5.6,Poor,Medium,Poor,3.0,Medium,Yes,No,No,No,Medium,Medium,High,Frequent,Yes,No,Yes,No,Yes,Yes,No,Low,High,Premium / Trusted,3250.0,6K-10K,8400,EMI,Low,No,4,Yes,No,Low,Medium,2,72.0,51.1,72.6,26.5,43.5,61.5,44.4,High,Mid-Range,Medium Value,Comfortable to wear all day and the stress tracking is genuinely useful.
FT101563,45-54,Male,Working Professional,Tier 1,67100.0,50K-1L,Graduate,Weight Loss,Intermediate,3,Medium,8800,5.8,Poor,Low,Good,2.4,Medium,Yes,Yes,No,Yes,Medium,Medium,Low,Frequent,Yes,Yes,Yes,No,No,No,Yes,High,High,Budget / Value,1210.0,3K-6K,5600,Full Payment,Low,No,4,Yes,Yes,Low,Medium,1,41.0,45.6,45.5,50.9,50.0,54.6,68.0,Moderate,Mid-Range,Medium Value,"Design is decent, battery is average, app could improve a little."
FT101564,35-44,Male,Self-Employed,Tier 1,53300.0,50K-1L,High School,General Fitness,Beginner,0,Low,800,5.8,Poor,High,Average,2.1,High,No,Yes,No,No,Medium,High,Low,Moderate,Yes,No,Yes,Yes,No,Yes,Yes,High,Medium,Premium / Trusted,2100.0,6K-10K,8100,EMI,Low,No,4,Yes,No,Low,Medium,1,77.3,9.9,79.7,51.9,51.1,65.9,65.6,High,Mid-Range,Medium Value,"I love the sleep tracking, it is accurate and easy to understand."
FT101565,25-34,Female,Working Professional,Tier 2,46400.0,25K-50K,Diploma,Stress Management,Intermediate,1,Low,7100,6.0,Poor,High,Average,3.1,High,Yes,Yes,No,No,High,High,High,Frequent,Yes,Yes,No,Yes,No,No,No,Medium,High,Premium / Trusted,2360.0,6K-10K,6400,Full Payment,Low,No,4,Yes,No,Medium,Medium,1,81.3,29.4,80.7,58.3,56.7,54.9,66.3,High,Mid-Range,Medium Value,"Design is decent, battery is average, app could improve a little."
FT101566,18-24,Male,Working Professional,Tier 2,80900.0,50K-1L,Post Graduate,Medical / Recovery,Beginner,1,Low,6200,7.1,Good,Low,Poor,2.7,Low,Yes,No,No,No,High,High,High,Frequent,No,No,No,No,Yes,Yes,Yes,Medium,Medium,No Preference,760.0,3K-6K,3600,Full Payment,Low,No,3,No,Yes,High,Medium,1,43.7,34.2,44.9,53.1,51.6,50.9,49.4,Low,Budget,Medium Value,Step counting is accurate and syncing with the app is fast and seamless.
FT101567,18-24,Male,Student,Tier 3,20000.0,< 25K,Graduate,General Fitness,Intermediate,3,Medium,6700,7.3,Good,Medium,Poor,1.1,Low,No,No,No,Yes,High,High,Medium,Frequent,Yes,Yes,Yes,No,Yes,No,No,High,High,Premium / Trusted,910.0,3K-6K,4200,Full Payment,High,Yes,2,No,Yes,Low,Medium,0,45.6,56.5,49.2,42.2,94.0,21.9,49.9,Low,Budget,Low Value,Hard to set up for beginners and too many confusing notifications.
FT101568,25-34,Female,Working Professional,Tier 1,100200.0,1L-2L,Graduate,General Fitness,Beginner,3,Medium,5900,5.9,Poor,High,Poor,2.4,High,Yes,Yes,Yes,Yes,Medium,Medium,High,Minimal,Yes,Yes,No,Yes,Yes,Yes,Yes,High,Medium,No Preference,850.0,6K-10K,7200,Full Payment,High,No,3,No,No,High,Medium,1,80.4,30.5,91.5,69.1,82.1,42.5,68.9,High,Mid-Range,Low Value,Customer support was slow and the device disconnects from the app often.
FT101569,25-34,Female,Self-Employed,Tier 1,133400.0,1L-2L,Post Graduate,Weight Loss,Intermediate,4,High,8100,6.3,Average,Medium,Average,1.5,Medium,No,Yes,No,No,Medium,Medium,Low,Minimal,Yes,Yes,Yes,Yes,No,No,No,High,Low,Budget / Value,5750.0,6K-10K,7900,Full Payment,Medium,Yes,3,No,No,Low,Medium,0,41.2,53.1,45.0,46.5,65.7,42.5,52.4,Moderate,Mid-Range,Low Value,"Too expensive for the features offered, the price could be lower."
FT101570,25-34,Female,Working Professional,Tier 3,30700.0,25K-50K,Diploma,Muscle Gain,Beginner,3,Medium,5100,5.9,Poor,Medium,Good,3.3,High,No,Yes,No,Yes,Medium,High,Medium,Moderate,Yes,No,No,Yes,No,Yes,Yes,Medium,Low,Premium / Trusted,480.0,3K-6K,5300,Full Payment,Medium,Yes,4,Yes,Yes,Medium,High,2,59.2,32.3,56.6,55.7,78.6,59.2,62.6,High,Mid-Range,Medium Value,"Affordable, lightweight and the companion app is very beginner friendly."
FT101571,25-34,Female,Working Professional,Tier 2,32900.0,25K-50K,High School,General Fitness,Beginner,1,Low,3800,5.6,Poor,High,Good,3.7,High,No,Yes,No,No,High,High,High,Moderate,No,No,No,Yes,No,Yes,Yes,Medium,High,Premium / Trusted,940.0,6K-10K,6300,Full Payment,High,No,3,No,No,Low,High,3,75.3,17.7,68.1,66.5,84.7,48.7,62.1,High,Mid-Range,Medium Value,Hard to set up for beginners and too many confusing notifications.
FT101572,25-34,Female,Working Professional,Tier 2,40600.0,25K-50K,High School,Better Sleep,Intermediate,2,Medium,2500,5.3,Poor,Medium,Poor,3.8,High,No,Yes,No,Yes,Low,Medium,Medium,Moderate,Yes,No,No,No,Yes,Yes,No,High,Medium,Premium / Trusted,580.0,3K-6K,5600,Full Payment,Medium,No,3,No,No,Low,Medium,0,70.7,29.5,72.5,41.2,70.4,42.5,53.3,High,Mid-Range,Low Value,"Design is decent, battery is average, app could improve a little."
FT101573,35-44,Female,Homemaker,Tier 2,19900.0,< 25K,Diploma,General Fitness,Beginner,1,Low,1000,5.1,Poor,Medium,Poor,2.6,High,No,No,No,No,Medium,High,Low,Minimal,Yes,No,No,No,Yes,Yes,No,Medium,High,Budget / Value,810.0,< 3K,2700,Full Payment,High,No,2,No,No,Medium,Medium,0,72.4,11.1,76.5,27.9,91.6,26.2,26.6,High,Budget,Low Value,The app keeps crashing and the notifications are unreliable.
FT101574,18-24,Female,Self-Employed,Tier 1,77700.0,50K-1L,Graduate,Stress Management,Beginner,2,Medium,9400,5.6,Poor,Medium,Poor,1.9,Medium,No,Yes,Yes,Yes,High,High,Medium,Moderate,No,Yes,No,Yes,Yes,No,No,Medium,High,Budget / Value,4310.0,6K-10K,6300,Full Payment,Low,No,5,Yes,No,Medium,High,2,73.1,36.7,68.7,100.0,43.5,83.7,73.9,High,Mid-Range,Medium Value,"It works as expected, neither impressed nor disappointed so far."
FT101575,18-24,Male,Student,Tier 3,14000.0,< 25K,Post Graduate,Better Sleep,Advanced,6,High,9700,6.9,Average,Low,Good,2.6,Low,No,Yes,No,Yes,Medium,High,High,Minimal,No,Yes,Yes,Yes,No,No,Yes,Medium,Medium,Budget / Value,480.0,< 3K,2900,Full Payment,Low,Yes,3,No,No,Low,Low,0,26.7,76.8,31.8,52.6,52.5,38.4,54.6,Low,Budget,Low Value,I am worried about my health data privacy and how it is stored.
FT101576,35-44,Female,Self-Employed,Tier 2,77900.0,50K-1L,Graduate,Weight Loss,Beginner,1,Low,4500,5.9,Poor,Medium,Average,2.3,Medium,No,No,No,No,High,High,High,Moderate,No,Yes,Yes,Yes,Yes,Yes,Yes,Medium,High,No Preference,4840.0,3K-6K,5800,Full Payment,Medium,No,3,Yes,Yes,Medium,Medium,2,72.0,19.9,73.1,53.5,65.0,52.9,55.4,High,Mid-Range,Medium Value,The personalized health reports keep me motivated to stay consistent.
FT101577,45-54,Male,Working Professional,Tier 2,46800.0,25K-50K,Diploma,General Fitness,Intermediate,2,Medium,5100,6.3,Average,Low,Good,4.2,Low,No,No,No,No,Low,Medium,Medium,Minimal,Yes,No,Yes,No,No,Yes,Yes,Medium,High,No Preference,350.0,3K-6K,4600,Full Payment,High,No,2,No,No,Low,Medium,0,31.8,36.2,33.4,16.8,93.6,16.4,27.0,Low,Budget,Low Value,The battery drains too quickly and charging takes very long.
FT101578,55+,Female,Retired,Tier 2,56100.0,50K-1L,Graduate,Better Sleep,Intermediate,4,High,5900,6.3,Poor,Medium,Average,3.3,High,No,No,Yes,Yes,Low,Medium,Low,Moderate,Yes,Yes,Yes,Yes,No,No,No,High,Low,Budget / Value,1530.0,3K-6K,4200,Full Payment,Medium,Yes,3,No,No,Medium,Medium,0,59.1,43.1,55.2,33.8,63.4,40.9,40.0,High,Budget,Low Value,"Reasonable device for the price, a few features could be better."
FT101579,45-54,Female,Self-Employed,Tier 1,51000.0,50K-1L,High School,General Fitness,Intermediate,4,High,6800,6.4,Average,Low,Average,2.5,Low,No,No,Yes,No,Low,High,Medium,Moderate,Yes,No,Yes,Yes,Yes,No,No,Medium,Medium,No Preference,1310.0,3K-6K,5600,Full Payment,Medium,No,3,No,No,Medium,Low,1,31.9,49.5,32.9,41.6,70.6,38.7,42.7,Low,Mid-Range,Low Value,Heart rate readings feel inaccurate during workouts and the strap is uncomfortable.
FT101580,45-54,Male,Working Professional,Tier 1,107200.0,1L-2L,Graduate,Muscle Gain,Beginner,3,Medium,6500,6.3,Average,Medium,Average,3.1,Medium,No,Yes,No,No,Low,Low,Low,Moderate,Yes,No,Yes,No,No,Yes,Yes,Medium,High,Premium / Trusted,2640.0,6K-10K,7800,Full Payment,Low,Yes,3,No,No,Low,Low,1,54.6,39.0,48.1,37.4,40.9,42.3,56.2,Moderate,Mid-Range,Low Value,"Too expensive for the features offered, the price could be lower."
FT101581,25-34,Female,Working Professional,Tier 2,74400.0,50K-1L,Graduate,Better Sleep,Intermediate,2,Medium,4800,7.0,Average,Medium,Average,2.3,Medium,No,No,Yes,Yes,Low,High,Low,Minimal,No,No,Yes,No,No,Yes,Yes,Medium,Low,Budget / Value,2210.0,3K-6K,4500,Full Payment,Medium,Yes,3,Yes,Yes,Medium,High,1,48.1,39.3,51.8,41.5,71.9,52.7,31.4,Moderate,Budget,Medium Value,"Design is decent, battery is average, app could improve a little."
FT101582,25-34,Female,Self-Employed,Tier 2,29400.0,25K-50K,High School,Weight Loss,Intermediate,2,Medium,3800,7.2,Poor,Low,Average,1.4,Low,No,Yes,Yes,Yes,Medium,High,Low,Moderate,Yes,Yes,Yes,Yes,Yes,Yes,Yes,High,Medium,No Preference,1140.0,3K-6K,5000,Full Payment,Medium,No,4,Yes,Yes,High,Medium,2,52.7,31.0,51.7,73.9,72.4,66.9,81.9,Moderate,Mid-Range,Medium Value,"Affordable, lightweight and the companion app is very beginner friendly."
FT101583,18-24,Male,Student,Tier 1,38800.0,25K-50K,Post Graduate,Better Sleep,Beginner,2,Medium,6100,6.3,Poor,High,Poor,0.5,Low,No,No,Yes,No,High,High,Medium,Minimal,Yes,Yes,No,No,Yes,Yes,No,High,Medium,No Preference,740.0,6K-10K,6000,Full Payment,Low,No,4,Yes,No,Medium,Low,5,78.9,32.0,83.9,64.6,55.5,64.0,43.8,High,Mid-Range,Medium Value,The personalized health reports keep me motivated to stay consistent.
FT101584,25-34,Male,Self-Employed,Tier 1,131800.0,1L-2L,Graduate,General Fitness,Intermediate,3,Medium,6600,6.2,Poor,Medium,Average,2.4,High,No,Yes,Yes,No,Medium,High,Medium,Minimal,Yes,No,Yes,Yes,No,No,No,Low,High,Budget / Value,2430.0,6K-10K,6900,Full Payment,High,No,4,Yes,Yes,Low,Medium,0,62.4,39.4,63.3,74.9,80.1,67.9,58.1,High,Mid-Range,Medium Value,Step counting is accurate and syncing with the app is fast and seamless.
FT101585,45-54,Female,Working Professional,Tier 3,38700.0,25K-50K,Diploma,Muscle Gain,Advanced,4,High,8100,5.6,Poor,High,Good,2.1,High,No,No,Yes,No,Low,Medium,High,Moderate,Yes,Yes,No,Yes,No,Yes,No,Low,High,Budget / Value,590.0,< 3K,2300,Full Payment,High,Yes,1,No,Yes,Low,Low,1,65.9,56.5,54.5,35.6,83.7,11.5,40.6,High,Budget,Low Value,"Too expensive for the features offered, the price could be lower."
FT101586,25-34,Female,Working Professional,Tier 1,114200.0,1L-2L,Graduate,General Fitness,Beginner,3,Medium,7600,5.7,Poor,High,Poor,2.7,High,No,Yes,No,No,High,High,Low,Moderate,Yes,Yes,Yes,Yes,Yes,No,No,High,Low,No Preference,2930.0,6K-10K,9100,EMI,Medium,Yes,4,Yes,No,High,High,3,79.2,41.2,74.6,74.1,60.3,67.7,73.4,High,Mid-Range,Medium Value,The personalized health reports keep me motivated to stay consistent.
FT101587,25-34,Male,Working Professional,Tier 2,76900.0,50K-1L,Graduate,General Fitness,Beginner,0,Low,2700,7.3,Average,Medium,Average,2.3,Medium,No,Yes,No,No,High,High,Medium,Moderate,Yes,Yes,Yes,Yes,Yes,No,No,Medium,High,No Preference,3380.0,3K-6K,4100,Full Payment,Low,Yes,2,No,No,Medium,High,2,58.7,19.8,57.6,65.5,54.3,33.8,70.4,Moderate,Budget,Low Value,"Too expensive for the features offered, the price could be lower."
FT101588,18-24,Male,Self-Employed,Tier 2,39000.0,25K-50K,High School,Weight Loss,Intermediate,6,High,9300,5.8,Poor,High,Good,2.7,High,No,Yes,No,Yes,High,High,Medium,Frequent,Yes,No,Yes,No,Yes,Yes,Yes,Medium,Low,Budget / Value,1460.0,3K-6K,4900,Full Payment,Medium,Yes,3,No,No,Medium,Medium,0,66.3,63.7,53.7,57.4,73.2,34.9,74.5,High,Budget,Low Value,"Design is decent, battery is average, app could improve a little."
FT101589,18-24,Female,Student,Tier 3,12200.0,< 25K,Diploma,Weight Loss,Beginner,1,Low,6800,5.6,Poor,High,Average,2.9,High,Yes,No,No,No,High,Medium,Medium,Frequent,Yes,No,No,No,No,No,No,Low,High,Budget / Value,300.0,< 3K,2400,Full Payment,Medium,No,2,No,No,High,Medium,0,75.2,26.5,78.7,38.9,82.0,29.1,35.9,High,Budget,Low Value,The battery drains too quickly and charging takes very long.
FT101590,18-24,Male,Student,Tier 2,23800.0,< 25K,Graduate,General Fitness,Intermediate,4,High,5700,6.7,Average,Medium,Average,1.1,Low,No,Yes,No,No,Medium,High,High,Frequent,No,No,Yes,No,No,No,Yes,Medium,High,Premium / Trusted,1420.0,3K-6K,4900,Full Payment,High,Yes,3,Yes,Yes,Low,Medium,5,47.5,52.4,45.9,44.7,98.0,53.4,57.2,Moderate,Budget,Medium Value,"I love the sleep tracking, it is accurate and easy to understand."
FT101591,18-24,Male,Working Professional,Tier 3,67100.0,50K-1L,Post Graduate,General Fitness,Beginner,1,Low,800,6.3,Poor,Medium,Poor,3.0,High,No,Yes,No,No,High,High,High,Moderate,Yes,Yes,No,Yes,Yes,No,Yes,High,Low,Premium / Trusted,3140.0,6K-10K,7300,Full Payment,Low,No,4,Yes,No,High,High,1,79.7,12.1,78.3,58.4,46.1,60.3,67.9,High,Mid-Range,Medium Value,"The watch is okay, does the basic job of counting steps."
FT101592,45-54,Male,Homemaker,Tier 1,25500.0,25K-50K,Graduate,Muscle Gain,Beginner,2,Medium,6200,6.7,Average,Medium,Good,2.0,Medium,No,Yes,Yes,Yes,Medium,High,Low,Moderate,No,Yes,Yes,No,No,Yes,No,Low,High,Budget / Value,530.0,3K-6K,4600,Full Payment,High,Yes,4,Yes,Yes,Medium,Medium,2,43.5,31.3,42.7,66.9,86.4,58.4,62.3,Moderate,Budget,Medium Value,Heart rate monitoring feels reliable and the hydration reminders really help.
FT101593,25-34,Male,Student,Tier 3,15700.0,< 25K,Graduate,Weight Loss,Intermediate,3,Medium,5200,5.9,Poor,Medium,Good,2.7,High,Yes,Yes,No,No,Medium,Low,High,Moderate,Yes,Yes,No,Yes,Yes,No,No,Medium,Low,Premium / Trusted,140.0,3K-6K,3900,Full Payment,Medium,Yes,3,No,Yes,High,Medium,1,55.1,40.4,55.3,48.1,78.0,37.4,60.0,High,Budget,Low Value,"Average experience overall, nothing special but works fine."
FT101594,35-44,Female,Working Professional,Tier 3,43800.0,25K-50K,Graduate,Weight Loss,Advanced,6,High,7700,6.4,Average,Low,Good,3.1,Medium,No,Yes,No,No,Medium,Medium,High,Moderate,No,No,Yes,Yes,No,No,No,High,Low,Budget / Value,760.0,3K-6K,3800,Full Payment,Low,Yes,2,No,No,Medium,High,1,23.3,71.3,30.7,46.3,55.3,33.7,50.8,Low,Budget,Low Value,The app keeps crashing and the notifications are unreliable.
FT101595,35-44,Female,Working Professional,Tier 2,58600.0,50K-1L,Graduate,Weight Loss,Beginner,1,Low,5700,7.2,Average,Medium,Poor,3.1,Medium,No,No,No,No,Medium,Low,Medium,Moderate,No,No,Yes,No,Yes,Yes,No,Medium,Low,Premium / Trusted,2060.0,6K-10K,6300,Full Payment,High,No,3,No,No,High,Medium,0,61.4,30.2,68.5,29.3,88.1,42.9,34.1,Moderate,Mid-Range,Low Value,I am worried about my health data privacy and how it is stored.
FT101596,18-24,Female,Student,Tier 2,18000.0,< 25K,High School,General Fitness,Advanced,4,High,7100,6.0,Average,Low,Good,2.4,Low,No,Yes,No,No,Medium,Low,High,Moderate,No,Yes,No,No,No,No,No,High,Medium,Budget / Value,300.0,< 3K,2300,Full Payment,Medium,No,2,No,Yes,Medium,Medium,1,31.3,57.4,27.7,47.5,67.4,32.5,46.9,Low,Budget,Low Value,Customer support was slow and the device disconnects from the app often.
FT101597,18-24,Female,Working Professional,Tier 1,75900.0,50K-1L,Graduate,Weight Loss,Beginner,4,High,5100,6.5,Average,Medium,Average,2.4,Medium,Yes,No,Yes,No,High,High,Medium,Minimal,No,No,Yes,No,No,No,Yes,Low,Low,No Preference,1820.0,6K-10K,8100,EMI,Low,No,3,No,No,Low,High,1,44.8,46.2,42.9,79.1,45.3,49.1,40.3,Moderate,Mid-Range,Medium Value,The battery drains too quickly and charging takes very long.
FT101598,35-44,Male,Homemaker,Tier 2,21700.0,< 25K,Post Graduate,Weight Loss,Beginner,1,Low,7600,5.8,Poor,Medium,Average,3.0,Medium,No,Yes,No,Yes,High,Medium,High,Frequent,Yes,No,No,Yes,No,Yes,Yes,Medium,High,Budget / Value,1450.0,3K-6K,4000,Full Payment,Medium,Yes,4,Yes,Yes,High,Medium,5,70.8,30.9,69.1,58.3,73.5,57.3,70.5,High,Budget,Medium Value,"Average experience overall, nothing special but works fine."
FT101599,18-24,Male,Working Professional,Tier 1,134400.0,1L-2L,Post Graduate,Muscle Gain,Beginner,1,Low,1200,5.0,Poor,Medium,Poor,1.1,High,No,Yes,Yes,No,High,Medium,High,Moderate,Yes,Yes,Yes,Yes,Yes,Yes,No,High,Medium,Budget / Value,8690.0,6K-10K,7800,Full Payment,Medium,Yes,3,No,No,Medium,Medium,0,74.4,11.7,81.9,81.5,63.3,50.9,80.2,High,Mid-Range,Medium Value,"Great value for money, the app is smooth and the design looks premium."
FT101600,45-54,Male,Working Professional,Tier 1,77200.0,50K-1L,Post Graduate,Stress Management,Beginner,0,Low,2800,5.1,Poor,High,Poor,1.5,High,No,No,No,No,Low,Medium,High,Moderate,Yes,Yes,No,Yes,No,No,No,Low,High,No Preference,3100.0,6K-10K,6900,Full Payment,Medium,Yes,2,No,No,Low,Low,0,87.9,17.3,87.6,12.5,62.6,34.1,28.2,High,Mid-Range,Low Value,Hard to set up for beginners and too many confusing notifications.
FT101601,18-24,Male,Student,Tier 3,8000.0,< 25K,High School,Stress Management,Intermediate,6,High,6200,5.7,Poor,High,Average,2.1,High,No,Yes,No,No,Low,Medium,Low,Moderate,Yes,No,Yes,No,No,No,No,Medium,Medium,Budget / Value,1410.0,< 3K,2300,Full Payment,Low,Yes,4,Yes,No,High,Medium,2,73.7,57.8,64.1,32.8,59.2,54.0,46.1,High,Budget,Medium Value,Heart rate readings feel inaccurate during workouts and the strap is uncomfortable.
FT101602,35-44,Male,Working Professional,Tier 1,114400.0,1L-2L,Graduate,General Fitness,Beginner,1,Low,4600,6.6,Average,Medium,Average,2.3,Medium,No,No,No,No,High,High,High,Moderate,No,Yes,No,No,No,No,Yes,High,Medium,No Preference,2630.0,6K-10K,7500,Full Payment,High,Yes,2,No,No,Medium,High,1,61.3,26.9,62.2,53.1,84.8,21.2,38.2,Moderate,Mid-Range,Low Value,The app keeps crashing and the notifications are unreliable.
FT101603,35-44,Male,Working Professional,Tier 2,67300.0,50K-1L,Graduate,Better Sleep,Beginner,4,High,6200,6.7,Poor,Medium,Good,2.1,High,No,Yes,Yes,Yes,Medium,Medium,Low,Moderate,Yes,No,Yes,Yes,No,Yes,No,Medium,Medium,Budget / Value,3280.0,3K-6K,4900,Full Payment,High,Yes,3,No,Yes,Low,Low,0,52.6,35.5,46.6,69.0,90.2,42.1,67.3,High,Budget,Low Value,I am worried about my health data privacy and how it is stored.
FT101604,18-24,Male,Student,Tier 1,26100.0,25K-50K,Diploma,Muscle Gain,Beginner,2,Medium,6700,6.2,Poor,High,Poor,2.0,High,No,Yes,No,No,High,High,High,Moderate,Yes,Yes,No,Yes,Yes,Yes,No,Medium,High,Budget / Value,1670.0,3K-6K,4000,Full Payment,High,Yes,3,No,No,High,High,1,82.0,32.1,82.6,69.9,93.7,51.4,71.9,High,Budget,Medium Value,Sleep tracking data seems wrong and the design feels cheap.
FT101605,18-24,Male,Student,Tier 1,20800.0,< 25K,Diploma,Muscle Gain,Intermediate,3,Medium,6300,5.0,Poor,High,Good,2.4,Medium,Yes,No,No,No,Medium,Medium,Low,Minimal,Yes,No,Yes,No,No,No,Yes,High,Medium,Premium / Trusted,1180.0,6K-10K,6700,Full Payment,Medium,No,3,No,No,Medium,Medium,2,67.2,40.5,65.3,34.4,64.2,38.2,28.9,High,Mid-Range,Low Value,"The watch is okay, does the basic job of counting steps."
FT101606,55+,Female,Homemaker,Tier 1,30600.0,25K-50K,Post Graduate,Weight Loss,Advanced,5,High,10900,6.2,Poor,High,Average,2.3,High,No,No,No,No,Low,Medium,Medium,Minimal,No,Yes,Yes,Yes,No,No,No,High,Medium,No Preference,1400.0,3K-6K,4600,Full Payment,Low,No,3,No,No,Medium,Low,1,72.4,75.4,66.7,20.0,53.8,38.8,23.9,High,Budget,Low Value,I am worried about my health data privacy and how it is stored.
FT101607,18-24,Female,Working Professional,Tier 1,67800.0,50K-1L,Graduate,Weight Loss,Beginner,4,High,6600,6.0,Poor,High,Poor,3.2,High,Yes,No,Yes,Yes,High,High,High,Minimal,Yes,Yes,Yes,Yes,Yes,Yes,No,High,Low,Budget / Value,3960.0,6K-10K,6900,Full Payment,Medium,No,3,No,Yes,High,High,2,76.6,35.9,76.4,61.5,66.1,39.7,51.2,High,Mid-Range,Low Value,"Design is decent, battery is average, app could improve a little."
FT101608,25-34,Female,Self-Employed,Tier 2,54000.0,50K-1L,Graduate,General Fitness,Beginner,0,Low,800,6.4,Poor,Medium,Poor,2.8,Medium,No,Yes,No,No,High,High,Medium,Moderate,No,Yes,No,No,Yes,Yes,Yes,Medium,Medium,Budget / Value,400.0,< 3K,2600,Full Payment,High,Yes,3,No,No,Medium,High,2,80.2,13.1,81.2,58.5,90.8,48.2,63.6,High,Budget,Medium Value,Customer support was slow and the device disconnects from the app often.
FT101609,25-34,Female,Student,Tier 3,8500.0,< 25K,Diploma,Weight Loss,Advanced,5,High,8900,6.8,Good,Medium,Good,2.2,Low,No,Yes,No,No,Medium,High,Medium,Moderate,No,Yes,Yes,Yes,No,No,Yes,High,Medium,Premium / Trusted,210.0,3K-6K,4600,Full Payment,High,No,3,No,No,Low,Low,0,24.6,72.7,31.6,52.2,87.2,45.1,61.4,Low,Budget,Medium Value,"Design is decent, battery is average, app could improve a little."
FT101610,18-24,Female,Working Professional,Tier 2,69800.0,50K-1L,Graduate,Stress Management,Beginner,1,Low,3600,4.8,Poor,High,Good,2.0,High,No,Yes,Yes,Yes,Medium,Low,Medium,Minimal,Yes,Yes,No,No,Yes,Yes,No,High,Low,No Preference,3780.0,6K-10K,6800,Full Payment,Medium,No,4,Yes,No,Low,Medium,2,73.9,18.5,76.0,72.0,59.3,72.5,61.3,High,Mid-Range,Medium Value,The personalized health reports keep me motivated to stay consistent.
FT101611,35-44,Male,Self-Employed,Tier 3,22800.0,< 25K,High School,General Fitness,Intermediate,3,Medium,3000,5.1,Poor,High,Poor,2.3,Medium,No,No,No,No,Low,Medium,Medium,Minimal,Yes,Yes,No,No,No,Yes,No,High,Medium,Premium / Trusted,750.0,3K-6K,3700,Full Payment,Medium,No,3,No,No,Medium,Medium,1,82.2,30.8,80.1,17.2,75.1,46.6,22.9,High,Budget,Medium Value,Customer support was slow and the device disconnects from the app often.
FT101612,35-44,Female,Working Professional,Tier 2,42300.0,25K-50K,High School,Weight Loss,Intermediate,3,Medium,4400,6.9,Poor,Medium,Average,2.3,Medium,Yes,No,Yes,Yes,Medium,Low,High,Frequent,No,No,Yes,Yes,No,No,No,High,High,Premium / Trusted,750.0,6K-10K,6500,Full Payment,Medium,No,2,No,Yes,Medium,High,5,65.2,37.0,58.0,49.4,66.9,30.1,43.9,High,Mid-Range,Low Value,Customer support was slow and the device disconnects from the app often.
FT101613,25-34,Male,Working Professional,Tier 2,67200.0,50K-1L,Graduate,Weight Loss,Advanced,5,High,7200,6.0,Poor,Medium,Average,4.3,High,No,Yes,No,No,Low,Medium,High,Minimal,Yes,Yes,No,Yes,Yes,No,No,High,Medium,Budget / Value,3400.0,3K-6K,5400,Full Payment,Medium,No,2,No,No,Low,Low,0,54.2,56.1,54.2,40.8,59.2,28.9,50.4,High,Mid-Range,Low Value,"Reasonable device for the price, a few features could be better."
FT101614,35-44,Male,Working Professional,Tier 1,79500.0,50K-1L,Diploma,Weight Loss,Beginner,2,Medium,8000,7.8,Average,Medium,Average,1.1,High,No,No,No,No,Medium,High,Medium,Moderate,No,No,No,No,Yes,No,Yes,High,Medium,Budget / Value,3240.0,3K-6K,4700,Full Payment,High,Yes,1,No,No,High,Medium,1,51.3,39.0,60.3,27.0,81.3,12.3,29.0,Moderate,Budget,Low Value,"Too expensive for the features offered, the price could be lower."
FT101615,18-24,Male,Student,Tier 1,40100.0,25K-50K,Post Graduate,General Fitness,Beginner,1,Low,5400,5.4,Poor,Medium,Average,1.6,High,No,Yes,No,No,High,High,High,Moderate,No,Yes,No,Yes,No,Yes,No,High,Medium,Budget / Value,1560.0,3K-6K,4800,Full Payment,High,Yes,2,No,No,Low,Medium,1,72.2,19.6,68.4,61.9,89.3,21.8,60.5,High,Budget,Low Value,I am worried about my health data privacy and how it is stored.
FT101616,18-24,Male,Student,Tier 3,13500.0,< 25K,Graduate,Weight Loss,Beginner,0,Low,2400,6.9,Average,High,Good,1.4,Medium,No,Yes,No,No,High,High,Medium,Moderate,No,No,No,No,Yes,Yes,No,Medium,High,Budget / Value,360.0,< 3K,2500,Full Payment,Low,Yes,3,No,Yes,Low,Medium,0,64.1,12.1,56.1,58.6,59.0,38.9,55.1,High,Budget,Low Value,"The watch is okay, does the basic job of counting steps."
FT101617,25-34,Male,Self-Employed,Tier 2,37800.0,25K-50K,High School,Muscle Gain,Beginner,2,Medium,6000,6.1,Average,Medium,Poor,2.5,Medium,Yes,Yes,Yes,No,High,Medium,High,Minimal,Yes,Yes,No,Yes,Yes,Yes,Yes,Medium,Medium,No Preference,460.0,3K-6K,4200,Full Payment,Low,Yes,3,No,No,Low,Medium,0,59.7,34.4,68.4,89.6,51.9,51.7,76.1,Moderate,Budget,Medium Value,"Design is decent, battery is average, app could improve a little."
FT101618,55+,Female,Homemaker,Tier 2,16800.0,< 25K,High School,General Fitness,Beginner,2,Medium,1500,7.3,Good,Low,Poor,2.5,Low,No,No,No,No,Low,Medium,High,Moderate,No,Yes,No,No,Yes,No,No,Low,Low,Premium / Trusted,860.0,3K-6K,4400,Full Payment,High,No,2,No,No,Low,Medium,1,33.9,33.7,41.8,14.6,90.3,19.2,24.7,Low,Budget,Low Value,Hard to set up for beginners and too many confusing notifications.
FT101619,18-24,Female,Self-Employed,Tier 3,22300.0,< 25K,Graduate,Muscle Gain,Advanced,4,High,6400,6.5,Poor,Low,Poor,1.8,Medium,Yes,Yes,No,No,Medium,High,Medium,Minimal,Yes,Yes,Yes,No,Yes,No,No,High,High,No Preference,390.0,< 3K,2500,Full Payment,Medium,No,4,Yes,No,Low,High,5,52.5,53.3,50.4,55.5,71.7,59.9,55.6,Moderate,Budget,Medium Value,Step counting is accurate and syncing with the app is fast and seamless.
FT101620,18-24,Female,Self-Employed,Tier 1,59800.0,50K-1L,High School,Medical / Recovery,Beginner,4,High,8100,5.9,Poor,High,Good,3.0,High,Yes,No,No,No,Medium,Medium,Medium,Moderate,Yes,No,No,Yes,No,Yes,No,High,Medium,Premium / Trusted,2620.0,6K-10K,6300,Full Payment,Low,No,2,No,No,Low,Low,1,60.9,42.0,54.2,26.9,52.3,33.6,33.3,High,Mid-Range,Low Value,"The watch is okay, does the basic job of counting steps."
FT101621,25-34,Female,Student,Tier 3,12100.0,< 25K,Diploma,Better Sleep,Beginner,3,Medium,6600,6.3,Average,High,Average,2.6,High,No,No,Yes,No,Medium,High,Low,Moderate,No,Yes,No,Yes,No,Yes,Yes,Low,High,Budget / Value,290.0,3K-6K,3900,Full Payment,Low,No,4,Yes,No,Medium,Medium,3,66.6,48.6,62.6,54.4,56.8,65.8,47.2,High,Budget,Medium Value,"Average experience overall, nothing special but works fine."
FT101622,35-44,Male,Working Professional,Tier 1,104900.0,1L-2L,Graduate,Muscle Gain,Beginner,2,Medium,4200,5.5,Poor,High,Poor,3.1,High,Yes,Yes,Yes,Yes,Medium,Low,High,Moderate,Yes,No,Yes,Yes,Yes,Yes,Yes,High,Medium,Premium / Trusted,2290.0,6K-10K,9900,Full Payment,Low,No,4,Yes,Yes,Medium,High,1,83.9,17.9,83.2,66.7,47.1,56.2,75.1,High,Mid-Range,Medium Value,Comfortable to wear all day and the stress tracking is genuinely useful.
FT101623,18-24,Male,Working Professional,Tier 3,26300.0,25K-50K,Diploma,General Fitness,Beginner,2,Medium,5100,6.5,Average,Medium,Good,3.3,High,Yes,Yes,No,No,Medium,High,Low,Moderate,Yes,Yes,Yes,Yes,No,Yes,Yes,High,High,Premium / Trusted,810.0,3K-6K,4600,Full Payment,Medium,No,4,Yes,No,Low,Medium,2,46.1,33.8,46.2,52.5,79.3,67.5,70.1,Moderate,Budget,Medium Value,Heart rate monitoring feels reliable and the hydration reminders really help.
FT101624,25-34,Female,Self-Employed,Tier 1,75200.0,50K-1L,Graduate,Stress Management,Intermediate,3,Medium,6900,6.3,Average,Medium,Average,0.6,Low,No,Yes,Yes,Yes,High,High,Low,Frequent,Yes,No,Yes,No,No,No,Yes,High,Low,Budget / Value,3600.0,3K-6K,5800,Full Payment,Low,Yes,4,Yes,No,High,High,1,52.2,45.8,54.4,84.6,47.7,59.5,75.5,Moderate,Mid-Range,Medium Value,The personalized health reports keep me motivated to stay consistent.
FT101625,35-44,Male,Homemaker,Tier 1,27300.0,25K-50K,Graduate,Better Sleep,Beginner,3,Medium,6300,6.4,Average,Medium,Average,2.8,Medium,No,Yes,Yes,Yes,High,Medium,Medium,Moderate,Yes,Yes,Yes,Yes,No,Yes,No,High,High,No Preference,540.0,3K-6K,4600,Full Payment,High,Yes,4,Yes,No,High,High,1,55.3,40.2,47.2,78.2,94.3,64.8,74.8,Moderate,Budget,Medium Value,"It works as expected, neither impressed nor disappointed so far."
FT101626,25-34,Male,Working Professional,Tier 2,48700.0,25K-50K,High School,General Fitness,Intermediate,5,High,10000,4.2,Poor,High,Poor,1.3,High,No,Yes,No,No,Low,High,High,Minimal,Yes,Yes,Yes,Yes,No,No,No,Medium,Low,No Preference,630.0,3K-6K,4100,Full Payment,Medium,No,3,No,No,Medium,Low,0,83.1,55.9,70.4,43.2,61.2,48.7,51.3,High,Budget,Medium Value,"Reasonable device for the price, a few features could be better."
FT101627,18-24,Male,Student,Tier 1,24900.0,< 25K,Post Graduate,Weight Loss,Intermediate,4,High,8000,6.0,Average,Medium,Good,2.5,Medium,No,Yes,No,No,High,High,Medium,Moderate,Yes,No,No,No,Yes,No,No,Medium,Medium,No Preference,800.0,3K-6K,4400,Full Payment,High,Yes,4,Yes,No,Medium,Medium,0,40.3,53.3,37.2,70.3,92.4,61.4,59.2,Moderate,Budget,Medium Value,The battery drains too quickly and charging takes very long.
FT101628,18-24,Female,Self-Employed,Tier 3,32500.0,25K-50K,Graduate,Stress Management,Beginner,1,Low,5000,6.4,Poor,High,Average,2.2,High,Yes,No,No,No,Medium,High,Low,Moderate,No,Yes,No,No,No,No,Yes,Medium,Low,Premium / Trusted,1360.0,3K-6K,4600,Full Payment,Medium,Yes,4,Yes,No,Low,Low,3,81.4,23.2,82.6,35.0,66.2,59.9,31.8,High,Budget,Medium Value,"Design is decent, battery is average, app could improve a little."
FT101629,25-34,Female,Working Professional,Tier 2,73900.0,50K-1L,Graduate,Weight Loss,Intermediate,3,Medium,9400,6.4,Poor,High,Poor,2.3,High,No,Yes,Yes,No,High,High,Low,Minimal,Yes,Yes,Yes,Yes,Yes,No,Yes,High,High,No Preference,3620.0,6K-10K,6200,Full Payment,High,Yes,4,Yes,No,Medium,High,5,83.8,47.7,79.7,88.1,83.7,64.0,75.5,High,Mid-Range,Medium Value,Comfortable to wear all day and the stress tracking is genuinely useful.
FT101630,25-34,Male,Working Professional,Tier 1,48700.0,25K-50K,High School,Stress Management,Beginner,2,Medium,6700,5.8,Poor,High,Poor,1.3,High,No,Yes,Yes,No,High,High,Low,Frequent,No,Yes,Yes,Yes,No,No,No,High,High,Budget / Value,1770.0,3K-6K,4100,Full Payment,Medium,No,3,No,No,Medium,High,3,87.0,28.5,74.1,93.0,67.9,52.3,78.4,High,Budget,Medium Value,"The watch is okay, does the basic job of counting steps."
FT101631,45-54,Female,Working Professional,Tier 1,72300.0,50K-1L,Graduate,Weight Loss,Beginner,2,Medium,8300,6.1,Poor,Medium,Poor,3.1,High,No,No,Yes,No,High,Medium,Medium,Minimal,No,No,No,Yes,Yes,No,Yes,Medium,Medium,No Preference,2210.0,6K-10K,6500,Full Payment,Medium,No,3,No,Yes,Medium,High,2,73.0,30.4,73.0,62.8,67.1,49.6,38.8,High,Mid-Range,Medium Value,"The watch is okay, does the basic job of counting steps."
FT101632,35-44,Male,Working Professional,Tier 3,45500.0,25K-50K,Diploma,Weight Loss,Advanced,5,High,7300,6.9,Poor,High,Average,1.3,High,No,No,No,No,Low,Medium,High,Frequent,Yes,Yes,Yes,Yes,No,No,No,High,High,No Preference,730.0,< 3K,2100,Full Payment,High,No,2,No,No,Low,Low,0,71.2,61.2,56.9,13.2,87.1,29.2,39.8,High,Budget,Low Value,I am worried about my health data privacy and how it is stored.
FT101633,35-44,Male,Working Professional,Tier 2,82000.0,50K-1L,Graduate,Stress Management,Advanced,4,High,4500,6.6,Poor,Medium,Poor,2.9,High,No,No,No,No,Medium,High,High,Moderate,Yes,Yes,No,Yes,Yes,No,Yes,Medium,Low,Budget / Value,2030.0,3K-6K,5400,Full Payment,Medium,No,3,No,Yes,Low,High,2,67.4,47.4,61.9,34.5,64.5,39.1,44.5,High,Mid-Range,Low Value,Heart rate readings feel inaccurate during workouts and the strap is uncomfortable.
FT101634,55+,Male,Working Professional,Tier 3,43500.0,25K-50K,Diploma,Stress Management,Beginner,3,Medium,6000,5.4,Poor,High,Average,1.2,Medium,No,Yes,No,No,Low,Medium,Medium,Moderate,Yes,Yes,No,Yes,No,Yes,No,Medium,Medium,Premium / Trusted,970.0,3K-6K,5100,Full Payment,Medium,Yes,5,Yes,No,High,Low,2,76.9,29.6,74.6,21.0,73.0,75.9,50.5,High,Mid-Range,Medium Value,"Affordable, lightweight and the companion app is very beginner friendly."
FT101635,25-34,Male,Student,Tier 1,43800.0,25K-50K,Post Graduate,Muscle Gain,Beginner,0,Low,2600,6.3,Poor,High,Average,2.3,High,Yes,Yes,No,Yes,High,High,Medium,Moderate,No,Yes,Yes,Yes,No,Yes,No,High,Low,Budget / Value,660.0,3K-6K,5900,Full Payment,Low,Yes,4,Yes,No,Low,High,7,77.0,7.4,81.5,71.5,51.4,72.7,68.2,High,Mid-Range,Medium Value,Step counting is accurate and syncing with the app is fast and seamless.
FT101636,25-34,Female,Student,Tier 3,11000.0,< 25K,Diploma,Better Sleep,Beginner,0,Low,5600,6.7,Poor,Medium,Good,3.7,Medium,No,Yes,No,No,High,High,Medium,Minimal,Yes,No,Yes,No,No,Yes,No,High,Medium,Premium / Trusted,1410.0,3K-6K,4800,Full Payment,Low,No,4,Yes,No,High,High,1,66.5,20.4,56.2,64.4,54.5,65.1,54.4,High,Budget,Medium Value,The personalized health reports keep me motivated to stay consistent.
FT101637,45-54,Male,Working Professional,Tier 2,74300.0,50K-1L,Post Graduate,Better Sleep,Beginner,0,Low,1000,6.1,Poor,High,Average,4.2,High,No,No,Yes,Yes,Medium,Medium,High,Moderate,Yes,Yes,No,Yes,No,No,No,High,Low,No Preference,1370.0,6K-10K,6800,Full Payment,Low,No,2,No,No,Medium,High,2,78.8,7.9,81.9,53.5,47.6,34.3,42.6,High,Mid-Range,Low Value,"It works as expected, neither impressed nor disappointed so far."
FT101638,18-24,Female,Student,Tier 2,21400.0,< 25K,Post Graduate,General Fitness,Intermediate,2,Medium,5100,6.1,Average,Medium,Average,1.0,Medium,No,No,Yes,No,Medium,High,Medium,Minimal,No,No,Yes,No,Yes,No,Yes,Medium,Medium,Budget / Value,830.0,< 3K,2400,Full Payment,Low,No,2,No,No,Medium,Medium,0,51.4,40.4,55.8,55.6,52.7,34.1,36.3,Moderate,Budget,Low Value,"It works as expected, neither impressed nor disappointed so far."
FT101639,35-44,Male,Working Professional,Tier 1,95000.0,50K-1L,Graduate,Medical / Recovery,Beginner,3,Medium,7000,6.5,Poor,Medium,Average,1.7,High,Yes,Yes,Yes,Yes,High,Medium,Low,Minimal,Yes,No,Yes,Yes,Yes,No,No,Medium,Low,Premium / Trusted,2870.0,6K-10K,8400,Full Payment,Medium,Yes,4,Yes,Yes,Medium,Medium,0,61.4,43.3,63.7,79.6,68.5,70.5,64.0,High,Mid-Range,Medium Value,"I love the sleep tracking, it is accurate and easy to understand."
FT101640,35-44,Female,Working Professional,Tier 1,63200.0,50K-1L,Diploma,General Fitness,Advanced,7,High,10900,7.6,Average,Low,Average,2.3,Medium,No,Yes,No,No,Medium,Medium,Low,Moderate,Yes,No,Yes,Yes,Yes,No,Yes,Medium,Medium,Budget / Value,2190.0,3K-6K,4100,Full Payment,Medium,Yes,4,Yes,No,Low,High,4,33.4,84.3,33.5,49.2,67.8,54.5,64.6,Low,Budget,Medium Value,"Great value for money, the app is smooth and the design looks premium."
FT101641,18-24,Female,Student,Tier 3,13200.0,< 25K,Graduate,Weight Loss,Intermediate,3,Medium,6000,6.6,Average,Medium,Good,4.1,Low,No,Yes,No,No,Medium,Medium,Medium,Minimal,Yes,Yes,No,Yes,No,No,No,Medium,Medium,Premium / Trusted,510.0,3K-6K,4600,Full Payment,Medium,No,3,No,Yes,Medium,Low,0,46.4,46.2,45.6,55.2,82.8,44.0,51.2,Moderate,Budget,Low Value,Sleep tracking data seems wrong and the design feels cheap.
FT101642,25-34,Female,Self-Employed,Tier 3,57500.0,50K-1L,Post Graduate,Better Sleep,Beginner,2,Medium,5800,5.4,Poor,Medium,Good,2.2,Medium,No,No,No,No,Medium,High,Medium,Moderate,No,Yes,No,Yes,No,No,Yes,High,Low,Budget / Value,2140.0,3K-6K,3100,Full Payment,Medium,Yes,3,No,No,Medium,Low,0,61.8,23.5,52.0,31.4,70.6,46.8,34.8,High,Budget,Medium Value,Heart rate readings feel inaccurate during workouts and the strap is uncomfortable.
FT101643,18-24,Female,Self-Employed,Tier 1,109400.0,1L-2L,Graduate,General Fitness,Advanced,5,High,10400,5.7,Poor,Medium,Average,3.2,Medium,No,Yes,Yes,Yes,Medium,Low,High,Moderate,No,Yes,Yes,No,Yes,Yes,Yes,High,High,No Preference,2790.0,6K-10K,6300,Full Payment,Low,Yes,3,No,No,Medium,Medium,0,56.8,71.0,57.9,66.6,46.7,46.0,70.7,High,Mid-Range,Medium Value,The personalized health reports keep me motivated to stay consistent.
FT101644,18-24,Female,Student,Tier 3,16300.0,< 25K,Graduate,Better Sleep,Intermediate,2,Medium,8000,6.4,Average,Low,Average,2.5,Low,Yes,No,Yes,Yes,Medium,High,Low,Frequent,No,Yes,No,Yes,Yes,No,No,Medium,Low,Budget / Value,400.0,< 3K,1200,Full Payment,Medium,Yes,3,No,No,High,Medium,1,44.2,46.9,45.8,47.8,72.2,44.6,47.6,Low,Budget,Low Value,"Reasonable device for the price, a few features could be better."
FT101645,25-34,Male,Working Professional,Tier 1,89200.0,50K-1L,High School,Weight Loss,Beginner,4,High,7500,5.1,Poor,High,Average,1.3,Medium,No,Yes,Yes,Yes,High,High,High,Frequent,Yes,Yes,No,Yes,Yes,No,Yes,Low,Medium,Budget / Value,1500.0,3K-6K,5300,Full Payment,High,No,4,Yes,Yes,Low,High,1,65.2,48.5,63.9,100.0,86.7,58.5,89.4,High,Mid-Range,Medium Value,"Design is decent, battery is average, app could improve a little."
FT101646,18-24,Female,Student,Tier 1,29700.0,25K-50K,Post Graduate,Weight Loss,Intermediate,5,High,7000,5.2,Poor,Medium,Good,0.8,High,No,Yes,Yes,Yes,High,High,High,Minimal,Yes,No,No,No,Yes,No,Yes,High,Medium,No Preference,1410.0,3K-6K,4000,Full Payment,Medium,No,5,Yes,No,Medium,Medium,0,48.4,48.8,49.5,82.4,76.0,81.1,60.7,High,Budget,Medium Value,The personalized health reports keep me motivated to stay consistent.
FT101647,35-44,Female,Working Professional,Tier 1,36000.0,25K-50K,High School,Weight Loss,Advanced,5,High,11300,7.3,Average,Medium,Average,1.8,Medium,No,No,No,No,Medium,Medium,Medium,Frequent,No,No,Yes,No,No,Yes,No,High,High,Premium / Trusted,930.0,6K-10K,6200,Full Payment,Medium,No,2,No,No,Medium,High,2,43.6,70.4,47.8,35.1,72.0,28.8,38.9,Moderate,Mid-Range,Low Value,Customer support was slow and the device disconnects from the app often.
FT101648,45-54,Male,Working Professional,Tier 1,68100.0,50K-1L,High School,Muscle Gain,Advanced,4,High,5500,5.8,Poor,Medium,Average,4.2,Medium,No,No,No,No,Medium,Medium,Low,Minimal,No,Yes,Yes,Yes,No,No,Yes,Medium,High,Premium / Trusted,4400.0,6K-10K,9200,EMI,Medium,Yes,4,Yes,No,Medium,Low,1,60.4,54.8,54.0,28.1,66.0,62.2,31.0,High,Mid-Range,Medium Value,"The watch is okay, does the basic job of counting steps."
FT101649,35-44,Male,Working Professional,Tier 1,59500.0,50K-1L,Diploma,Better Sleep,Beginner,1,Low,7300,5.4,Poor,High,Average,2.5,Medium,No,No,No,No,Medium,High,Low,Moderate,Yes,Yes,No,Yes,No,Yes,No,High,High,No Preference,760.0,3K-6K,5700,Full Payment,Medium,No,3,No,No,Low,Medium,0,78.4,28.5,72.3,30.4,72.9,43.2,38.8,High,Mid-Range,Low Value,The app keeps crashing and the notifications are unreliable.
FT101650,18-24,Male,Student,Tier 1,27400.0,25K-50K,Graduate,General Fitness,Intermediate,2,Medium,7600,4.9,Poor,Medium,Poor,3.1,High,No,Yes,No,No,High,High,Medium,Frequent,Yes,No,Yes,Yes,No,Yes,Yes,Low,High,No Preference,1130.0,3K-6K,4200,Full Payment,High,Yes,3,No,No,Medium,Medium,0,67.0,43.5,70.9,63.4,99.3,48.8,76.6,High,Budget,Medium Value,Hard to set up for beginners and too many confusing notifications.
FT101651,18-24,Male,Student,Tier 1,22700.0,< 25K,Post Graduate,Weight Loss,Advanced,5,High,11200,6.3,Poor,High,Average,1.2,High,Yes,Yes,Yes,No,High,High,Low,Minimal,Yes,Yes,No,Yes,Yes,No,Yes,High,Medium,No Preference,1550.0,3K-6K,5300,Full Payment,Medium,Yes,4,Yes,No,Medium,Medium,2,75.4,64.4,55.9,79.3,66.7,67.4,68.2,High,Mid-Range,Medium Value,"Great value for money, the app is smooth and the design looks premium."
FT101652,18-24,Male,Working Professional,Tier 2,62400.0,50K-1L,Post Graduate,General Fitness,Advanced,5,High,9700,5.4,Poor,High,Poor,2.0,High,No,Yes,No,No,Low,Low,High,Moderate,No,Yes,No,Yes,Yes,Yes,Yes,High,Medium,Budget / Value,4030.0,< 3K,2900,Full Payment,Medium,No,2,No,No,High,Medium,0,76.6,60.8,78.8,39.6,66.3,34.5,61.3,High,Budget,Low Value,Sleep tracking data seems wrong and the design feels cheap.
FT101653,18-24,Male,Student,Tier 3,8000.0,< 25K,Diploma,General Fitness,Beginner,1,Low,800,5.8,Poor,Medium,Average,2.9,High,No,Yes,Yes,Yes,High,High,High,Minimal,Yes,No,Yes,No,No,Yes,No,High,High,Budget / Value,400.0,< 3K,1400,Full Payment,Medium,Yes,3,No,No,Medium,High,0,73.8,9.6,70.5,82.0,74.2,47.6,60.6,High,Budget,Medium Value,"Reasonable device for the price, a few features could be better."
FT101654,45-54,Female,Working Professional,Tier 2,58000.0,50K-1L,Graduate,Muscle Gain,Beginner,0,Low,1100,6.3,Poor,Medium,Poor,1.4,Low,No,Yes,No,No,High,High,High,Frequent,Yes,No,Yes,No,No,No,No,Medium,Low,Premium / Trusted,1850.0,6K-10K,6000,Full Payment,High,Yes,4,Yes,No,Medium,Medium,2,79.4,0.7,76.7,59.0,86.5,70.9,62.2,High,Mid-Range,Medium Value,The personalized health reports keep me motivated to stay consistent.
FT101655,25-34,Male,Working Professional,Tier 1,99800.0,50K-1L,Post Graduate,Muscle Gain,Advanced,7,High,11300,6.2,Poor,High,Poor,2.2,Medium,No,No,No,No,Medium,Medium,High,Moderate,No,Yes,Yes,No,Yes,No,Yes,Medium,High,Premium / Trusted,5260.0,6K-10K,7200,Full Payment,High,No,3,No,No,Low,High,2,79.4,75.3,76.8,30.3,83.0,45.0,38.7,High,Mid-Range,Medium Value,"Too expensive for the features offered, the price could be lower."
FT101656,18-24,Female,Student,Tier 2,21300.0,< 25K,Graduate,Weight Loss,Beginner,2,Medium,4000,5.1,Poor,High,Poor,1.6,High,Yes,Yes,Yes,No,Medium,Medium,Low,Minimal,Yes,Yes,No,No,Yes,Yes,Yes,High,High,Budget / Value,1440.0,3K-6K,5000,Full Payment,Low,No,5,Yes,Yes,Low,Low,3,86.4,18.8,77.4,75.7,49.6,78.2,66.9,High,Mid-Range,Medium Value,"It works as expected, neither impressed nor disappointed so far."
FT101657,45-54,Male,Working Professional,Tier 1,77700.0,50K-1L,High School,General Fitness,Beginner,2,Medium,4600,4.6,Poor,High,Average,3.0,High,No,Yes,No,No,High,High,High,Minimal,Yes,No,Yes,Yes,No,No,No,Low,Medium,Budget / Value,3140.0,6K-10K,7200,Full Payment,High,No,3,No,No,Medium,Medium,0,74.8,26.0,75.6,61.9,89.5,46.3,53.5,High,Mid-Range,Medium Value,"It works as expected, neither impressed nor disappointed so far."
FT101658,25-34,Female,Self-Employed,Tier 2,68400.0,50K-1L,Graduate,Muscle Gain,Intermediate,3,Medium,7400,5.3,Poor,Medium,Average,2.6,Medium,No,No,Yes,Yes,Medium,High,Medium,Moderate,Yes,No,No,No,No,No,No,Medium,Medium,Premium / Trusted,1820.0,6K-10K,8000,Full Payment,Low,No,3,No,Yes,Medium,Low,0,60.2,43.3,62.4,49.7,48.4,49.0,32.7,High,Mid-Range,Medium Value,"I love the sleep tracking, it is accurate and easy to understand."
FT101659,18-24,Male,Working Professional,Tier 2,43100.0,25K-50K,Graduate,Weight Loss,Intermediate,1,Low,3800,6.1,Poor,Low,Average,2.8,Low,No,Yes,No,Yes,High,High,Low,Moderate,Yes,No,No,Yes,No,No,Yes,Medium,High,No Preference,310.0,3K-6K,4100,Full Payment,Low,Yes,4,Yes,No,Low,Medium,3,59.0,24.0,58.9,63.3,52.1,60.6,61.0,Moderate,Budget,Medium Value,"Design is decent, battery is average, app could improve a little."
FT101660,18-24,Male,Working Professional,Tier 1,128200.0,1L-2L,Post Graduate,General Fitness,Intermediate,3,Medium,4100,6.1,Average,High,Average,3.0,Medium,No,Yes,Yes,Yes,High,High,Low,Moderate,Yes,Yes,No,Yes,No,No,No,High,High,Budget / Value,4670.0,6K-10K,7500,Full Payment,Medium,Yes,4,Yes,No,High,High,6,62.5,43.5,60.9,100.0,59.7,67.2,73.9,High,Mid-Range,Medium Value,"Reasonable device for the price, a few features could be better."
FT101661,25-34,Male,Working Professional,Tier 1,93700.0,50K-1L,Graduate,Muscle Gain,Beginner,1,Low,5700,6.8,Average,Medium,Good,2.1,Low,Yes,No,No,No,High,High,Medium,Moderate,No,Yes,No,Yes,No,Yes,No,Medium,Medium,Budget / Value,1090.0,6K-10K,6400,Full Payment,Medium,No,5,Yes,Yes,High,Medium,3,53.1,30.6,50.2,46.4,61.9,75.6,40.1,Moderate,Mid-Range,Medium Value,"I love the sleep tracking, it is accurate and easy to understand."
FT101662,35-44,Female,Working Professional,Tier 3,28000.0,25K-50K,High School,General Fitness,Intermediate,4,High,8300,7.4,Average,Medium,Good,3.1,Low,No,No,No,No,Medium,Medium,Medium,Moderate,No,No,No,No,No,Yes,No,Low,Low,Budget / Value,660.0,< 3K,2200,Full Payment,High,No,1,No,No,Low,Low,0,42.8,60.0,38.8,26.3,88.7,7.9,24.5,Moderate,Budget,Low Value,Sleep tracking data seems wrong and the design feels cheap.
FT101663,18-24,Male,Student,Tier 3,14700.0,< 25K,Graduate,Weight Loss,Beginner,3,Medium,5900,5.3,Poor,Medium,Average,1.8,Medium,No,Yes,Yes,Yes,High,High,Low,Moderate,Yes,Yes,No,No,Yes,Yes,Yes,Medium,Medium,Premium / Trusted,630.0,6K-10K,6600,Full Payment,Medium,Yes,4,Yes,Yes,High,High,2,61.3,38.7,58.9,83.0,80.0,69.8,76.5,High,Mid-Range,Medium Value,The battery life is excellent and lasts almost a week on a single charge.
FT101664,45-54,Female,Working Professional,Tier 2,53900.0,50K-1L,Diploma,Weight Loss,Intermediate,4,High,8700,6.6,Average,Medium,Average,2.8,High,No,Yes,No,No,Medium,High,Medium,Minimal,Yes,Yes,No,No,No,No,Yes,Medium,Medium,No Preference,1150.0,3K-6K,3500,Full Payment,Medium,Yes,3,No,Yes,High,Low,0,44.3,57.3,40.8,51.4,65.3,48.5,49.8,Moderate,Budget,Medium Value,"The watch is okay, does the basic job of counting steps."
FT101665,45-54,Male,Homemaker,Tier 3,18300.0,< 25K,Post Graduate,Stress Management,Beginner,3,Medium,6500,6.0,Poor,Medium,Good,0.7,Medium,No,No,No,No,Low,Low,High,Minimal,Yes,No,No,No,No,Yes,No,High,Medium,Budget / Value,360.0,< 3K,2300,Full Payment,Low,No,2,No,No,Medium,Medium,2,57.4,35.8,57.3,13.6,52.4,27.0,17.3,High,Budget,Low Value,Heart rate readings feel inaccurate during workouts and the strap is uncomfortable.
FT101666,45-54,Female,Working Professional,Tier 3,43800.0,25K-50K,Graduate,Weight Loss,Beginner,4,High,9800,7.9,Good,Medium,Average,1.7,Medium,No,No,No,No,Low,Low,Medium,Minimal,Yes,No,Yes,Yes,Yes,Yes,No,High,Medium,No Preference,1650.0,< 3K,2800,Full Payment,Medium,No,1,No,No,Medium,Low,2,39.4,59.5,37.4,4.4,63.1,15.0,27.0,Low,Budget,Low Value,The app keeps crashing and the notifications are unreliable.
FT101667,18-24,Male,Student,Tier 1,31200.0,25K-50K,Diploma,Better Sleep,Advanced,6,High,9900,7.0,Average,Medium,Poor,4.2,Medium,No,Yes,No,No,High,High,Low,Frequent,No,No,Yes,No,No,No,Yes,Medium,Medium,Premium / Trusted,320.0,6K-10K,6900,Full Payment,Medium,Yes,4,Yes,No,Low,High,0,50.7,81.1,50.4,68.5,73.7,54.5,65.5,Moderate,Mid-Range,Medium Value,Step counting is accurate and syncing with the app is fast and seamless.
FT101668,18-24,Female,Student,Tier 2,17400.0,< 25K,Graduate,General Fitness,Intermediate,5,High,10900,6.9,Average,High,Average,2.8,Low,No,Yes,No,No,High,Medium,Medium,Moderate,No,No,Yes,Yes,No,No,Yes,Medium,Low,No Preference,1070.0,< 3K,2900,Full Payment,Low,No,4,Yes,No,Medium,High,5,63.5,62.1,55.3,66.0,57.6,62.5,62.0,High,Budget,Medium Value,"I love the sleep tracking, it is accurate and easy to understand."
FT101669,45-54,Male,Working Professional,Tier 1,55800.0,50K-1L,Diploma,General Fitness,Beginner,2,Medium,1800,6.5,Poor,High,Poor,2.8,High,No,No,No,No,Medium,Medium,Medium,Minimal,No,No,No,Yes,Yes,Yes,Yes,High,Medium,Budget / Value,3820.0,3K-6K,3700,Full Payment,Medium,Yes,2,No,Yes,Medium,Medium,0,77.7,17.6,80.9,25.3,62.0,30.7,30.0,High,Budget,Low Value,Sleep tracking data seems wrong and the design feels cheap.
FT101670,25-34,Male,Student,Tier 2,16200.0,< 25K,Diploma,Stress Management,Beginner,0,Low,3800,5.9,Poor,High,Good,1.6,High,No,Yes,Yes,No,High,Medium,High,Frequent,Yes,No,No,Yes,Yes,No,No,High,Medium,No Preference,1120.0,3K-6K,5400,Full Payment,High,Yes,5,Yes,No,Low,High,3,80.1,11.2,69.4,90.5,89.8,78.0,77.5,High,Mid-Range,Medium Value,The personalized health reports keep me motivated to stay consistent.
FT101671,25-34,Male,Working Professional,Tier 1,68700.0,50K-1L,Graduate,General Fitness,Intermediate,3,Medium,5600,5.4,Poor,High,Average,1.4,High,No,No,Yes,Yes,High,High,Medium,Moderate,Yes,Yes,Yes,Yes,No,Yes,Yes,High,Medium,No Preference,500.0,6K-10K,7300,Full Payment,Medium,Yes,4,Yes,Yes,Medium,High,3,76.3,37.5,72.7,73.2,64.3,62.5,62.3,High,Mid-Range,Medium Value,"Great value for money, the app is smooth and the design looks premium."
FT101672,35-44,Male,Working Professional,Tier 3,29800.0,25K-50K,Graduate,Weight Loss,Advanced,4,High,5900,5.6,Poor,High,Average,2.1,High,No,Yes,No,No,Medium,High,Low,Minimal,Yes,Yes,Yes,No,Yes,Yes,Yes,Medium,Low,No Preference,200.0,< 3K,2300,Full Payment,Medium,No,4,Yes,No,Low,High,4,65.6,50.2,57.4,52.7,70.5,56.9,63.2,High,Budget,Medium Value,"It works as expected, neither impressed nor disappointed so far."
FT101673,18-24,Male,Student,Tier 2,23000.0,< 25K,Post Graduate,Weight Loss,Beginner,2,Medium,7300,5.8,Poor,Medium,Poor,2.3,Medium,No,Yes,No,No,Medium,Medium,Low,Moderate,Yes,Yes,No,No,Yes,No,Yes,Medium,Medium,No Preference,300.0,< 3K,2400,Full Payment,Medium,Yes,4,Yes,No,Low,Low,1,72.4,29.5,73.0,56.9,74.9,57.0,63.1,High,Budget,Medium Value,"Design is decent, battery is average, app could improve a little."
FT101674,35-44,Other,Self-Employed,Tier 1,116900.0,1L-2L,Graduate,Muscle Gain,Advanced,4,High,9000,7.6,Good,Low,Average,3.8,Low,No,No,No,No,Low,High,Low,Frequent,No,Yes,No,No,No,Yes,No,Medium,Low,Budget / Value,5860.0,3K-6K,5400,Full Payment,High,No,2,No,No,Low,Low,1,16.8,71.1,26.5,16.3,81.2,27.7,32.3,Low,Mid-Range,Low Value,"Too expensive for the features offered, the price could be lower."
FT101675,45-54,Male,Working Professional,Tier 1,56400.0,50K-1L,High School,General Fitness,Beginner,2,Medium,1600,6.8,Poor,High,Average,3.1,Medium,No,No,No,No,Medium,Medium,High,Frequent,Yes,Yes,No,No,No,Yes,No,Medium,Low,Premium / Trusted,3420.0,6K-10K,7700,Full Payment,Low,No,3,Yes,Yes,Low,Medium,1,74.8,20.3,70.4,26.4,49.7,52.9,40.1,High,Mid-Range,Medium Value,"Reasonable device for the price, a few features could be better."
FT101676,35-44,Male,Self-Employed,Tier 2,60400.0,50K-1L,Graduate,Stress Management,Intermediate,4,High,8700,6.3,Poor,Medium,Good,2.4,High,No,Yes,No,No,Low,Medium,Low,Moderate,No,Yes,No,Yes,No,Yes,No,Medium,Medium,Budget / Value,440.0,< 3K,2200,Full Payment,High,No,3,No,No,Low,Medium,0,51.7,50.9,45.3,34.0,82.0,49.4,50.8,High,Budget,Medium Value,"Average experience overall, nothing special but works fine."
FT101677,25-34,Female,Working Professional,Tier 2,38000.0,25K-50K,Graduate,General Fitness,Beginner,3,Medium,7400,5.8,Poor,Medium,Good,2.4,High,No,No,No,No,Low,Low,High,Frequent,No,Yes,No,Yes,Yes,Yes,No,Low,High,Budget / Value,410.0,3K-6K,5000,Full Payment,Medium,Yes,2,No,No,Medium,Low,0,61.3,37.6,55.3,14.9,70.8,28.2,40.4,High,Mid-Range,Low Value,"Reasonable device for the price, a few features could be better."
FT101678,45-54,Male,Working Professional,Tier 3,40500.0,25K-50K,Diploma,General Fitness,Beginner,4,High,6100,5.2,Poor,Medium,Poor,2.9,High,No,Yes,No,No,Medium,Medium,Medium,Moderate,No,No,No,Yes,Yes,Yes,No,High,Medium,No Preference,1000.0,3K-6K,4500,Full Payment,Medium,No,4,Yes,No,High,Low,1,64.9,43.2,57.9,45.8,74.5,57.1,54.9,High,Budget,Medium Value,The battery drains too quickly and charging takes very long.
FT101679,25-34,Male,Student,Tier 1,36200.0,25K-50K,Post Graduate,General Fitness,Advanced,3,Medium,4800,5.7,Poor,High,Good,1.2,High,No,Yes,Yes,Yes,High,High,Medium,Frequent,Yes,No,No,Yes,No,No,Yes,Medium,High,No Preference,870.0,3K-6K,4900,Full Payment,Medium,Yes,3,No,Yes,Medium,Low,0,73.9,45.6,61.1,90.2,71.6,48.5,77.4,High,Budget,Medium Value,"I love the sleep tracking, it is accurate and easy to understand."
FT101680,35-44,Female,Working Professional,Tier 2,66200.0,50K-1L,Post Graduate,Weight Loss,Beginner,0,Low,800,6.2,Poor,High,Good,0.8,High,Yes,Yes,No,No,Low,Low,Low,Frequent,Yes,No,Yes,No,Yes,Yes,No,Medium,Medium,Budget / Value,470.0,3K-6K,5300,Full Payment,High,Yes,3,No,No,Medium,Low,0,80.7,4.4,70.9,33.0,79.0,47.3,61.7,High,Mid-Range,Medium Value,"It works as expected, neither impressed nor disappointed so far."
FT101681,35-44,Female,Working Professional,Tier 2,42300.0,25K-50K,High School,Better Sleep,Advanced,7,High,10100,7.4,Good,Medium,Good,2.9,Low,No,Yes,No,No,Medium,Medium,Low,Moderate,No,Yes,No,No,No,No,No,Medium,High,Premium / Trusted,420.0,3K-6K,5900,Full Payment,High,No,3,No,Yes,Low,Low,1,31.4,82.9,27.9,47.9,94.8,39.1,47.1,Low,Mid-Range,Low Value,The app keeps crashing and the notifications are unreliable.
FT101682,35-44,Female,Working Professional,Tier 1,114900.0,1L-2L,Post Graduate,Weight Loss,Beginner,3,Medium,6000,7.5,Good,Low,Average,2.4,Low,No,Yes,No,Yes,Medium,Medium,Medium,Moderate,Yes,Yes,No,No,No,Yes,Yes,High,Medium,Budget / Value,4690.0,6K-10K,7100,Full Payment,Low,No,3,No,Yes,High,Medium,0,29.9,42.0,35.2,54.9,48.5,38.2,62.4,Low,Mid-Range,Low Value,"The watch is okay, does the basic job of counting steps."
FT101683,18-24,Male,Student,Tier 2,16000.0,< 25K,Graduate,Better Sleep,Beginner,2,Medium,6600,6.3,Poor,Medium,Good,1.3,High,No,No,No,No,Medium,Low,Medium,Minimal,Yes,Yes,No,Yes,No,No,Yes,High,High,Budget / Value,640.0,< 3K,2100,Full Payment,Medium,No,3,No,No,Medium,Low,0,54.6,34.7,49.8,36.7,75.7,39.3,34.0,High,Budget,Low Value,"Average experience overall, nothing special but works fine."
FT101684,18-24,Female,Student,Tier 1,25200.0,25K-50K,Diploma,Weight Loss,Advanced,5,High,9000,6.0,Poor,High,Poor,0.6,High,No,No,No,No,Medium,High,Medium,Moderate,Yes,Yes,No,No,Yes,No,Yes,Low,Medium,No Preference,740.0,3K-6K,5300,Full Payment,Medium,No,3,No,No,High,Medium,0,78.9,61.4,72.4,30.6,76.1,41.9,38.9,High,Mid-Range,Low Value,"Design is decent, battery is average, app could improve a little."
FT101685,18-24,Male,Working Professional,Tier 1,122900.0,1L-2L,Graduate,General Fitness,Intermediate,3,Medium,4400,7.4,Good,Medium,Poor,3.0,Low,No,Yes,No,No,High,High,High,Minimal,Yes,Yes,No,No,Yes,No,Yes,High,Medium,No Preference,2430.0,6K-10K,9800,EMI,Low,No,3,No,No,High,High,1,47.3,44.8,51.5,76.8,44.1,45.0,63.0,Low,Mid-Range,Medium Value,"Average experience overall, nothing special but works fine."
FT101686,25-34,Other,Working Professional,Tier 2,38200.0,25K-50K,High School,Weight Loss,Beginner,0,Low,3400,5.6,Poor,Medium,Poor,1.9,Medium,No,No,Yes,No,Low,Medium,High,Moderate,Yes,Yes,Yes,Yes,No,Yes,Yes,Medium,Medium,Premium / Trusted,1410.0,6K-10K,7400,Full Payment,Medium,Yes,2,No,No,High,High,4,80.5,11.0,76.3,43.9,73.6,33.0,52.1,High,Mid-Range,Low Value,"Average experience overall, nothing special but works fine."
FT101687,25-34,Female,Working Professional,Tier 3,23100.0,< 25K,High School,Stress Management,Intermediate,2,Medium,4700,5.3,Poor,High,Average,2.6,High,No,No,No,No,Low,Medium,Medium,Frequent,Yes,Yes,No,Yes,No,Yes,No,High,High,No Preference,1060.0,3K-6K,3700,Full Payment,Low,No,2,No,No,High,Low,3,71.3,31.3,69.8,14.1,51.1,34.0,40.1,High,Budget,Low Value,Hard to set up for beginners and too many confusing notifications.
FT101688,25-34,Female,Working Professional,Tier 1,105300.0,1L-2L,Post Graduate,Weight Loss,Beginner,1,Low,2400,7.6,Good,Medium,Good,2.1,Low,No,No,Yes,Yes,Medium,Medium,Low,Moderate,Yes,No,No,No,No,Yes,Yes,High,High,Budget / Value,2350.0,3K-6K,4300,Full Payment,Medium,Yes,3,No,Yes,High,Medium,0,38.8,25.8,40.3,48.5,66.6,47.2,40.8,Low,Budget,Medium Value,"Reasonable device for the price, a few features could be better."
FT101689,25-34,Male,Self-Employed,Tier 1,100800.0,1L-2L,Graduate,Muscle Gain,Advanced,4,High,4500,6.2,Average,Low,Average,2.3,Low,No,No,No,No,High,High,Low,Minimal,Yes,No,Yes,Yes,Yes,Yes,No,High,Medium,No Preference,1310.0,6K-10K,7100,Full Payment,High,Yes,3,No,No,High,Medium,0,37.1,51.9,34.8,45.1,74.2,40.8,41.2,Low,Mid-Range,Low Value,"It works as expected, neither impressed nor disappointed so far."
FT101690,35-44,Male,Working Professional,Tier 2,37700.0,25K-50K,Diploma,Better Sleep,Beginner,1,Low,5200,6.5,Poor,Medium,Average,2.3,High,Yes,No,Yes,Yes,Medium,Medium,High,Minimal,No,Yes,No,Yes,No,Yes,Yes,Medium,Low,Budget / Value,2390.0,3K-6K,3800,Full Payment,High,Yes,4,Yes,No,Medium,Medium,0,74.5,25.5,67.7,47.7,89.6,66.0,37.8,High,Budget,Medium Value,"Great value for money, the app is smooth and the design looks premium."
FT101691,45-54,Female,Working Professional,Tier 3,53000.0,50K-1L,Graduate,Muscle Gain,Intermediate,7,High,11500,6.7,Average,Medium,Good,2.2,Medium,No,No,No,Yes,Low,Medium,Low,Frequent,Yes,Yes,Yes,Yes,No,Yes,Yes,High,High,Budget / Value,660.0,< 3K,1700,Full Payment,Medium,No,2,No,Yes,Low,Low,0,42.3,75.5,35.9,13.2,72.9,26.6,48.3,Moderate,Budget,Low Value,Hard to set up for beginners and too many confusing notifications.
FT101692,18-24,Male,Student,Tier 2,21200.0,< 25K,Post Graduate,Weight Loss,Beginner,1,Low,5100,6.0,Poor,High,Average,2.8,High,No,Yes,No,No,High,High,Low,Moderate,Yes,Yes,No,Yes,No,Yes,Yes,High,High,Premium / Trusted,1290.0,6K-10K,6200,Full Payment,Low,Yes,4,Yes,No,Medium,High,4,85.1,22.4,75.5,64.1,59.5,64.5,69.9,High,Mid-Range,Medium Value,The personalized health reports keep me motivated to stay consistent.
FT101693,35-44,Male,Self-Employed,Tier 1,86500.0,50K-1L,Graduate,Stress Management,Intermediate,4,High,6100,6.8,Average,Medium,Average,2.1,Medium,No,Yes,No,No,High,High,High,Moderate,Yes,No,Yes,Yes,No,No,Yes,Medium,Low,Budget / Value,3240.0,3K-6K,5400,Full Payment,High,No,4,Yes,Yes,Medium,Medium,0,46.7,53.1,51.4,57.6,86.4,58.3,63.3,Moderate,Mid-Range,Medium Value,"It works as expected, neither impressed nor disappointed so far."
FT101694,35-44,Female,Homemaker,Tier 2,26700.0,25K-50K,Post Graduate,General Fitness,Advanced,5,High,8800,7.4,Good,Medium,Average,2.0,Low,No,No,No,No,Low,Low,Low,Moderate,No,Yes,Yes,No,No,Yes,No,High,Medium,Budget / Value,840.0,< 3K,2700,Full Payment,High,No,2,No,No,Low,Low,2,40.8,76.2,36.2,9.1,96.3,26.3,27.0,Low,Budget,Low Value,"Too expensive for the features offered, the price could be lower."
FT101695,25-34,Female,Working Professional,Tier 2,67800.0,50K-1L,Post Graduate,Weight Loss,Intermediate,4,High,4900,5.5,Poor,High,Average,2.8,High,Yes,No,No,No,High,High,High,Moderate,Yes,Yes,No,Yes,Yes,No,Yes,High,High,Budget / Value,1520.0,3K-6K,3300,Full Payment,Low,No,3,No,No,High,Low,0,70.8,40.2,69.7,41.3,48.2,51.3,46.9,High,Budget,Medium Value,The app keeps crashing and the notifications are unreliable.
FT101696,18-24,Male,Student,Tier 2,24100.0,< 25K,Diploma,General Fitness,Beginner,1,Low,2300,7.5,Good,Low,Average,2.8,Low,No,Yes,Yes,Yes,High,High,Low,Moderate,Yes,Yes,Yes,Yes,Yes,Yes,No,High,High,Premium / Trusted,1040.0,6K-10K,6300,Full Payment,Medium,Yes,5,Yes,Yes,Low,Medium,2,36.6,31.0,38.4,90.1,75.1,78.4,83.2,Low,Mid-Range,Medium Value,"Great value for money, the app is smooth and the design looks premium."
FT101697,35-44,Male,Working Professional,Tier 1,64100.0,50K-1L,Graduate,Better Sleep,Beginner,3,Medium,6400,5.8,Poor,Medium,Good,1.4,Low,No,Yes,Yes,No,Medium,Medium,Medium,Frequent,No,Yes,Yes,No,No,Yes,Yes,High,Low,Budget / Value,2240.0,6K-10K,6900,Full Payment,Medium,No,4,Yes,No,Low,High,3,58.5,34.2,54.4,73.0,70.9,58.7,75.7,High,Mid-Range,Medium Value,"Reasonable device for the price, a few features could be better."
FT101698,55+,Male,Self-Employed,Tier 1,91900.0,50K-1L,Graduate,General Fitness,Beginner,2,Medium,5700,6.0,Poor,Medium,Average,2.3,High,No,No,No,No,Low,Low,Low,Moderate,No,Yes,Yes,Yes,No,Yes,Yes,High,Low,Budget / Value,1160.0,6K-10K,6200,Full Payment,Medium,No,2,No,No,Low,Low,1,63.1,26.6,63.0,21.7,55.5,32.4,40.0,High,Mid-Range,Low Value,Hard to set up for beginners and too many confusing notifications.
FT101699,35-44,Male,Working Professional,Tier 1,169800.0,1L-2L,Post Graduate,Stress Management,Advanced,3,Medium,3400,6.7,Poor,High,Average,1.9,High,No,Yes,No,No,High,High,High,Moderate,Yes,Yes,Yes,Yes,No,No,No,High,Low,Budget / Value,9870.0,6K-10K,7200,Full Payment,Medium,No,4,Yes,No,Medium,High,4,77.0,44.0,71.6,73.1,59.3,70.4,68.7,High,Mid-Range,Medium Value,"Affordable, lightweight and the companion app is very beginner friendly."
FT101700,45-54,Male,Working Professional,Tier 2,76800.0,50K-1L,Graduate,Stress Management,Beginner,1,Low,2200,6.8,Average,High,Average,2.3,Medium,No,No,No,No,Low,Low,Low,Moderate,Yes,No,Yes,No,Yes,No,Yes,High,High,Budget / Value,3720.0,3K-6K,4800,Full Payment,Low,No,2,No,No,Low,Low,0,70.1,23.1,69.4,18.4,47.8,29.9,34.6,High,Budget,Low Value,Customer support was slow and the device disconnects from the app often.
FT101701,55+,Female,Retired,Tier 1,24800.0,< 25K,High School,General Fitness,Intermediate,3,Medium,5600,4.8,Poor,High,Good,3.4,High,No,Yes,No,No,Low,Medium,Medium,Moderate,Yes,No,Yes,Yes,Yes,No,Yes,High,High,Premium / Trusted,1330.0,6K-10K,7600,Full Payment,Low,Yes,3,No,No,Medium,Medium,0,71.1,40.3,65.2,41.2,54.1,49.7,61.8,High,Mid-Range,Medium Value,"Reasonable device for the price, a few features could be better."
FT101702,25-34,Female,Student,Tier 1,13300.0,< 25K,High School,General Fitness,Beginner,1,Low,5800,5.9,Poor,High,Average,2.6,High,No,Yes,No,Yes,High,Medium,High,Minimal,Yes,Yes,No,Yes,No,Yes,No,Low,Medium,Budget / Value,280.0,< 3K,2100,Full Payment,High,No,2,No,Yes,Medium,High,2,74.6,23.2,78.4,62.2,96.6,30.1,57.9,High,Budget,Low Value,The battery drains too quickly and charging takes very long.
FT101703,25-34,Male,Self-Employed,Tier 2,47900.0,25K-50K,Graduate,Stress Management,Advanced,6,High,8100,7.0,Good,Low,Good,4.0,Low,Yes,Yes,No,No,Medium,High,Medium,Moderate,No,No,No,No,No,No,Yes,Low,Medium,Premium / Trusted,1000.0,6K-10K,6500,Full Payment,Medium,No,3,No,No,Low,Medium,1,15.3,76.4,17.5,56.7,67.7,38.9,50.1,Low,Mid-Range,Low Value,"It works as expected, neither impressed nor disappointed so far."
FT101704,25-34,Male,Working Professional,Tier 2,81300.0,50K-1L,Post Graduate,General Fitness,Beginner,2,Medium,5500,6.4,Poor,Medium,Average,2.5,Medium,Yes,Yes,No,No,Medium,Medium,Medium,Moderate,No,Yes,No,No,No,Yes,No,Medium,Medium,Budget / Value,2110.0,3K-6K,4500,Full Payment,High,Yes,4,Yes,No,Low,High,3,62.3,25.7,64.6,54.4,85.5,69.2,53.6,High,Budget,Medium Value,"Average experience overall, nothing special but works fine."
FT101705,55+,Female,Working Professional,Tier 1,96400.0,50K-1L,Graduate,Weight Loss,Intermediate,4,High,7800,7.1,Good,Medium,Poor,2.2,Medium,No,No,Yes,Yes,Medium,Low,Medium,Frequent,Yes,Yes,Yes,Yes,Yes,No,No,High,Medium,Budget / Value,1410.0,3K-6K,4700,Full Payment,Low,No,3,No,Yes,Low,Low,0,38.3,59.5,41.6,44.7,45.4,36.7,55.1,Low,Budget,Low Value,Sleep tracking data seems wrong and the design feels cheap.
FT101706,18-24,Female,Self-Employed,Tier 2,42000.0,25K-50K,Graduate,General Fitness,Advanced,5,High,8100,7.0,Poor,High,Average,2.3,High,No,Yes,Yes,No,High,High,Medium,Moderate,No,Yes,Yes,Yes,No,Yes,Yes,Low,High,Budget / Value,2510.0,3K-6K,5800,Full Payment,High,No,3,No,No,High,High,2,67.4,59.6,70.2,93.9,91.3,50.1,80.3,High,Mid-Range,Medium Value,"The watch is okay, does the basic job of counting steps."
FT101707,25-34,Female,Working Professional,Tier 2,32500.0,25K-50K,High School,Better Sleep,Advanced,5,High,9000,5.8,Poor,High,Poor,2.4,High,No,Yes,No,No,High,Medium,High,Moderate,No,Yes,Yes,Yes,Yes,No,Yes,Low,High,Budget / Value,970.0,3K-6K,4300,Full Payment,Medium,Yes,5,Yes,No,Medium,Low,3,79.3,63.7,75.5,63.3,63.0,75.9,69.6,High,Budget,Medium Value,"I love the sleep tracking, it is accurate and easy to understand."
FT101708,45-54,Male,Working Professional,Tier 1,46500.0,25K-50K,High School,General Fitness,Intermediate,0,Low,800,7.4,Average,Low,Poor,2.6,Medium,No,No,No,No,Medium,Medium,Medium,Moderate,No,No,Yes,Yes,Yes,No,No,Medium,High,Budget / Value,1110.0,3K-6K,4200,Full Payment,Medium,Yes,2,No,No,Medium,Low,3,53.5,26.0,55.9,27.2,72.7,23.0,33.4,Low,Budget,Low Value,I am worried about my health data privacy and how it is stored.
FT101709,18-24,Female,Student,Tier 3,17000.0,< 25K,Post Graduate,Weight Loss,Intermediate,4,High,6200,6.0,Poor,High,Poor,1.5,Medium,No,Yes,No,No,Medium,High,Medium,Frequent,Yes,No,Yes,Yes,Yes,No,No,High,High,No Preference,630.0,< 3K,2300,Full Payment,Medium,No,3,No,No,High,Low,0,80.1,44.6,76.5,47.3,76.2,52.3,66.7,High,Budget,Medium Value,"The watch is okay, does the basic job of counting steps."
FT101710,35-44,Male,Working Professional,Tier 3,75300.0,50K-1L,Graduate,Weight Loss,Intermediate,4,High,10000,5.8,Poor,High,Average,2.1,High,Yes,Yes,No,No,Low,Low,Medium,Frequent,Yes,Yes,No,Yes,Yes,No,No,High,Low,Budget / Value,4930.0,3K-6K,3600,Full Payment,High,Yes,4,Yes,No,Low,Medium,1,72.9,56.3,67.5,40.0,80.8,54.6,64.1,High,Budget,Medium Value,"I love the sleep tracking, it is accurate and easy to understand."
FT101711,25-34,Male,Working Professional,Tier 1,87200.0,50K-1L,Post Graduate,Weight Loss,Beginner,0,Low,5700,5.2,Poor,Medium,Average,1.7,Medium,No,Yes,No,No,High,High,Medium,Minimal,Yes,No,Yes,No,Yes,No,No,Medium,High,Premium / Trusted,2550.0,6K-10K,9200,EMI,Medium,No,5,Yes,No,Low,High,0,72.4,20.2,69.5,69.1,62.5,73.6,56.0,High,Mid-Range,Medium Value,Comfortable to wear all day and the stress tracking is genuinely useful.
FT101712,55+,Female,Retired,Tier 1,27100.0,25K-50K,High School,Medical / Recovery,Beginner,2,Medium,6700,7.0,Average,Medium,Average,3.1,Medium,Yes,No,Yes,Yes,Low,Low,High,Minimal,No,Yes,Yes,No,No,Yes,No,High,High,Budget / Value,1600.0,3K-6K,4800,Full Payment,High,No,2,No,No,High,Low,0,52.0,40.1,51.2,28.3,96.0,27.6,26.8,Moderate,Budget,Low Value,"Design is decent, battery is average, app could improve a little."
FT101713,45-54,Male,Homemaker,Tier 1,27000.0,25K-50K,Graduate,Muscle Gain,Intermediate,4,High,9400,6.1,Poor,High,Average,2.3,High,Yes,Yes,No,No,High,High,Low,Moderate,Yes,No,No,No,No,No,Yes,High,Low,Budget / Value,1740.0,3K-6K,4700,Full Payment,Medium,No,4,Yes,No,Low,High,2,74.2,57.7,60.1,69.1,68.3,64.3,58.8,High,Budget,Medium Value,Comfortable to wear all day and the stress tracking is genuinely useful.
FT101714,25-34,Male,Working Professional,Tier 1,129100.0,1L-2L,Post Graduate,Stress Management,Intermediate,5,High,5200,6.7,Average,Medium,Average,2.4,Low,No,Yes,No,No,High,High,Medium,Moderate,Yes,Yes,Yes,No,Yes,No,Yes,Low,Medium,Budget / Value,3070.0,3K-6K,5200,Full Payment,High,No,3,No,No,Medium,Medium,1,44.5,51.5,42.4,61.0,85.9,49.7,68.8,Moderate,Mid-Range,Medium Value,"Average experience overall, nothing special but works fine."
FT101715,35-44,Male,Self-Employed,Tier 2,35700.0,25K-50K,High School,Stress Management,Beginner,2,Medium,3500,5.3,Poor,High,Good,1.1,Medium,Yes,Yes,No,No,Low,Medium,Low,Moderate,Yes,Yes,Yes,Yes,No,Yes,Yes,Medium,Medium,Budget / Value,1550.0,3K-6K,3500,Full Payment,Medium,No,3,No,No,Medium,Medium,3,73.6,18.1,64.8,37.6,67.5,48.0,64.9,High,Budget,Medium Value,The app keeps crashing and the notifications are unreliable.
FT101716,25-34,Male,Working Professional,Tier 3,22900.0,< 25K,High School,General Fitness,Beginner,2,Medium,4600,6.9,Good,High,Good,2.6,Medium,No,No,Yes,No,Medium,Medium,Medium,Moderate,Yes,No,Yes,Yes,No,Yes,Yes,Medium,High,Premium / Trusted,970.0,3K-6K,4900,Full Payment,Medium,No,2,No,Yes,Medium,High,1,49.9,33.3,47.3,53.2,76.6,32.5,51.0,Moderate,Budget,Low Value,"Too expensive for the features offered, the price could be lower."
FT101717,25-34,Male,Working Professional,Tier 3,41900.0,25K-50K,Graduate,Stress Management,Intermediate,4,High,11700,5.9,Poor,High,Good,2.0,High,No,Yes,No,No,Medium,High,High,Moderate,No,Yes,No,No,No,Yes,Yes,Medium,Medium,Premium / Trusted,1000.0,6K-10K,6700,Full Payment,High,No,3,No,No,Low,Low,0,66.1,60.9,57.8,44.7,85.9,39.0,54.5,High,Mid-Range,Low Value,Heart rate readings feel inaccurate during workouts and the strap is uncomfortable.
FT101718,35-44,Female,Homemaker,Tier 1,29400.0,25K-50K,Graduate,Medical / Recovery,Beginner,1,Low,3500,5.4,Poor,Medium,Poor,0.8,Medium,Yes,Yes,Yes,No,Medium,High,Medium,Moderate,No,Yes,Yes,Yes,Yes,Yes,Yes,Medium,Medium,Budget / Value,1410.0,3K-6K,5400,Full Payment,Low,No,5,Yes,Yes,Low,Low,0,76.4,19.9,78.5,69.8,56.0,78.2,76.1,High,Mid-Range,Medium Value,The personalized health reports keep me motivated to stay consistent.
FT101719,35-44,Male,Working Professional,Tier 2,84200.0,50K-1L,Post Graduate,Stress Management,Intermediate,4,High,8700,5.0,Poor,High,Good,3.1,High,No,No,Yes,Yes,Low,Low,High,Moderate,Yes,No,Yes,Yes,No,No,Yes,Low,Medium,Budget / Value,3510.0,3K-6K,5200,Full Payment,Low,No,2,No,Yes,Low,Low,0,62.1,48.0,56.8,37.3,47.4,21.9,41.2,High,Mid-Range,Low Value,The battery drains too quickly and charging takes very long.
FT101720,18-24,Male,Student,Tier 1,69300.0,50K-1L,Post Graduate,Stress Management,Intermediate,2,Medium,5900,6.4,Average,High,Good,0.5,High,No,Yes,No,No,High,High,High,Moderate,Yes,Yes,Yes,Yes,Yes,No,Yes,High,Medium,Budget / Value,3320.0,3K-6K,5000,Full Payment,Medium,Yes,3,No,No,Medium,High,1,57.7,46.6,56.5,61.7,68.4,38.7,73.3,High,Mid-Range,Low Value,"Too expensive for the features offered, the price could be lower."
FT101721,18-24,Female,Student,Tier 2,23900.0,< 25K,Graduate,General Fitness,Beginner,3,Medium,6900,7.0,Average,Medium,Poor,2.3,Low,No,No,No,No,Low,Medium,High,Frequent,No,Yes,No,No,Yes,No,No,Medium,Low,Budget / Value,1100.0,< 3K,2900,Full Payment,High,Yes,2,No,No,Low,Medium,2,54.3,40.5,66.8,20.3,87.7,26.5,33.7,Moderate,Budget,Low Value,Sleep tracking data seems wrong and the design feels cheap.
FT101722,35-44,Male,Self-Employed,Tier 1,49700.0,25K-50K,High School,Better Sleep,Beginner,0,Low,30000,5.8,Poor,Medium,Average,2.9,Medium,No,Yes,No,No,Medium,High,Medium,Moderate,Yes,Yes,Yes,Yes,No,Yes,Yes,Medium,Low,Premium / Trusted,1020.0,6K-10K,7200,Full Payment,Low,Yes,4,Yes,No,High,Low,0,72.5,12.4,69.1,48.5,50.4,66.6,68.7,High,Mid-Range,Medium Value,"Reasonable device for the price, a few features could be better."
FT101723,25-34,Female,Working Professional,Tier 3,38800.0,25K-50K,Graduate,Weight Loss,Beginner,2,Medium,3000,6.8,Good,Medium,Average,3.4,Low,No,Yes,No,No,Medium,Medium,Low,Minimal,Yes,No,Yes,Yes,Yes,Yes,No,Medium,Medium,No Preference,1480.0,3K-6K,3100,Full Payment,High,No,3,No,No,High,Low,0,39.9,32.4,42.4,44.5,87.0,35.1,56.0,Low,Budget,Low Value,"Average experience overall, nothing special but works fine."
FT101724,25-34,Male,Working Professional,Tier 3,39600.0,25K-50K,Post Graduate,Stress Management,Beginner,1,Low,800,6.9,Good,Medium,Average,1.0,Medium,No,No,No,No,Medium,Medium,Medium,Frequent,Yes,Yes,Yes,No,No,Yes,No,Low,High,Premium / Trusted,2130.0,3K-6K,5500,Full Payment,High,Yes,2,No,Yes,High,Medium,2,45.7,27.7,49.8,27.4,86.5,21.7,44.7,Low,Mid-Range,Low Value,Customer support was slow and the device disconnects from the app often.
FT101725,18-24,Female,Student,Tier 1,35200.0,25K-50K,Graduate,General Fitness,Intermediate,4,High,9700,6.1,Poor,High,Average,2.3,Medium,No,Yes,No,No,Medium,High,High,Moderate,Yes,No,No,Yes,No,No,No,Medium,High,Budget / Value,1830.0,3K-6K,4600,Full Payment,Medium,Yes,3,No,No,Medium,Medium,0,64.6,51.0,67.5,56.4,76.6,51.1,54.3,High,Budget,Medium Value,"It works as expected, neither impressed nor disappointed so far."
FT101726,25-34,Male,Working Professional,Tier 2,92600.0,50K-1L,Post Graduate,Muscle Gain,Intermediate,2,Medium,4100,6.0,Poor,Medium,Poor,3.2,Medium,No,No,Yes,Yes,High,High,Medium,Moderate,Yes,Yes,No,Yes,Yes,Yes,Yes,Low,Medium,Budget / Value,3170.0,3K-6K,5600,Full Payment,High,No,3,No,Yes,High,Medium,2,67.7,35.5,70.2,57.4,95.5,48.4,56.8,High,Mid-Range,Medium Value,"The watch is okay, does the basic job of counting steps."
FT101727,45-54,Female,Working Professional,Tier 2,57600.0,50K-1L,Graduate,Better Sleep,Advanced,5,High,5100,7.3,Good,Low,Poor,3.2,Low,Yes,Yes,No,No,Medium,High,Medium,Frequent,No,No,No,Yes,Yes,No,Yes,Medium,Medium,Premium / Trusted,2020.0,6K-10K,8200,EMI,Low,Yes,4,Yes,Yes,Medium,High,1,38.7,66.8,36.5,52.4,46.5,70.0,64.2,Low,Mid-Range,Medium Value,Step counting is accurate and syncing with the app is fast and seamless.
FT101728,18-24,Male,Student,Tier 3,12500.0,< 25K,High School,Muscle Gain,Beginner,1,Low,4900,6.7,Poor,Medium,Average,3.3,High,No,Yes,No,No,High,Medium,High,Minimal,No,Yes,No,No,Yes,Yes,No,Medium,Medium,No Preference,570.0,3K-6K,4000,Full Payment,Medium,No,4,Yes,No,Medium,Medium,4,67.5,26.3,71.3,58.3,75.5,60.9,52.3,High,Budget,Medium Value,Comfortable to wear all day and the stress tracking is genuinely useful.
FT101729,25-34,Female,Working Professional,Tier 2,65000.0,50K-1L,Graduate,Weight Loss,Intermediate,4,High,8200,6.2,Poor,High,Average,4.3,Medium,No,No,No,No,High,High,Low,Moderate,No,Yes,Yes,No,No,No,Yes,High,High,Budget / Value,1930.0,3K-6K,4100,Full Payment,High,No,3,No,No,Low,High,4,73.2,52.1,70.4,48.3,91.0,35.6,40.8,High,Budget,Low Value,The battery drains too quickly and charging takes very long.
FT101730,45-54,Male,Working Professional,Tier 1,110600.0,1L-2L,Graduate,Stress Management,Beginner,0,Low,4400,5.1,Poor,High,Average,1.9,High,No,No,No,No,Medium,Low,Medium,Minimal,Yes,Yes,Yes,Yes,No,Yes,Yes,High,Low,Budget / Value,3070.0,3K-6K,5400,Full Payment,Medium,No,2,No,No,Low,Medium,0,77.4,17.8,80.5,24.5,60.3,29.6,38.3,High,Mid-Range,Low Value,Heart rate readings feel inaccurate during workouts and the strap is uncomfortable.
FT101731,18-24,Female,Working Professional,Tier 2,43500.0,25K-50K,High School,Better Sleep,Intermediate,4,High,9400,5.9,Average,Low,Poor,2.6,High,No,No,No,No,High,High,Medium,Frequent,Yes,Yes,Yes,Yes,Yes,No,No,Low,Low,Premium / Trusted,1300.0,3K-6K,4900,Full Payment,High,No,1,No,No,High,Medium,0,37.2,60.7,43.1,42.7,86.1,4.4,54.4,Low,Budget,Low Value,The battery drains too quickly and charging takes very long.
FT101732,35-44,Male,Self-Employed,Tier 1,61600.0,50K-1L,Diploma,Muscle Gain,Beginner,0,Low,1300,6.2,Average,Medium,Average,2.0,Medium,Yes,No,No,No,High,High,High,Minimal,No,No,Yes,No,No,Yes,Yes,Medium,Medium,Premium / Trusted,3960.0,6K-10K,8100,EMI,Medium,No,2,No,Yes,High,Low,0,57.3,15.8,59.6,37.4,68.3,32.8,29.9,Moderate,Mid-Range,Low Value,Hard to set up for beginners and too many confusing notifications.
FT101733,18-24,Male,Student,Tier 2,16400.0,< 25K,Graduate,Better Sleep,Intermediate,2,Medium,3600,6.3,Poor,High,Good,0.7,Medium,Yes,Yes,No,No,High,High,High,Minimal,Yes,No,Yes,Yes,Yes,No,No,Medium,Medium,No Preference,810.0,3K-6K,4600,Full Payment,Low,No,3,No,Yes,Medium,High,2,69.8,28.4,64.6,69.7,54.2,48.8,60.5,High,Budget,Medium Value,"Average experience overall, nothing special but works fine."
FT101734,45-54,Male,Working Professional,Tier 1,54900.0,50K-1L,High School,Better Sleep,Intermediate,1,Low,3500,5.8,Poor,High,Poor,2.2,High,No,No,No,No,Low,Medium,Low,Minimal,Yes,No,No,Yes,Yes,No,No,Medium,Medium,Premium / Trusted,860.0,6K-10K,7300,Full Payment,High,No,4,Yes,No,Medium,High,3,86.4,27.9,88.4,21.4,78.2,68.6,24.3,High,Mid-Range,Medium Value,Comfortable to wear all day and the stress tracking is genuinely useful.
FT101735,35-44,Male,Working Professional,Tier 2,63200.0,50K-1L,Diploma,Better Sleep,Beginner,2,Medium,6700,6.0,Poor,High,Average,0.7,High,No,Yes,Yes,Yes,High,High,Medium,Moderate,Yes,Yes,Yes,No,No,Yes,No,Medium,Medium,Budget / Value,920.0,3K-6K,4300,Full Payment,Medium,No,4,Yes,Yes,High,Medium,1,75.6,30.5,76.2,77.6,69.2,57.5,70.3,High,Budget,Medium Value,"It works as expected, neither impressed nor disappointed so far."
FT101736,45-54,Male,Homemaker,Tier 3,15900.0,< 25K,Graduate,General Fitness,Advanced,6,High,5800,6.7,Poor,Low,Average,2.3,Medium,No,No,No,No,Low,Low,Medium,Minimal,No,No,Yes,No,No,No,Yes,Medium,Medium,Premium / Trusted,220.0,3K-6K,4500,Full Payment,Low,No,2,No,No,Medium,Low,1,43.9,63.5,42.7,11.8,57.4,19.0,16.7,Moderate,Budget,Low Value,Customer support was slow and the device disconnects from the app often.
FT101737,18-24,Female,Student,Tier 1,39500.0,25K-50K,Post Graduate,General Fitness,Beginner,2,Medium,5400,5.2,Poor,High,Poor,1.1,High,No,No,No,No,High,Medium,Medium,Moderate,Yes,Yes,No,Yes,Yes,Yes,Yes,High,High,Budget / Value,2530.0,3K-6K,3800,Full Payment,Low,No,3,No,No,Low,High,3,86.3,31.4,76.9,38.2,53.5,43.1,50.1,High,Budget,Low Value,"Average experience overall, nothing special but works fine."
FT101738,25-34,Male,Working Professional,Tier 2,49300.0,25K-50K,Graduate,Better Sleep,Beginner,3,Medium,8000,6.1,Poor,Medium,Good,2.7,Medium,No,No,No,No,Medium,High,High,Moderate,Yes,Yes,Yes,Yes,Yes,Yes,Yes,High,Medium,No Preference,750.0,3K-6K,3400,Full Payment,High,No,3,No,No,Low,High,1,63.8,39.8,54.5,33.1,87.9,37.1,52.6,High,Budget,Low Value,"Too expensive for the features offered, the price could be lower."
FT101739,35-44,Male,Working Professional,Tier 2,95000.0,50K-1L,Post Graduate,Better Sleep,Intermediate,3,Medium,7900,6.7,Good,Low,Good,1.7,Medium,No,Yes,No,No,Medium,High,Medium,Minimal,Yes,No,Yes,Yes,No,Yes,Yes,High,Low,Premium / Trusted,2720.0,6K-10K,7000,Full Payment,High,Yes,4,Yes,Yes,Low,Medium,0,26.5,59.0,25.4,55.2,78.0,58.9,59.7,Low,Mid-Range,Medium Value,Comfortable to wear all day and the stress tracking is genuinely useful.
FT101740,18-24,Male,Student,Tier 1,38300.0,25K-50K,Post Graduate,Weight Loss,Beginner,2,Medium,6500,6.6,Average,High,Average,0.9,Medium,No,Yes,No,No,Medium,High,High,Frequent,Yes,Yes,No,Yes,Yes,Yes,No,High,Medium,No Preference,1690.0,3K-6K,5900,Full Payment,Medium,No,2,No,No,Low,High,1,59.5,37.7,65.1,53.5,72.8,28.8,73.2,High,Mid-Range,Low Value,The battery drains too quickly and charging takes very long.
FT101741,18-24,Male,Student,Tier 2,15400.0,< 25K,Graduate,Weight Loss,Beginner,1,Low,6000,5.1,Poor,High,Average,3.0,High,No,No,No,No,Medium,Medium,High,Frequent,Yes,Yes,No,Yes,No,No,Yes,High,High,Budget / Value,900.0,3K-6K,4300,Full Payment,Low,No,3,No,No,Low,Medium,0,82.6,26.3,78.6,30.7,51.2,52.4,45.9,High,Budget,Medium Value,"Affordable, lightweight and the companion app is very beginner friendly."
FT101742,18-24,Male,Student,Tier 2,12300.0,< 25K,High School,General Fitness,Beginner,1,Low,800,5.5,Poor,High,Poor,1.8,High,No,No,Yes,No,Medium,High,Medium,Minimal,Yes,No,No,Yes,Yes,Yes,No,Medium,Low,Premium / Trusted,340.0,3K-6K,3900,Full Payment,High,No,2,No,No,Medium,Medium,1,86.5,10.8,86.5,53.4,91.8,25.5,39.8,High,Budget,Low Value,Hard to set up for beginners and too many confusing notifications.
FT101743,55+,Female,Self-Employed,Tier 1,124100.0,1L-2L,Post Graduate,Stress Management,Beginner,3,Medium,9200,7.6,Good,Medium,Average,2.0,Low,No,Yes,No,No,Medium,Medium,High,Minimal,No,Yes,Yes,Yes,No,No,No,Medium,Medium,No Preference,2290.0,3K-6K,5600,Full Payment,Medium,No,3,No,No,Medium,Medium,0,39.5,52.8,41.0,44.9,61.3,35.3,47.6,Low,Mid-Range,Low Value,Customer support was slow and the device disconnects from the app often.
FT101744,35-44,Male,Self-Employed,Tier 3,23700.0,< 25K,Diploma,Better Sleep,Advanced,7,High,11300,7.4,Good,Medium,Poor,1.5,Low,No,Yes,No,No,Low,Medium,Low,Moderate,Yes,Yes,Yes,No,Yes,No,No,High,Medium,Budget / Value,280.0,3K-6K,3100,Full Payment,Low,Yes,3,No,No,Low,Medium,0,44.7,89.5,42.7,37.2,56.5,35.4,56.2,Low,Budget,Low Value,The battery drains too quickly and charging takes very long.
FT101745,25-34,Female,Working Professional,Tier 2,59800.0,50K-1L,Post Graduate,Muscle Gain,Intermediate,3,Medium,8700,5.5,Poor,High,Average,3.2,High,No,No,Yes,No,High,High,Low,Moderate,Yes,No,Yes,No,Yes,Yes,Yes,High,High,Premium / Trusted,710.0,6K-10K,7100,Full Payment,Medium,No,3,No,No,Medium,High,2,75.9,47.8,69.6,58.9,72.7,46.6,53.0,High,Mid-Range,Medium Value,Hard to set up for beginners and too many confusing notifications.
FT101746,35-44,Male,Self-Employed,Tier 2,56800.0,50K-1L,Graduate,Weight Loss,Beginner,2,Medium,3100,8.1,Good,Low,Poor,2.5,Low,Yes,No,Yes,Yes,Medium,Medium,Low,Moderate,No,No,Yes,Yes,Yes,No,No,High,High,Premium / Trusted,790.0,6K-10K,7000,Full Payment,Medium,No,2,No,No,High,High,4,36.7,34.4,37.5,47.2,69.7,27.9,40.4,Low,Mid-Range,Low Value,"Average experience overall, nothing special but works fine."
FT101747,25-34,Male,Working Professional,Tier 1,155400.0,1L-2L,Graduate,General Fitness,Beginner,2,Medium,2000,6.1,Poor,Low,Average,1.8,Medium,No,Yes,No,No,High,High,High,Moderate,Yes,No,No,No,No,No,Yes,Medium,Medium,Premium / Trusted,7020.0,6K-10K,9300,EMI,High,Yes,4,Yes,No,High,High,2,52.0,20.4,44.5,67.7,77.1,57.0,58.3,Moderate,Mid-Range,Medium Value,"Design is decent, battery is average, app could improve a little."
FT101748,25-34,Female,Student,Tier 1,24800.0,< 25K,Graduate,Better Sleep,Advanced,5,High,11700,5.8,Poor,High,Good,0.8,Medium,No,No,Yes,No,High,High,High,Moderate,No,Yes,Yes,No,Yes,No,No,High,Medium,Budget / Value,260.0,3K-6K,3900,Full Payment,Medium,Yes,3,No,No,High,High,4,61.3,75.5,60.0,60.0,75.5,37.1,44.9,High,Budget,Low Value,The battery drains too quickly and charging takes very long.
FT101749,25-34,Male,Self-Employed,Tier 1,92100.0,50K-1L,Graduate,General Fitness,Advanced,5,High,6800,6.1,Poor,Medium,Poor,4.3,High,No,Yes,Yes,Yes,High,High,High,Moderate,Yes,Yes,Yes,No,Yes,No,No,High,Medium,Budget / Value,4130.0,6K-10K,6000,Full Payment,Medium,Yes,4,Yes,No,Medium,High,3,62.1,58.2,63.9,96.4,61.4,70.3,76.9,High,Mid-Range,Medium Value,Step counting is accurate and syncing with the app is fast and seamless.
FT101750,35-44,Male,Self-Employed,Tier 3,52800.0,50K-1L,Post Graduate,Weight Loss,Beginner,1,Low,3500,7.3,Good,Low,Good,3.9,Low,No,No,No,No,Medium,High,Low,Frequent,No,No,No,No,No,Yes,Yes,Medium,High,Budget / Value,2630.0,< 3K,1200,Full Payment,High,No,3,No,No,Low,Medium,0,28.1,32.4,38.1,27.2,85.8,35.1,36.1,Low,Budget,Low Value,"Average experience overall, nothing special but works fine."
FT101751,18-24,Female,Working Professional,Tier 3,31300.0,25K-50K,Diploma,General Fitness,Intermediate,0,Low,3900,6.4,Average,Medium,Good,3.5,Medium,No,No,No,Yes,Medium,Low,High,Moderate,Yes,Yes,Yes,Yes,No,No,No,Medium,High,Budget / Value,1110.0,< 3K,1200,Full Payment,Medium,Yes,2,No,No,Medium,High,1,50.7,28.7,46.6,24.4,77.6,24.6,36.7,Moderate,Budget,Low Value,Customer support was slow and the device disconnects from the app often.
FT101752,45-54,Female,Working Professional,Tier 3,57700.0,50K-1L,Post Graduate,Stress Management,Beginner,3,Medium,7700,5.4,Poor,High,Poor,1.7,High,No,No,No,No,Low,High,High,Minimal,Yes,No,Yes,Yes,Yes,No,Yes,High,Low,Premium / Trusted,3880.0,3K-6K,4300,Full Payment,High,No,3,No,Yes,Medium,Low,0,83.8,38.3,86.7,18.3,93.9,36.1,31.8,High,Budget,Low Value,Heart rate readings feel inaccurate during workouts and the strap is uncomfortable.
FT101753,35-44,Female,Working Professional,Tier 1,50900.0,50K-1L,High School,General Fitness,Beginner,0,Low,4900,6.6,Poor,Medium,Good,1.9,High,Yes,Yes,No,No,Medium,Medium,Low,Minimal,Yes,Yes,Yes,Yes,No,Yes,Yes,High,Medium,Budget / Value,1750.0,3K-6K,4300,Full Payment,Medium,Yes,4,Yes,No,Medium,Medium,1,66.0,15.4,60.6,54.1,62.5,59.1,63.6,High,Budget,Medium Value,The battery life is excellent and lasts almost a week on a single charge.
FT101754,25-34,Male,Working Professional,Tier 2,59100.0,50K-1L,Graduate,Weight Loss,Advanced,5,High,8900,6.0,Poor,Medium,Average,2.6,Medium,Yes,Yes,No,No,Medium,Medium,Medium,Moderate,Yes,Yes,Yes,Yes,No,No,Yes,High,Low,Budget / Value,1990.0,3K-6K,3300,Full Payment,Medium,Yes,3,No,No,High,High,2,57.6,61.0,49.8,48.3,66.6,47.4,64.3,High,Budget,Medium Value,Sleep tracking data seems wrong and the design feels cheap.
FT101755,25-34,Female,Working Professional,Tier 3,36600.0,25K-50K,Post Graduate,General Fitness,Advanced,5,High,6600,6.2,Poor,High,Average,1.6,High,Yes,No,No,No,High,High,High,Moderate,Yes,Yes,Yes,No,No,No,Yes,High,Low,Budget / Value,600.0,< 3K,2300,Full Payment,Low,No,3,No,No,Low,High,3,70.5,55.9,59.0,45.5,55.6,51.5,44.1,High,Budget,Medium Value,"Average experience overall, nothing special but works fine."
FT101756,18-24,Other,Student,Tier 2,20700.0,< 25K,Graduate,Medical / Recovery,Beginner,0,Low,4300,6.1,Poor,Medium,Average,1.5,High,Yes,Yes,No,No,Medium,Medium,Medium,Frequent,Yes,Yes,Yes,Yes,No,Yes,No,High,High,No Preference,940.0,3K-6K,3500,Full Payment,High,No,4,Yes,No,High,Medium,1,72.1,12.4,66.9,56.6,93.7,71.4,74.2,High,Budget,Medium Value,"Great value for money, the app is smooth and the design looks premium."
FT101757,55+,Female,Retired,Tier 1,43300.0,25K-50K,High School,General Fitness,Advanced,5,High,9800,6.3,Average,Low,Poor,3.5,Medium,Yes,No,No,No,Low,Medium,High,Moderate,Yes,No,No,No,Yes,Yes,Yes,Medium,High,Budget / Value,2040.0,3K-6K,4300,Full Payment,High,Yes,3,No,Yes,Medium,Medium,1,40.4,71.2,45.5,17.2,89.0,34.8,34.2,Low,Budget,Low Value,Hard to set up for beginners and too many confusing notifications.
FT101758,45-54,Male,Working Professional,Tier 3,56200.0,50K-1L,Post Graduate,General Fitness,Intermediate,3,Medium,3000,6.9,Average,Medium,Poor,2.3,Low,No,No,No,Yes,Low,Low,Medium,Moderate,Yes,Yes,No,Yes,Yes,No,Yes,Medium,Medium,No Preference,1030.0,< 3K,1300,Full Payment,Low,No,1,No,Yes,Low,Low,0,60.0,36.7,61.1,21.8,44.8,13.3,40.1,Moderate,Budget,Low Value,"Too expensive for the features offered, the price could be lower."
FT101759,45-54,Male,Homemaker,Tier 1,56800.0,50K-1L,Post Graduate,Weight Loss,Intermediate,2,Medium,7800,6.6,Average,Medium,Average,1.4,Medium,No,No,No,No,Low,High,Medium,Frequent,No,No,Yes,No,Yes,No,No,High,Medium,No Preference,2340.0,3K-6K,4100,Full Payment,High,No,2,No,No,High,Low,0,52.4,43.1,50.4,19.9,86.1,27.6,33.5,Moderate,Budget,Low Value,I am worried about my health data privacy and how it is stored.
FT101760,25-34,Male,Self-Employed,Tier 1,74500.0,50K-1L,Diploma,General Fitness,Intermediate,3,Medium,1800,6.3,Average,Low,Average,3.1,Low,No,Yes,Yes,Yes,High,High,Low,Moderate,No,Yes,Yes,No,No,No,Yes,Medium,Medium,No Preference,2110.0,3K-6K,5700,Full Payment,Medium,No,5,Yes,Yes,Low,Medium,2,38.8,43.1,44.4,89.0,63.5,75.7,70.0,Low,Mid-Range,Medium Value,"Great value for money, the app is smooth and the design looks premium."
FT101761,18-24,Male,Student,Tier 3,14500.0,< 25K,Graduate,Better Sleep,Beginner,1,Low,6000,5.3,Poor,High,Good,1.8,High,No,Yes,Yes,Yes,High,High,Low,Minimal,Yes,No,No,Yes,No,Yes,Yes,High,High,Budget / Value,970.0,< 3K,1400,Full Payment,Medium,No,3,Yes,Yes,Low,High,1,71.4,28.3,71.9,81.9,79.1,52.8,64.8,High,Budget,Medium Value,"Too expensive for the features offered, the price could be lower."
FT101762,18-24,Female,Student,Tier 2,21500.0,< 25K,Post Graduate,Stress Management,Advanced,6,High,8500,5.3,Poor,High,Average,0.7,High,Yes,Yes,No,No,High,Low,Medium,Frequent,Yes,Yes,Yes,No,No,Yes,Yes,Medium,Medium,No Preference,240.0,3K-6K,4800,Full Payment,High,No,4,Yes,No,High,Medium,0,67.2,72.3,60.3,60.6,89.0,55.2,75.6,High,Budget,Medium Value,"Average experience overall, nothing special but works fine."
FT101763,18-24,Male,Student,Tier 1,20500.0,< 25K,Diploma,General Fitness,Beginner,0,Low,4300,6.4,Poor,Medium,Poor,1.4,Medium,No,No,No,No,High,Medium,Medium,Frequent,No,No,No,No,Yes,Yes,Yes,Medium,Medium,No Preference,650.0,3K-6K,4000,Full Payment,Medium,No,3,No,No,Medium,High,1,79.4,16.4,81.1,48.3,73.5,41.3,47.8,High,Budget,Low Value,"Average experience overall, nothing special but works fine."
FT101764,18-24,Male,Working Professional,Tier 2,44800.0,25K-50K,Graduate,Better Sleep,Beginner,0,Low,3900,7.4,Average,Medium,Poor,1.9,Medium,No,Yes,Yes,Yes,Medium,High,Medium,Minimal,No,Yes,Yes,No,Yes,No,Yes,Low,High,Budget / Value,1410.0,3K-6K,4200,Full Payment,High,No,4,Yes,Yes,Low,High,6,59.5,20.8,64.1,75.3,91.1,60.9,62.5,Moderate,Budget,Medium Value,"Reasonable device for the price, a few features could be better."
FT101765,18-24,Male,Working Professional,Tier 3,42900.0,25K-50K,Graduate,General Fitness,Beginner,2,Medium,5100,7.0,Average,High,Good,2.5,Medium,Yes,No,No,No,Low,Medium,High,Moderate,No,No,No,No,Yes,No,No,High,Medium,No Preference,1470.0,< 3K,2200,Full Payment,High,Yes,4,Yes,No,Low,High,7,62.9,34.3,51.3,22.0,89.2,59.8,23.0,High,Budget,Medium Value,Step counting is accurate and syncing with the app is fast and seamless.
FT101766,55+,Male,Self-Employed,Tier 1,52800.0,50K-1L,High School,Better Sleep,Intermediate,2,Medium,6000,5.0,Poor,Low,Poor,2.4,Medium,No,No,No,No,Low,High,Low,Moderate,Yes,No,No,No,No,No,No,High,Low,Premium / Trusted,1260.0,6K-10K,8300,EMI,Medium,No,3,No,No,Low,Medium,0,56.8,37.4,59.1,20.2,69.1,37.0,22.4,Moderate,Mid-Range,Low Value,Hard to set up for beginners and too many confusing notifications.
FT101767,18-24,Male,Student,Tier 2,38600.0,25K-50K,Post Graduate,Weight Loss,Beginner,0,Low,2800,6.2,Poor,High,Good,3.3,Medium,No,No,No,No,Medium,Low,Medium,Minimal,Yes,Yes,No,No,No,Yes,Yes,Medium,High,No Preference,920.0,3K-6K,3500,Full Payment,Medium,No,3,No,No,High,Medium,1,69.9,12.2,72.5,35.2,65.8,37.4,33.5,High,Budget,Low Value,Hard to set up for beginners and too many confusing notifications.
FT101768,18-24,Male,Student,Tier 1,26500.0,25K-50K,Diploma,General Fitness,Beginner,1,Low,5400,6.1,Poor,High,Poor,2.1,Medium,No,No,No,No,Medium,Medium,High,Minimal,Yes,Yes,Yes,Yes,No,Yes,Yes,Medium,Medium,Premium / Trusted,790.0,6K-10K,6000,Full Payment,Medium,No,4,Yes,No,Low,Low,0,86.6,21.3,85.8,24.7,70.7,59.6,38.4,High,Mid-Range,Medium Value,Heart rate monitoring feels reliable and the hydration reminders really help.
FT101769,35-44,Male,Self-Employed,Tier 1,79200.0,50K-1L,Post Graduate,Better Sleep,Intermediate,3,Medium,10200,5.7,Poor,High,Poor,1.9,High,No,No,No,No,Medium,High,High,Minimal,Yes,No,No,Yes,No,No,Yes,Medium,High,Budget / Value,1340.0,3K-6K,5000,Full Payment,High,Yes,2,No,No,Low,Medium,1,75.8,52.1,75.5,24.9,84.3,33.6,25.6,High,Mid-Range,Low Value,"It works as expected, neither impressed nor disappointed so far."
FT101770,25-34,Female,Homemaker,Tier 2,17700.0,< 25K,Graduate,Better Sleep,Beginner,1,Low,1700,7.0,Average,Medium,Poor,2.3,Medium,No,No,No,No,Medium,Medium,High,Moderate,Yes,Yes,No,Yes,No,Yes,Yes,High,Medium,Budget / Value,250.0,3K-6K,3900,Full Payment,High,No,2,No,No,High,Medium,0,59.2,16.2,65.4,24.6,90.1,21.5,41.0,Moderate,Budget,Low Value,Heart rate readings feel inaccurate during workouts and the strap is uncomfortable.
FT101771,35-44,Male,Working Professional,Tier 2,61400.0,50K-1L,Graduate,Stress Management,Beginner,1,Low,800,6.3,Poor,High,Average,3.1,High,No,No,No,Yes,Low,Medium,Medium,Minimal,Yes,Yes,No,Yes,No,No,No,Medium,High,No Preference,3900.0,3K-6K,5200,Full Payment,Low,No,2,No,Yes,Medium,Low,1,81.5,14.6,82.0,21.0,54.6,18.3,24.2,High,Mid-Range,Low Value,The battery drains too quickly and charging takes very long.
FT101772,25-34,Male,Working Professional,Tier 1,111600.0,1L-2L,Graduate,Muscle Gain,Beginner,0,Low,2300,5.5,Poor,Medium,Average,2.3,Medium,No,Yes,No,No,High,Medium,Low,Minimal,Yes,No,No,Yes,No,Yes,Yes,Low,High,No Preference,4090.0,6K-10K,6600,Full Payment,Medium,Yes,5,Yes,Yes,Low,Medium,1,64.6,11.2,68.5,73.0,70.4,74.9,61.7,High,Mid-Range,Medium Value,The battery life is excellent and lasts almost a week on a single charge.
FT101773,45-54,Male,Working Professional,Tier 2,61200.0,50K-1L,Graduate,Better Sleep,Intermediate,4,High,6500,5.3,Poor,High,Good,2.5,High,No,Yes,No,No,Medium,High,High,Minimal,Yes,Yes,Yes,No,No,No,Yes,Medium,High,Budget / Value,3190.0,3K-6K,4000,Full Payment,High,No,2,No,No,High,Low,0,59.5,48.3,60.9,49.1,91.6,26.4,53.3,High,Budget,Low Value,The battery drains too quickly and charging takes very long.
FT101774,25-34,Male,Working Professional,Tier 2,89500.0,50K-1L,Post Graduate,Stress Management,Beginner,3,Medium,5600,6.9,Poor,High,Average,1.9,High,No,Yes,No,No,High,High,High,Moderate,Yes,Yes,No,No,Yes,Yes,Yes,Medium,High,Premium / Trusted,2520.0,6K-10K,7500,Full Payment,Low,No,4,Yes,Yes,High,Medium,0,75.8,35.8,73.6,65.7,52.0,56.3,70.4,High,Mid-Range,Medium Value,Step counting is accurate and syncing with the app is fast and seamless.
FT101775,25-34,Male,Homemaker,Tier 2,24300.0,< 25K,Graduate,Weight Loss,Beginner,0,Low,1300,5.3,Poor,High,Poor,1.4,High,No,Yes,No,No,High,High,Medium,Frequent,Yes,Yes,No,No,Yes,Yes,Yes,Medium,Medium,No Preference,1640.0,3K-6K,5700,Full Payment,Medium,Yes,4,Yes,No,Medium,Medium,3,88.4,11.4,86.1,60.4,70.0,68.5,75.6,High,Mid-Range,Medium Value,The app keeps crashing and the notifications are unreliable.
FT101776,35-44,Male,Self-Employed,Tier 2,83500.0,50K-1L,Post Graduate,General Fitness,Intermediate,1,Low,5700,6.6,Average,Low,Average,4.1,Low,No,No,Yes,Yes,High,High,Medium,Moderate,Yes,Yes,No,No,Yes,No,No,High,Low,Budget / Value,4280.0,3K-6K,5200,Full Payment,High,Yes,3,No,No,Medium,Medium,0,46.9,33.8,45.8,60.7,84.3,47.7,45.1,Low,Mid-Range,Medium Value,I am worried about my health data privacy and how it is stored.
FT101777,25-34,Male,Working Professional,Tier 3,30800.0,25K-50K,Graduate,Muscle Gain,Advanced,6,High,7100,5.7,Poor,High,Average,1.9,High,No,No,Yes,Yes,Medium,High,Medium,Minimal,Yes,No,Yes,Yes,No,No,Yes,High,Low,Premium / Trusted,2010.0,3K-6K,5400,Full Payment,Medium,No,2,No,Yes,Medium,Low,0,70.7,58.4,65.6,52.0,68.3,24.4,39.3,High,Mid-Range,Low Value,Customer support was slow and the device disconnects from the app often.
FT101778,25-34,Male,Working Professional,Tier 2,76500.0,50K-1L,Diploma,Muscle Gain,Intermediate,5,High,9300,6.6,Poor,High,Average,2.5,Medium,No,Yes,Yes,Yes,High,High,Medium,Frequent,No,No,No,No,No,No,No,Medium,Low,Budget / Value,4090.0,3K-6K,5700,Full Payment,Low,Yes,4,Yes,No,Medium,High,1,69.8,52.1,65.6,90.4,47.9,57.1,64.6,High,Mid-Range,Medium Value,Heart rate monitoring feels reliable and the hydration reminders really help.
FT101779,25-34,Female,Working Professional,Tier 2,30600.0,25K-50K,High School,Better Sleep,Beginner,0,Low,4100,7.3,Average,Medium,Good,1.1,Medium,No,No,No,No,Medium,Medium,High,Frequent,Yes,Yes,Yes,No,No,Yes,Yes,Medium,Medium,Budget / Value,1440.0,< 3K,2800,Full Payment,Low,No,3,No,No,Low,High,3,53.0,20.7,51.3,24.9,49.0,35.8,48.1,Moderate,Budget,Low Value,Sleep tracking data seems wrong and the design feels cheap.
FT101780,18-24,Male,Student,Tier 2,30600.0,25K-50K,Post Graduate,General Fitness,Advanced,6,High,10200,6.7,Average,Low,Good,2.9,High,No,Yes,Yes,Yes,High,Medium,Low,Minimal,Yes,Yes,No,Yes,No,No,Yes,Medium,Low,Budget / Value,1120.0,3K-6K,3700,Full Payment,Medium,Yes,3,No,Yes,High,High,1,30.9,71.7,27.1,78.9,67.6,39.7,63.8,Low,Budget,Low Value,I am worried about my health data privacy and how it is stored.
FT101781,35-44,Male,Working Professional,Tier 2,60400.0,50K-1L,Graduate,Weight Loss,Intermediate,5,High,9400,6.3,Poor,Medium,Average,1.3,Medium,Yes,Yes,No,No,Low,High,Low,Frequent,Yes,No,No,No,No,Yes,Yes,Medium,High,Budget / Value,3180.0,3K-6K,4400,Full Payment,High,No,4,Yes,Yes,Low,High,6,58.3,56.8,54.1,41.3,76.8,61.9,60.3,High,Budget,Medium Value,The battery life is excellent and lasts almost a week on a single charge.
FT101782,18-24,Female,Working Professional,Tier 1,88500.0,50K-1L,Graduate,Weight Loss,Intermediate,2,Medium,6900,4.6,Poor,High,Average,3.6,High,No,Yes,Yes,Yes,High,High,Medium,Moderate,Yes,No,No,Yes,No,No,Yes,Medium,High,Premium / Trusted,2350.0,10K-18K,10300,EMI,Low,No,4,Yes,Yes,Low,High,2,77.1,35.6,71.6,95.4,47.9,61.4,72.2,High,Mid-Range,Medium Value,"Great value for money, the app is smooth and the design looks premium."
FT101783,18-24,Male,Working Professional,Tier 1,85800.0,50K-1L,Graduate,Better Sleep,Beginner,3,Medium,6400,7.7,Good,Low,Average,3.7,Low,No,No,No,No,High,High,High,Minimal,Yes,Yes,Yes,No,No,Yes,No,Medium,Medium,Budget / Value,770.0,3K-6K,4900,Full Payment,Medium,No,2,No,Yes,High,High,5,21.5,43.9,29.8,47.9,70.3,25.4,37.9,Low,Budget,Low Value,Customer support was slow and the device disconnects from the app often.
FT101784,18-24,Male,Student,Tier 1,31200.0,25K-50K,Graduate,Weight Loss,Beginner,1,Low,3500,6.0,Average,Medium,Average,2.8,Medium,No,Yes,No,No,High,High,High,Moderate,No,No,Yes,Yes,No,No,Yes,Medium,Medium,No Preference,850.0,3K-6K,3700,Full Payment,Low,No,3,No,No,Medium,High,2,56.0,25.0,55.3,73.8,56.8,48.9,64.7,Moderate,Budget,Medium Value,"Design is decent, battery is average, app could improve a little."
FT101785,45-54,Male,Self-Employed,Tier 1,91200.0,50K-1L,Graduate,Better Sleep,Intermediate,4,High,8300,5.7,Poor,High,Average,2.4,High,No,No,No,No,Low,Medium,Low,Moderate,Yes,No,Yes,Yes,No,No,No,Medium,High,No Preference,4980.0,6K-10K,6400,Full Payment,High,No,3,No,Yes,Medium,High,0,74.3,51.2,67.2,16.0,87.3,50.6,29.5,High,Mid-Range,Medium Value,"Design is decent, battery is average, app could improve a little."
FT101786,25-34,Male,Self-Employed,Tier 3,53400.0,50K-1L,Graduate,Weight Loss,Beginner,0,Low,4100,7.6,Good,Low,Poor,2.2,Low,No,No,Yes,Yes,Medium,Medium,Medium,Frequent,No,Yes,Yes,Yes,Yes,Yes,Yes,Medium,Low,No Preference,630.0,< 3K,2700,Full Payment,High,Yes,2,No,Yes,Low,High,0,40.2,25.0,45.0,46.7,91.8,32.9,60.1,Low,Budget,Low Value,"The watch is okay, does the basic job of counting steps."
FT101787,35-44,Male,Working Professional,Tier 2,111100.0,1L-2L,Post Graduate,General Fitness,Beginner,3,Medium,7900,5.8,Poor,High,Poor,2.3,High,Yes,No,No,No,Low,High,Medium,Moderate,Yes,No,Yes,Yes,Yes,Yes,Yes,High,Medium,Premium / Trusted,7120.0,6K-10K,8200,EMI,High,No,3,No,No,Medium,Medium,0,84.1,36.5,75.1,15.3,80.8,48.9,42.1,High,Mid-Range,Medium Value,I am worried about my health data privacy and how it is stored.
FT101788,45-54,Other,Self-Employed,Tier 2,39200.0,25K-50K,High School,Stress Management,Beginner,2,Medium,2100,7.2,Average,Medium,Good,2.6,Medium,No,Yes,No,No,Medium,Medium,Low,Frequent,Yes,No,Yes,Yes,No,Yes,Yes,High,High,Premium / Trusted,1410.0,3K-6K,4800,Full Payment,Medium,No,4,Yes,No,Medium,Medium,0,46.4,27.1,43.0,47.4,64.5,65.5,71.0,Moderate,Budget,Medium Value,"Design is decent, battery is average, app could improve a little."
FT101789,18-24,Other,Student,Tier 2,31900.0,25K-50K,Graduate,General Fitness,Beginner,4,High,7100,7.0,Average,Medium,Good,2.4,Low,No,No,Yes,Yes,Medium,Medium,High,Frequent,Yes,No,Yes,No,No,Yes,No,Low,Low,No Preference,1560.0,3K-6K,4000,Full Payment,High,No,2,No,No,Low,Medium,1,38.2,45.9,37.8,55.7,86.6,31.7,50.4,Moderate,Budget,Low Value,Sleep tracking data seems wrong and the design feels cheap.
FT101790,35-44,Female,Self-Employed,Tier 2,36900.0,25K-50K,High School,Better Sleep,Intermediate,5,High,6600,6.7,Average,Medium,Poor,3.1,Medium,No,Yes,Yes,No,Medium,Medium,Medium,Minimal,Yes,Yes,No,No,Yes,No,Yes,Medium,High,Premium / Trusted,1310.0,6K-10K,6100,Full Payment,High,Yes,4,Yes,No,High,Low,0,54.5,55.9,52.7,76.9,89.1,55.5,63.1,Moderate,Mid-Range,Medium Value,"Design is decent, battery is average, app could improve a little."
FT101791,25-34,Male,Working Professional,Tier 2,102300.0,1L-2L,Post Graduate,Weight Loss,Beginner,1,Low,5100,5.6,Poor,High,Good,1.6,Medium,No,Yes,No,Yes,High,High,High,Moderate,Yes,Yes,No,Yes,Yes,Yes,No,Medium,Medium,Budget / Value,6000.0,3K-6K,5100,Full Payment,Medium,Yes,3,No,Yes,Low,Medium,0,73.8,24.8,67.9,57.5,55.1,46.1,67.6,High,Mid-Range,Medium Value,The app keeps crashing and the notifications are unreliable.
FT101792,18-24,Male,Student,Tier 2,23100.0,< 25K,Graduate,General Fitness,Intermediate,7,High,12000,5.8,Poor,Medium,Good,3.5,Medium,No,No,Yes,No,Low,Medium,Medium,Moderate,Yes,No,Yes,No,Yes,Yes,No,Low,Medium,Budget / Value,1440.0,3K-6K,4000,Full Payment,High,No,2,No,Yes,High,High,1,50.6,68.8,50.3,40.2,94.2,25.4,42.2,High,Budget,Low Value,Sleep tracking data seems wrong and the design feels cheap.
FT101793,35-44,Male,Working Professional,Tier 2,56400.0,50K-1L,Graduate,Muscle Gain,Intermediate,5,High,8000,6.9,Average,Low,Poor,2.0,Low,Yes,Yes,Yes,Yes,Low,Medium,High,Minimal,No,Yes,No,No,Yes,Yes,Yes,High,High,Budget / Value,2800.0,3K-6K,3600,Full Payment,Low,No,2,No,No,Medium,High,2,39.7,62.1,43.4,55.5,51.3,30.6,55.6,Low,Budget,Low Value,I am worried about my health data privacy and how it is stored.
FT101794,45-54,Male,Working Professional,Tier 1,115200.0,1L-2L,Post Graduate,Better Sleep,Beginner,2,Medium,3900,7.3,Good,Low,Good,1.7,Medium,No,No,No,No,Medium,High,Low,Moderate,No,No,Yes,No,No,No,No,Medium,High,No Preference,5650.0,6K-10K,7600,Full Payment,Medium,No,2,No,No,Low,Low,2,20.7,42.3,28.2,29.8,64.4,28.7,25.7,Low,Mid-Range,Low Value,Heart rate readings feel inaccurate during workouts and the strap is uncomfortable.
FT101795,18-24,Male,Student,Tier 2,23600.0,< 25K,Graduate,Weight Loss,Beginner,0,Low,4100,5.3,Poor,High,Good,2.6,High,No,Yes,No,No,High,High,Medium,Frequent,Yes,Yes,Yes,Yes,No,No,No,High,Low,No Preference,1350.0,6K-10K,6100,Full Payment,Medium,No,4,Yes,No,Medium,High,4,72.2,16.9,71.4,63.6,76.2,56.0,72.4,High,Mid-Range,Medium Value,"The watch is okay, does the basic job of counting steps."
FT101796,25-34,Male,Self-Employed,Tier 2,45400.0,25K-50K,Diploma,General Fitness,Beginner,0,Low,2800,6.7,Average,Low,Average,2.6,Low,No,No,No,No,Low,High,Medium,Moderate,Yes,Yes,Yes,No,No,No,Yes,Medium,Medium,Premium / Trusted,1400.0,3K-6K,4500,Full Payment,High,No,3,No,No,Medium,High,3,43.9,17.7,49.5,16.3,82.2,34.7,33.8,Low,Budget,Low Value,The app keeps crashing and the notifications are unreliable.
FT101797,18-24,Male,Student,Tier 2,23100.0,< 25K,Graduate,Muscle Gain,Beginner,0,Low,5600,5.2,Poor,High,Average,0.9,High,No,Yes,No,No,High,Medium,Low,Moderate,No,No,No,Yes,No,Yes,No,Medium,Medium,Budget / Value,670.0,3K-6K,3100,Full Payment,Low,No,4,Yes,No,Low,High,4,75.4,15.2,68.1,58.7,50.2,60.3,55.1,High,Budget,Medium Value,"Great value for money, the app is smooth and the design looks premium."
FT101798,25-34,Male,Working Professional,Tier 3,35600.0,25K-50K,High School,Medical / Recovery,Intermediate,2,Medium,8400,6.3,Average,Medium,Average,1.9,Low,Yes,No,No,No,Low,High,Medium,Minimal,Yes,Yes,Yes,No,No,Yes,No,High,Medium,No Preference,1360.0,< 3K,2800,Full Payment,Medium,No,2,No,No,Low,Low,0,50.6,46.2,42.3,22.7,66.6,21.6,29.1,Moderate,Budget,Low Value,The app keeps crashing and the notifications are unreliable.
FT101799,25-34,Male,Homemaker,Tier 3,21600.0,< 25K,Post Graduate,Better Sleep,Intermediate,5,High,10300,7.4,Good,Medium,Average,0.6,Low,No,Yes,Yes,Yes,Low,High,High,Moderate,Yes,No,Yes,No,No,No,Yes,High,Low,No Preference,360.0,< 3K,2800,Full Payment,Medium,No,3,No,Yes,High,Medium,0,34.3,71.3,35.9,61.6,70.5,38.6,60.4,Low,Budget,Low Value,"Reasonable device for the price, a few features could be better."
FT101800,25-34,Female,Working Professional,Tier 2,31000.0,25K-50K,Graduate,Better Sleep,Advanced,6,High,10000,6.4,Average,Medium,Average,1.8,Low,No,No,No,No,Medium,High,Medium,Frequent,Yes,Yes,No,Yes,Yes,Yes,Yes,High,Medium,Budget / Value,980.0,3K-6K,3900,Full Payment,High,No,1,No,Yes,Low,Low,0,53.8,75.2,40.5,30.1,88.2,9.3,54.2,Moderate,Budget,Low Value,The battery drains too quickly and charging takes very long.
FT101801,25-34,Male,Working Professional,Tier 1,138700.0,1L-2L,Graduate,General Fitness,Advanced,4,High,10700,5.1,Poor,Medium,Average,2.3,Medium,No,Yes,No,No,High,High,High,Frequent,No,Yes,No,Yes,No,Yes,No,Medium,Medium,Premium / Trusted,1980.0,10K-18K,10900,Full Payment,Medium,Yes,4,Yes,No,Medium,Medium,3,60.3,62.5,57.1,62.6,51.0,65.5,67.8,High,Mid-Range,Medium Value,"Design is decent, battery is average, app could improve a little."
FT101802,18-24,Female,Student,Tier 2,23300.0,< 25K,Post Graduate,Muscle Gain,Beginner,1,Low,4500,6.6,Poor,Medium,Average,2.5,Medium,No,Yes,No,No,Medium,High,Low,Frequent,Yes,No,No,Yes,Yes,Yes,Yes,High,High,Budget / Value,570.0,3K-6K,3200,Full Payment,Low,No,4,Yes,No,Medium,High,0,64.3,21.0,71.3,53.1,56.1,57.8,73.0,High,Budget,Medium Value,"Reasonable device for the price, a few features could be better."
FT101803,35-44,Male,Working Professional,Tier 3,45100.0,25K-50K,Post Graduate,Better Sleep,Intermediate,3,Medium,5400,6.5,Good,Low,Average,1.7,Low,No,Yes,No,No,Low,Medium,Low,Minimal,Yes,No,Yes,Yes,Yes,No,No,Medium,High,No Preference,1900.0,< 3K,1900,Full Payment,High,Yes,2,No,No,Low,Low,1,30.1,48.7,33.2,28.1,94.8,28.7,46.0,Low,Budget,Low Value,Heart rate readings feel inaccurate during workouts and the strap is uncomfortable.
FT101804,35-44,Male,Working Professional,Tier 3,34600.0,25K-50K,Graduate,Better Sleep,Beginner,2,Medium,4000,6.0,Poor,High,Good,1.9,High,Yes,No,No,No,Medium,Medium,Low,Frequent,Yes,Yes,Yes,Yes,Yes,Yes,No,High,Medium,Premium / Trusted,390.0,3K-6K,4900,Full Payment,Medium,No,4,Yes,No,Low,Low,2,70.5,24.2,62.0,26.9,68.4,59.8,53.1,High,Budget,Medium Value,Heart rate monitoring feels reliable and the hydration reminders really help.
FT101805,35-44,Male,Self-Employed,Tier 3,23500.0,< 25K,High School,Stress Management,Beginner,0,Low,1700,6.4,Average,Medium,Good,3.3,Low,No,No,No,No,Low,High,High,Frequent,No,Yes,Yes,No,No,Yes,No,Medium,High,Budget / Value,1430.0,< 3K,2100,Full Payment,High,No,2,No,No,High,Low,1,61.8,14.0,51.0,22.5,89.3,20.8,38.7,Moderate,Budget,Low Value,Heart rate readings feel inaccurate during workouts and the strap is uncomfortable.
FT101806,18-24,Male,Student,Tier 1,25500.0,25K-50K,Graduate,Better Sleep,Beginner,2,Medium,5200,5.4,Poor,High,Poor,4.0,High,No,Yes,No,No,Medium,Medium,Low,Minimal,No,No,Yes,Yes,Yes,Yes,No,High,Medium,Budget / Value,260.0,3K-6K,3800,Full Payment,Low,Yes,4,Yes,No,High,High,7,83.6,27.5,82.4,54.6,56.5,71.1,55.3,High,Budget,Medium Value,The personalized health reports keep me motivated to stay consistent.
FT101807,25-34,Male,Working Professional,Tier 2,65000.0,50K-1L,Post Graduate,Better Sleep,Beginner,2,Medium,6000,6.6,Poor,Low,Average,1.6,High,Yes,Yes,Yes,Yes,Medium,High,Low,Moderate,Yes,No,No,No,No,Yes,No,High,High,Premium / Trusted,1380.0,3K-6K,5800,Full Payment,High,No,3,No,No,Medium,High,6,58.1,29.5,52.2,73.8,86.9,40.5,60.4,Moderate,Mid-Range,Low Value,Sleep tracking data seems wrong and the design feels cheap.
FT101808,25-34,Male,Working Professional,Tier 3,46700.0,25K-50K,Post Graduate,Weight Loss,Intermediate,2,Medium,2700,6.2,Poor,Medium,Poor,3.1,Medium,No,No,No,No,Medium,High,Low,Moderate,Yes,No,Yes,No,Yes,Yes,Yes,Medium,High,Premium / Trusted,3030.0,3K-6K,4400,Full Payment,High,Yes,2,No,No,Low,Low,0,69.5,32.6,67.5,28.9,91.5,31.7,42.5,High,Budget,Low Value,I am worried about my health data privacy and how it is stored.
FT101809,18-24,Female,Working Professional,Tier 2,73800.0,50K-1L,Graduate,General Fitness,Intermediate,5,High,7700,6.6,Average,Medium,Average,2.3,Medium,No,Yes,Yes,Yes,High,High,Medium,Moderate,Yes,Yes,Yes,Yes,No,No,No,Medium,Medium,Budget / Value,3980.0,3K-6K,4400,Full Payment,Medium,Yes,4,Yes,No,High,Medium,0,43.8,56.6,38.8,80.7,62.9,68.8,71.4,Moderate,Budget,Medium Value,"Affordable, lightweight and the companion app is very beginner friendly."
FT101810,18-24,Male,Student,Tier 2,27300.0,25K-50K,Diploma,Medical / Recovery,Beginner,1,Low,4500,4.7,Poor,High,Poor,0.9,High,Yes,Yes,Yes,Yes,High,High,Medium,Minimal,Yes,No,Yes,No,No,No,Yes,High,High,Premium / Trusted,360.0,6K-10K,6500,Full Payment,Low,Yes,5,Yes,Yes,Low,High,5,84.7,23.5,88.9,77.3,55.4,78.2,58.9,High,Mid-Range,Medium Value,"Affordable, lightweight and the companion app is very beginner friendly."
FT101811,25-34,Male,Self-Employed,Tier 2,56100.0,50K-1L,Diploma,Muscle Gain,Beginner,0,Low,4200,5.9,Poor,Medium,Good,1.7,High,No,No,Yes,No,High,High,Medium,Moderate,Yes,No,No,Yes,No,Yes,No,Medium,Low,Budget / Value,3300.0,< 3K,2400,Full Payment,Medium,Yes,4,Yes,Yes,Medium,High,4,65.9,18.8,60.9,57.9,70.5,54.4,44.1,High,Budget,Medium Value,The personalized health reports keep me motivated to stay consistent.
FT101812,35-44,Female,Working Professional,Tier 2,103500.0,1L-2L,Post Graduate,Weight Loss,Intermediate,4,High,7400,7.0,Average,Medium,Average,0.5,Medium,No,No,No,No,Medium,Medium,High,Minimal,Yes,No,Yes,No,No,No,Yes,Medium,High,No Preference,5430.0,3K-6K,5300,Full Payment,Low,Yes,2,No,No,Medium,Medium,0,43.4,53.2,46.2,30.8,42.5,19.3,27.6,Moderate,Mid-Range,Low Value,Heart rate readings feel inaccurate during workouts and the strap is uncomfortable.
FT101813,18-24,Male,Student,Tier 1,16700.0,< 25K,High School,General Fitness,Intermediate,3,Medium,6700,6.9,Average,Medium,Average,2.6,Medium,No,Yes,No,No,High,High,Medium,Frequent,Yes,No,Yes,No,No,Yes,No,High,High,No Preference,560.0,3K-6K,3400,Full Payment,High,Yes,4,Yes,No,Medium,Medium,0,49.8,46.0,51.4,70.3,92.4,54.6,70.5,Moderate,Budget,Medium Value,"The watch is okay, does the basic job of counting steps."
FT101814,35-44,Female,Working Professional,Tier 1,93600.0,50K-1L,Graduate,Muscle Gain,Intermediate,4,High,5200,7.1,Average,Low,Average,1.4,Low,No,Yes,Yes,Yes,High,Medium,Low,Minimal,No,Yes,Yes,No,No,No,No,High,Low,Premium / Trusted,4870.0,6K-10K,9400,EMI,Low,No,4,Yes,No,Medium,High,2,35.7,52.8,33.5,88.9,37.0,61.6,58.7,Low,Mid-Range,Medium Value,"Affordable, lightweight and the companion app is very beginner friendly."
FT101815,25-34,Male,Working Professional,Tier 3,51000.0,50K-1L,Graduate,Better Sleep,Beginner,0,Low,1400,5.9,Poor,Medium,Poor,2.4,High,Yes,Yes,No,No,Medium,Medium,Medium,Minimal,Yes,No,No,Yes,Yes,Yes,No,High,Medium,Budget / Value,1880.0,< 3K,2500,Full Payment,Low,No,4,Yes,Yes,Medium,Low,1,75.3,5.9,76.7,52.0,49.2,55.7,54.3,High,Budget,Medium Value,"Design is decent, battery is average, app could improve a little."
FT101816,35-44,Male,Working Professional,Tier 3,30800.0,25K-50K,Diploma,Better Sleep,Beginner,2,Medium,5100,5.0,Poor,High,Poor,4.4,High,No,No,No,No,Low,Medium,Low,Minimal,Yes,Yes,No,No,No,No,Yes,High,Medium,Budget / Value,510.0,< 3K,2700,Full Payment,Medium,No,3,No,No,High,Medium,1,83.1,24.5,79.8,20.2,71.9,50.2,23.9,High,Budget,Medium Value,"The watch is okay, does the basic job of counting steps."
FT101817,25-34,Male,Self-Employed,Tier 3,36800.0,25K-50K,Graduate,Weight Loss,Intermediate,6,High,10500,6.0,Poor,Medium,Poor,3.6,Low,Yes,No,No,No,Low,Medium,Low,Moderate,No,Yes,No,Yes,Yes,No,Yes,High,Medium,Budget / Value,730.0,< 3K,1900,Full Payment,High,No,2,No,No,Low,Low,0,61.3,60.5,70.5,18.9,88.7,33.8,34.8,High,Budget,Low Value,Hard to set up for beginners and too many confusing notifications.
FT101818,25-34,Male,Working Professional,Tier 1,136400.0,1L-2L,Post Graduate,General Fitness,Intermediate,2,Medium,5600,6.2,Poor,High,Average,1.7,Medium,No,Yes,Yes,Yes,High,High,High,Moderate,Yes,Yes,No,No,No,Yes,No,High,High,No Preference,3650.0,6K-10K,9800,EMI,Low,Yes,5,Yes,No,High,High,0,68.4,33.1,71.3,87.3,37.2,78.5,69.4,High,Mid-Range,Medium Value,"I love the sleep tracking, it is accurate and easy to understand."
FT101819,25-34,Female,Working Professional,Tier 1,144600.0,1L-2L,Post Graduate,Weight Loss,Beginner,2,Medium,3700,6.0,Poor,Medium,Good,1.5,Medium,Yes,No,Yes,No,Medium,Medium,Low,Moderate,Yes,No,No,No,Yes,No,Yes,High,Low,No Preference,3840.0,6K-10K,8300,EMI,Low,No,4,Yes,No,Medium,Medium,2,61.6,23.0,53.0,53.5,45.3,63.6,42.6,High,Mid-Range,Medium Value,"It works as expected, neither impressed nor disappointed so far."
FT101820,45-54,Male,Working Professional,Tier 1,92700.0,50K-1L,Graduate,Better Sleep,Beginner,0,Low,2600,6.7,Average,Medium,Poor,3.3,High,Yes,Yes,No,No,High,High,High,Moderate,Yes,No,Yes,Yes,Yes,No,No,Medium,Medium,Premium / Trusted,4750.0,6K-10K,8600,EMI,Medium,No,3,No,No,High,High,1,67.8,23.0,69.4,69.8,69.8,45.9,67.6,Moderate,Mid-Range,Medium Value,"The watch is okay, does the basic job of counting steps."
FT101821,25-34,Male,Working Professional,Tier 3,34000.0,25K-50K,Graduate,Weight Loss,Beginner,5,High,11200,6.5,Poor,Medium,Good,1.5,Medium,No,Yes,Yes,Yes,High,High,Medium,Frequent,Yes,Yes,No,No,Yes,Yes,Yes,Low,Medium,No Preference,630.0,3K-6K,3900,Full Payment,Medium,No,3,No,Yes,Medium,High,4,51.4,52.8,48.4,96.8,71.6,45.2,88.3,High,Budget,Medium Value,"The watch is okay, does the basic job of counting steps."
FT101822,25-34,Male,Working Professional,Tier 2,72600.0,50K-1L,Post Graduate,Muscle Gain,Intermediate,5,High,9500,7.3,Average,Medium,Poor,3.1,Medium,Yes,No,No,No,Medium,High,High,Moderate,Yes,Yes,Yes,No,No,Yes,Yes,High,Medium,No Preference,3550.0,3K-6K,4800,Full Payment,Medium,Yes,3,No,Yes,High,Low,1,53.4,69.4,53.5,34.8,68.5,40.7,44.6,Moderate,Budget,Low Value,Sleep tracking data seems wrong and the design feels cheap.
FT101823,25-34,Female,Working Professional,Tier 3,32000.0,25K-50K,Graduate,Muscle Gain,Beginner,2,Medium,4900,6.7,Poor,Medium,Average,4.5,High,No,Yes,No,No,Low,High,Medium,Moderate,Yes,Yes,No,No,No,No,Yes,High,Low,Premium / Trusted,1250.0,3K-6K,4700,Full Payment,Medium,No,3,No,No,Low,Medium,0,60.9,29.2,58.9,36.8,64.4,47.9,51.7,High,Budget,Medium Value,Customer support was slow and the device disconnects from the app often.
FT101824,35-44,Female,Working Professional,Tier 1,92900.0,50K-1L,Graduate,Muscle Gain,Intermediate,2,Medium,3400,6.1,Poor,High,Average,2.8,High,No,Yes,No,No,High,High,Medium,Moderate,Yes,Yes,No,Yes,No,No,Yes,Medium,Medium,Budget / Value,4060.0,6K-10K,6100,Full Payment,Medium,Yes,5,Yes,No,Low,Medium,2,74.8,28.5,68.1,60.6,60.3,75.0,64.4,High,Mid-Range,Medium Value,"I love the sleep tracking, it is accurate and easy to understand."
FT101825,18-24,Female,Student,Tier 2,22200.0,< 25K,Graduate,Muscle Gain,Advanced,4,High,6100,5.1,Poor,High,Good,3.2,Medium,No,Yes,No,No,High,High,Medium,Frequent,Yes,Yes,No,Yes,No,No,No,Medium,High,No Preference,1110.0,3K-6K,3600,Full Payment,High,No,4,Yes,No,Low,High,3,71.3,50.4,57.3,78.3,90.1,67.0,73.3,High,Budget,Medium Value,Heart rate monitoring feels reliable and the hydration reminders really help.
FT101826,25-34,Female,Working Professional,Tier 3,33900.0,25K-50K,Diploma,Stress Management,Beginner,2,Medium,5200,6.2,Poor,High,Good,3.2,Medium,No,No,No,No,Low,Medium,High,Minimal,No,Yes,No,No,No,Yes,No,High,Medium,Budget / Value,1890.0,< 3K,2500,Full Payment,Low,No,3,No,No,Low,Medium,0,75.0,27.8,63.9,20.0,47.9,48.0,19.6,High,Budget,Medium Value,"The watch is okay, does the basic job of counting steps."
FT101827,25-34,Female,Working Professional,Tier 1,60500.0,50K-1L,High School,Muscle Gain,Beginner,0,Low,3500,5.7,Poor,High,Average,1.9,High,No,Yes,Yes,Yes,High,High,Medium,Minimal,Yes,Yes,Yes,Yes,Yes,Yes,No,Medium,Low,No Preference,1900.0,6K-10K,6500,Full Payment,Low,Yes,5,Yes,No,High,High,2,82.0,14.9,77.5,97.2,53.2,84.5,78.7,High,Mid-Range,Medium Value,Comfortable to wear all day and the stress tracking is genuinely useful.
FT101828,45-54,Male,Working Professional,Tier 3,61500.0,50K-1L,Post Graduate,Weight Loss,Beginner,0,Low,4000,6.1,Poor,Medium,Average,2.5,High,No,No,No,No,Low,Medium,Medium,Moderate,Yes,Yes,No,Yes,No,No,No,High,High,Budget / Value,2900.0,< 3K,2800,Full Payment,Low,Yes,2,No,No,Low,Low,1,63.6,12.3,70.9,3.7,46.6,31.3,25.2,High,Budget,Low Value,The battery drains too quickly and charging takes very long.
FT101829,25-34,Female,Working Professional,Tier 2,69000.0,50K-1L,Graduate,General Fitness,Beginner,1,Low,4800,7.2,Average,Medium,Poor,1.5,Low,No,No,No,No,Low,Medium,Medium,Moderate,No,Yes,Yes,Yes,Yes,Yes,Yes,High,High,Budget / Value,640.0,3K-6K,3800,Full Payment,High,No,2,No,No,Low,Medium,0,65.9,25.8,70.0,23.6,81.9,31.7,45.0,Moderate,Budget,Low Value,Hard to set up for beginners and too many confusing notifications.
FT101830,25-34,Male,Student,Tier 1,13600.0,< 25K,High School,Muscle Gain,Advanced,5,High,7800,5.4,Poor,High,Poor,2.3,High,Yes,No,No,No,High,Low,Low,Minimal,Yes,Yes,No,Yes,No,Yes,Yes,Low,Medium,Budget / Value,750.0,3K-6K,4800,Full Payment,Low,Yes,3,No,No,Low,Medium,0,76.2,55.5,77.2,42.0,62.5,42.8,40.1,High,Budget,Low Value,"Too expensive for the features offered, the price could be lower."
FT101831,55+,Male,Self-Employed,Tier 1,60500.0,50K-1L,Diploma,General Fitness,Advanced,5,High,7600,6.5,Average,Low,Good,1.4,Low,Yes,Yes,No,No,Medium,Medium,Low,Frequent,Yes,No,Yes,No,No,Yes,Yes,High,High,Budget / Value,2700.0,3K-6K,5600,Full Payment,Medium,Yes,2,No,No,Low,High,6,27.0,70.9,23.4,52.4,75.8,31.5,68.5,Low,Mid-Range,Low Value,Sleep tracking data seems wrong and the design feels cheap.
FT101832,25-34,Female,Self-Employed,Tier 3,54800.0,50K-1L,Post Graduate,Stress Management,Beginner,1,Low,7800,7.5,Average,Low,Average,2.9,Low,No,Yes,No,Yes,Medium,Medium,High,Minimal,Yes,No,No,Yes,No,Yes,Yes,High,High,Premium / Trusted,3280.0,3K-6K,5400,Full Payment,Low,No,3,Yes,No,Medium,High,2,45.4,35.4,51.1,51.6,52.8,53.0,54.2,Low,Mid-Range,Medium Value,"I love the sleep tracking, it is accurate and easy to understand."
FT101833,18-24,Male,Student,Tier 2,30900.0,25K-50K,Graduate,General Fitness,Advanced,6,High,8600,6.4,Poor,Medium,Average,3.2,Medium,No,No,Yes,Yes,High,High,Medium,Moderate,Yes,No,Yes,Yes,Yes,No,Yes,Low,Low,Budget / Value,530.0,< 3K,2200,Full Payment,High,No,3,No,Yes,Medium,High,2,63.9,65.3,48.8,63.6,83.3,39.4,54.7,High,Budget,Low Value,"Design is decent, battery is average, app could improve a little."
FT101834,18-24,Male,Student,Tier 2,19400.0,< 25K,Graduate,Better Sleep,Beginner,0,Low,800,5.7,Poor,Medium,Poor,1.9,Medium,No,Yes,Yes,Yes,High,Medium,Medium,Minimal,No,No,No,No,No,No,Yes,Medium,Medium,Premium / Trusted,290.0,6K-10K,7400,Full Payment,Low,Yes,4,Yes,Yes,Low,High,4,76.7,6.4,77.1,89.3,59.7,65.9,54.5,High,Mid-Range,Medium Value,Step counting is accurate and syncing with the app is fast and seamless.
FT101835,18-24,Male,Student,Tier 3,10600.0,< 25K,High School,Weight Loss,Intermediate,4,High,4500,5.0,Poor,High,Poor,1.7,High,No,Yes,No,No,High,High,High,Frequent,No,No,No,Yes,Yes,Yes,Yes,Medium,Medium,Budget / Value,690.0,3K-6K,4400,Full Payment,Medium,No,4,Yes,No,Low,High,3,80.0,39.5,76.3,66.0,79.8,58.3,73.2,High,Budget,Medium Value,"Design is decent, battery is average, app could improve a little."
FT101836,18-24,Male,Student,Tier 2,31300.0,25K-50K,Post Graduate,Stress Management,Intermediate,3,Medium,5700,5.6,Poor,Medium,Good,2.2,Medium,No,No,No,No,Medium,High,Low,Moderate,No,No,No,No,Yes,No,Yes,High,High,Premium / Trusted,810.0,6K-10K,6700,Full Payment,Low,Yes,3,No,No,High,High,1,59.0,35.3,50.9,34.0,45.6,40.0,31.5,High,Mid-Range,Low Value,"It works as expected, neither impressed nor disappointed so far."
FT101837,25-34,Female,Self-Employed,Tier 3,47100.0,25K-50K,Post Graduate,Weight Loss,Beginner,2,Medium,6900,5.3,Poor,High,Average,1.6,High,No,Yes,No,No,Medium,Medium,Low,Minimal,Yes,No,Yes,Yes,No,Yes,No,Low,High,Premium / Trusted,2100.0,3K-6K,5300,Full Payment,High,No,4,Yes,No,Low,Low,4,76.8,31.7,68.0,44.3,80.1,55.2,51.6,High,Mid-Range,Medium Value,"The watch is okay, does the basic job of counting steps."
FT101838,35-44,Male,Self-Employed,Tier 3,54600.0,50K-1L,Graduate,General Fitness,Intermediate,5,High,7500,6.9,Average,Medium,Good,2.4,Low,No,No,No,No,Medium,High,Medium,Minimal,Yes,No,Yes,No,No,No,Yes,High,Medium,No Preference,3170.0,3K-6K,3400,Full Payment,High,Yes,1,No,No,Medium,Medium,0,42.1,60.8,36.8,35.7,86.1,2.8,29.4,Moderate,Budget,Low Value,"Too expensive for the features offered, the price could be lower."
FT101839,35-44,Female,Working Professional,Tier 1,97400.0,50K-1L,Diploma,General Fitness,Intermediate,3,Medium,9000,5.5,Poor,Medium,Average,1.6,High,No,No,Yes,No,High,High,Medium,Moderate,Yes,Yes,Yes,No,No,No,No,High,Low,No Preference,4530.0,6K-10K,6900,Full Payment,Medium,No,3,No,No,Medium,Medium,0,62.5,52.1,66.5,58.8,65.7,47.0,44.4,High,Mid-Range,Medium Value,"Great value for money, the app is smooth and the design looks premium."
FT101840,18-24,Male,Working Professional,Tier 2,91300.0,50K-1L,Graduate,Muscle Gain,Beginner,1,Low,4100,5.5,Poor,Medium,Good,1.6,Medium,Yes,No,No,No,High,High,Medium,Moderate,Yes,Yes,Yes,Yes,No,Yes,No,High,Low,Budget / Value,2000.0,3K-6K,5000,Full Payment,Low,No,3,No,No,Medium,Low,2,59.2,22.7,66.1,45.9,51.4,47.9,48.5,High,Mid-Range,Medium Value,"Design is decent, battery is average, app could improve a little."
FT101841,25-34,Female,Working Professional,Tier 1,123500.0,1L-2L,Post Graduate,Weight Loss,Advanced,3,Medium,8300,5.4,Poor,High,Poor,2.7,High,No,Yes,No,No,Medium,High,Medium,Minimal,No,Yes,No,Yes,Yes,No,Yes,Medium,High,Premium / Trusted,1890.0,6K-10K,8900,Full Payment,Medium,Yes,3,No,No,Medium,High,3,87.4,55.0,84.3,55.3,53.8,45.5,55.5,High,Mid-Range,Medium Value,Sleep tracking data seems wrong and the design feels cheap.
FT101842,18-24,Male,Student,Tier 1,63900.0,50K-1L,Post Graduate,Stress Management,Beginner,0,Low,1600,5.3,Poor,High,Poor,2.8,High,No,No,No,No,High,High,Medium,Moderate,Yes,No,No,Yes,Yes,Yes,No,High,Medium,Budget / Value,1850.0,6K-10K,6500,Full Payment,Low,No,3,No,Yes,Low,High,3,83.6,13.7,84.8,49.5,56.1,45.7,45.5,High,Mid-Range,Medium Value,Customer support was slow and the device disconnects from the app often.
FT101843,45-54,Female,Self-Employed,Tier 2,59800.0,50K-1L,Post Graduate,Muscle Gain,Beginner,1,Low,2800,7.1,Good,Low,Poor,2.1,Low,No,No,No,No,Low,Low,Medium,Moderate,No,No,No,No,Yes,Yes,No,High,Low,Budget / Value,2540.0,< 3K,2600,Full Payment,High,No,3,No,No,Low,Medium,0,42.8,28.1,48.0,14.6,81.1,39.4,24.7,Low,Budget,Low Value,The battery drains too quickly and charging takes very long.
FT101844,18-24,Male,Student,Tier 3,25100.0,25K-50K,Graduate,Medical / Recovery,Advanced,5,High,8700,6.0,Poor,High,Poor,1.0,High,Yes,Yes,Yes,No,High,Medium,Medium,Moderate,Yes,Yes,No,Yes,Yes,No,Yes,High,High,Budget / Value,1690.0,3K-6K,3600,Full Payment,High,No,4,Yes,No,Low,Medium,2,82.5,58.2,80.5,77.5,95.1,61.8,74.6,High,Budget,Medium Value,Heart rate monitoring feels reliable and the hydration reminders really help.
FT101845,25-34,Male,Working Professional,Tier 1,87400.0,50K-1L,Diploma,Stress Management,Beginner,0,Low,3900,5.5,Poor,High,Good,3.2,High,No,Yes,No,No,High,High,Medium,Minimal,No,Yes,No,No,No,Yes,Yes,High,Medium,No Preference,1410.0,6K-10K,7200,Full Payment,Medium,No,3,No,No,High,Medium,0,76.2,17.9,74.2,61.6,65.3,50.6,53.4,High,Mid-Range,Medium Value,"Reasonable device for the price, a few features could be better."
FT101846,25-34,Male,Homemaker,Tier 2,35500.0,25K-50K,Graduate,Muscle Gain,Beginner,0,Low,2700,7.1,Average,Medium,Good,1.9,Low,No,No,Yes,Yes,Medium,Medium,Low,Moderate,No,Yes,Yes,No,Yes,Yes,Yes,Low,Medium,No Preference,1100.0,3K-6K,5100,Full Payment,High,Yes,4,Yes,No,Medium,Medium,3,53.1,16.7,46.4,57.1,95.5,54.1,52.4,Moderate,Mid-Range,Medium Value,"Reasonable device for the price, a few features could be better."
FT101847,35-44,Male,Homemaker,Tier 2,28300.0,25K-50K,Post Graduate,Better Sleep,Beginner,3,Medium,6800,5.8,Poor,High,Average,3.9,High,No,No,Yes,No,Medium,Medium,Low,Frequent,Yes,Yes,Yes,Yes,No,Yes,No,Medium,High,No Preference,1620.0,3K-6K,4600,Full Payment,High,No,3,No,Yes,Low,Low,0,77.4,35.0,74.4,56.9,92.8,37.5,59.3,High,Budget,Low Value,"Reasonable device for the price, a few features could be better."
FT101848,25-34,Male,Working Professional,Tier 1,89100.0,50K-1L,Diploma,Weight Loss,Beginner,3,Medium,7400,6.4,Poor,High,Average,2.2,High,No,Yes,No,No,Medium,High,High,Moderate,Yes,No,Yes,Yes,Yes,Yes,Yes,Medium,Medium,Budget / Value,5510.0,3K-6K,3600,Full Payment,High,No,3,No,No,Low,Medium,0,79.1,33.6,69.8,51.4,84.2,39.2,69.7,High,Budget,Low Value,"It works as expected, neither impressed nor disappointed so far."
FT101849,35-44,Female,Working Professional,Tier 3,51900.0,50K-1L,Diploma,Muscle Gain,Beginner,0,Low,800,5.5,Poor,High,Average,2.4,High,Yes,Yes,No,No,Medium,Medium,Medium,Frequent,Yes,Yes,Yes,No,Yes,No,No,High,High,No Preference,3220.0,3K-6K,3000,Full Payment,Low,Yes,3,No,Yes,Medium,High,2,85.3,11.8,78.1,52.2,52.9,51.8,68.4,High,Budget,Medium Value,"The watch is okay, does the basic job of counting steps."
FT101850,18-24,Female,Working Professional,Tier 3,34900.0,25K-50K,Graduate,General Fitness,Beginner,1,Low,3500,6.3,Average,Medium,Average,2.0,Medium,No,No,No,No,Medium,High,High,Minimal,No,Yes,Yes,Yes,No,No,Yes,High,Medium,No Preference,1770.0,< 3K,2900,Full Payment,High,Yes,3,No,No,Medium,High,1,53.0,27.5,60.7,35.6,87.4,46.1,33.6,Moderate,Budget,Medium Value,"Design is decent, battery is average, app could improve a little."
FT101851,45-54,Female,Working Professional,Tier 1,87500.0,50K-1L,Graduate,Stress Management,Intermediate,4,High,6500,4.8,Poor,High,Poor,2.5,High,No,No,No,No,Low,High,Medium,Minimal,Yes,Yes,Yes,No,Yes,No,No,Low,Medium,Budget / Value,1410.0,6K-10K,7100,Full Payment,Medium,No,2,No,No,Low,High,4,81.0,41.6,72.7,21.5,64.9,31.4,28.7,High,Mid-Range,Low Value,The battery drains too quickly and charging takes very long.
FT101852,25-34,Male,Working Professional,Tier 1,64500.0,50K-1L,Post Graduate,Weight Loss,Beginner,1,Low,3300,5.6,Poor,Medium,Average,5.1,Medium,No,No,Yes,Yes,Medium,Low,Medium,Frequent,Yes,No,No,No,Yes,Yes,Yes,Medium,High,Budget / Value,1800.0,3K-6K,4700,Full Payment,High,No,3,No,Yes,Medium,Medium,0,69.1,18.8,66.9,48.3,81.9,43.7,52.0,High,Budget,Low Value,Hard to set up for beginners and too many confusing notifications.
FT101853,35-44,Male,Working Professional,Tier 3,27400.0,25K-50K,High School,General Fitness,Advanced,4,High,8100,6.1,Poor,Medium,Poor,2.0,High,No,No,Yes,Yes,High,Medium,High,Moderate,Yes,No,Yes,No,Yes,Yes,Yes,Medium,Medium,No Preference,1130.0,< 3K,2100,Full Payment,Medium,No,3,Yes,Yes,Low,Medium,1,62.8,59.7,66.5,62.7,75.1,53.6,54.4,High,Budget,Medium Value,"Design is decent, battery is average, app could improve a little."
FT101854,45-54,Female,Homemaker,Tier 1,23100.0,< 25K,Diploma,Muscle Gain,Advanced,5,High,7600,5.5,Poor,Medium,Good,3.3,Low,Yes,Yes,No,No,Medium,Low,Low,Moderate,Yes,Yes,Yes,Yes,Yes,No,Yes,High,Medium,Budget / Value,320.0,3K-6K,4500,Full Payment,High,No,3,No,Yes,Low,Medium,0,48.9,59.3,49.3,46.8,96.6,38.8,68.1,High,Budget,Low Value,"Average experience overall, nothing special but works fine."
FT101855,55+,Female,Working Professional,Tier 1,68300.0,50K-1L,Diploma,General Fitness,Beginner,3,Medium,2700,6.4,Poor,Medium,Average,2.4,High,No,No,No,Yes,Low,Medium,Low,Moderate,Yes,Yes,Yes,Yes,No,Yes,Yes,High,Medium,Budget / Value,2040.0,6K-10K,6700,Full Payment,Low,No,2,No,Yes,Low,Medium,0,64.5,25.6,62.5,20.2,50.1,23.2,43.8,High,Mid-Range,Low Value,Sleep tracking data seems wrong and the design feels cheap.
FT101856,18-24,Male,Working Professional,Tier 3,95300.0,50K-1L,Graduate,Weight Loss,Advanced,7,High,10300,5.8,Poor,High,Average,3.2,High,No,Yes,No,No,Medium,Medium,Medium,Frequent,No,No,No,Yes,Yes,No,No,High,High,No Preference,1850.0,3K-6K,4400,Full Payment,Low,Yes,5,Yes,Yes,Medium,Low,1,68.3,77.4,71.3,46.2,46.2,74.4,57.7,High,Budget,Medium Value,Heart rate monitoring feels reliable and the hydration reminders really help.
FT101857,18-24,Female,Student,Tier 3,22600.0,< 25K,Graduate,General Fitness,Advanced,4,High,5500,6.2,Average,High,Good,0.8,High,No,Yes,Yes,Yes,High,High,Medium,Frequent,Yes,No,Yes,Yes,Yes,No,No,High,High,Premium / Trusted,520.0,3K-6K,5300,Full Payment,Low,Yes,4,Yes,Yes,High,Low,1,52.2,55.7,48.1,85.0,52.3,60.8,79.9,High,Mid-Range,Medium Value,"I love the sleep tracking, it is accurate and easy to understand."
FT101858,18-24,Male,Student,Tier 2,14500.0,< 25K,Graduate,Better Sleep,Advanced,6,High,10500,5.1,Poor,High,Average,3.9,High,No,Yes,Yes,No,High,High,Low,Minimal,Yes,No,No,Yes,No,No,Yes,Medium,High,Budget / Value,800.0,3K-6K,5000,Full Payment,Medium,Yes,4,Yes,No,Medium,High,3,70.0,70.5,66.0,88.4,83.2,61.7,62.8,High,Mid-Range,Medium Value,"It works as expected, neither impressed nor disappointed so far."
FT101859,18-24,Female,Student,Tier 2,23900.0,< 25K,Graduate,Weight Loss,Intermediate,3,Medium,7800,6.4,Poor,High,Poor,2.6,Medium,No,No,Yes,Yes,High,High,Medium,Minimal,Yes,Yes,Yes,No,Yes,No,Yes,Medium,High,Budget / Value,1210.0,< 3K,2600,Full Payment,Medium,No,3,Yes,Yes,High,High,0,83.5,46.9,79.8,66.8,72.4,52.7,48.8,High,Budget,Medium Value,"The watch is okay, does the basic job of counting steps."
FT101860,25-34,Female,Student,Tier 3,11300.0,< 25K,High School,General Fitness,Beginner,0,Low,800,6.4,Poor,High,Average,2.1,High,Yes,Yes,Yes,Yes,Medium,Medium,High,Frequent,Yes,Yes,No,Yes,No,Yes,No,High,Medium,Premium / Trusted,80.0,3K-6K,4100,Full Payment,High,No,4,Yes,Yes,Medium,Medium,0,83.6,5.3,76.1,70.9,87.0,66.1,75.0,High,Budget,Medium Value,"I love the sleep tracking, it is accurate and easy to understand."
FT101861,55+,Female,Retired,Tier 2,36100.0,25K-50K,Graduate,Medical / Recovery,Beginner,1,Low,2700,7.0,Average,Medium,Average,3.0,High,Yes,Yes,No,No,Medium,Medium,High,Minimal,No,No,Yes,No,No,Yes,Yes,Medium,Medium,Premium / Trusted,2220.0,3K-6K,5400,Full Payment,Low,Yes,2,No,No,Medium,Medium,0,60.8,21.0,54.3,46.0,54.2,27.2,48.0,Moderate,Mid-Range,Low Value,The battery drains too quickly and charging takes very long.
FT101862,55+,Male,Retired,Tier 2,49600.0,25K-50K,Post Graduate,Better Sleep,Advanced,3,Medium,6900,7.8,Average,Medium,Average,2.4,Medium,No,No,No,No,Low,Low,High,Moderate,No,No,No,Yes,No,No,No,High,Medium,No Preference,1810.0,3K-6K,4400,Full Payment,Low,No,2,No,No,High,Medium,2,55.2,50.3,54.1,12.1,50.6,19.0,19.5,Moderate,Budget,Low Value,Customer support was slow and the device disconnects from the app often.
FT101863,25-34,Female,Self-Employed,Tier 3,53000.0,50K-1L,Post Graduate,Weight Loss,Beginner,3,Medium,3800,6.3,Average,Medium,Poor,1.4,Medium,No,Yes,No,No,Medium,Medium,Low,Minimal,Yes,No,No,Yes,Yes,Yes,Yes,Medium,Medium,Premium / Trusted,2400.0,3K-6K,5500,Full Payment,Medium,No,4,Yes,No,High,High,2,63.3,40.2,58.9,54.1,77.6,68.2,59.4,Moderate,Mid-Range,Medium Value,"The watch is okay, does the basic job of counting steps."
FT101864,25-34,Male,Working Professional,Tier 2,36600.0,25K-50K,Diploma,Muscle Gain,Advanced,7,High,12100,5.4,Poor,High,Poor,0.5,High,No,No,No,No,Medium,High,High,Moderate,No,Yes,Yes,No,Yes,No,No,Medium,High,No Preference,1660.0,3K-6K,3300,Full Payment,High,No,3,No,No,Low,Low,0,76.2,79.1,81.5,35.6,90.3,48.1,36.3,High,Budget,Medium Value,"Average experience overall, nothing special but works fine."
FT101865,45-54,Female,Self-Employed,Tier 2,44600.0,25K-50K,Graduate,Weight Loss,Intermediate,3,Medium,8200,7.2,Average,Low,Average,3.8,Low,No,No,No,No,Medium,High,High,Moderate,Yes,No,Yes,No,Yes,No,No,Medium,Medium,Premium / Trusted,440.0,6K-10K,6700,Full Payment,Medium,No,3,No,No,Medium,Medium,3,37.6,54.6,38.4,26.6,64.8,42.2,33.2,Low,Mid-Range,Low Value,"Reasonable device for the price, a few features could be better."
FT101866,45-54,Male,Working Professional,Tier 1,75300.0,50K-1L,Diploma,Better Sleep,Beginner,1,Low,3800,5.1,Poor,High,Average,2.1,High,Yes,No,No,No,Low,High,Low,Minimal,Yes,No,Yes,No,No,No,No,Medium,Medium,Premium / Trusted,4760.0,6K-10K,8100,Full Payment,High,No,3,No,Yes,Low,Medium,1,80.9,16.1,76.7,12.0,92.8,39.7,16.8,High,Mid-Range,Low Value,The app keeps crashing and the notifications are unreliable.
FT101867,18-24,Female,Working Professional,Tier 2,41400.0,25K-50K,High School,General Fitness,Beginner,3,Medium,4900,5.5,Poor,Medium,Poor,1.8,Medium,No,Yes,No,No,High,High,Low,Minimal,No,Yes,Yes,No,Yes,Yes,Yes,High,Medium,No Preference,1990.0,3K-6K,5700,Full Payment,High,No,5,Yes,Yes,Low,High,2,69.2,34.5,71.3,76.6,91.0,83.5,67.2,High,Mid-Range,Medium Value,"Great value for money, the app is smooth and the design looks premium."
FT101868,25-34,Female,Working Professional,Tier 2,33900.0,25K-50K,High School,General Fitness,Advanced,7,High,6500,6.3,Poor,High,Good,1.9,Medium,No,Yes,Yes,Yes,High,Medium,Low,Moderate,Yes,No,No,No,No,No,Yes,High,Low,Budget / Value,730.0,3K-6K,4500,Full Payment,Low,Yes,3,No,Yes,Medium,High,0,60.1,64.8,54.4,90.6,49.9,50.7,66.3,High,Budget,Medium Value,"Average experience overall, nothing special but works fine."
FT101869,35-44,Male,Working Professional,Tier 1,46700.0,25K-50K,High School,General Fitness,Beginner,0,Low,4500,5.9,Poor,Medium,Average,3.5,High,No,Yes,No,No,Low,Medium,High,Moderate,Yes,Yes,Yes,No,Yes,No,No,Medium,Medium,Premium / Trusted,550.0,6K-10K,8000,Full Payment,Medium,Yes,3,No,No,Low,High,2,68.5,21.1,64.0,43.5,79.0,51.9,58.4,High,Mid-Range,Medium Value,"The watch is okay, does the basic job of counting steps."
FT101870,25-34,Male,Working Professional,Tier 2,50100.0,50K-1L,Diploma,Muscle Gain,Intermediate,3,Medium,9900,5.4,Poor,Medium,Poor,1.9,Medium,No,Yes,No,No,High,High,Medium,Moderate,No,Yes,Yes,No,No,No,Yes,High,Medium,Premium / Trusted,3400.0,3K-6K,5500,Full Payment,High,No,2,No,No,High,Medium,0,72.8,48.9,72.3,61.5,88.7,26.3,60.4,High,Mid-Range,Low Value,I am worried about my health data privacy and how it is stored.
FT101871,25-34,Female,Working Professional,Tier 3,69200.0,50K-1L,Post Graduate,Weight Loss,Advanced,5,High,11700,6.5,Average,Low,Average,2.8,Low,Yes,Yes,No,No,Low,High,Low,Moderate,Yes,Yes,Yes,No,Yes,Yes,No,Medium,Medium,Budget / Value,3880.0,3K-6K,3600,Full Payment,High,Yes,4,Yes,No,High,Low,1,37.8,72.0,27.4,39.1,84.5,58.0,61.1,Low,Budget,Medium Value,Heart rate monitoring feels reliable and the hydration reminders really help.
FT101872,55+,Male,Self-Employed,Tier 2,44900.0,25K-50K,Diploma,Stress Management,Beginner,0,Low,2600,5.6,Poor,High,Average,2.0,High,Yes,No,No,No,Low,Medium,Low,Minimal,Yes,Yes,No,No,No,No,No,Low,High,Budget / Value,2370.0,3K-6K,3900,Full Payment,High,Yes,3,No,Yes,Medium,Low,1,80.9,15.8,79.6,20.2,93.3,40.4,19.6,High,Budget,Low Value,"The watch is okay, does the basic job of counting steps."
FT101873,55+,Male,Retired,Tier 1,83000.0,50K-1L,Graduate,General Fitness,Beginner,2,Medium,3200,6.9,Good,Low,Average,1.3,Low,No,No,No,No,Low,Medium,High,Moderate,Yes,Yes,Yes,Yes,No,Yes,No,Medium,Medium,Premium / Trusted,2800.0,6K-10K,6300,Full Payment,High,No,2,No,Yes,Low,Low,0,32.5,34.0,32.9,3.9,89.0,34.0,33.8,Low,Mid-Range,Low Value,The battery drains too quickly and charging takes very long.
FT101874,45-54,Male,Working Professional,Tier 1,92500.0,50K-1L,Post Graduate,Muscle Gain,Intermediate,2,Medium,6700,6.7,Average,Low,Average,3.0,Medium,No,No,Yes,Yes,Medium,High,Medium,Frequent,No,No,Yes,No,No,Yes,No,High,Medium,No Preference,3510.0,6K-10K,7100,Full Payment,Low,Yes,3,No,No,Low,High,3,39.8,40.2,43.8,46.0,49.3,34.9,42.7,Low,Mid-Range,Low Value,"The watch is okay, does the basic job of counting steps."
FT101875,35-44,Male,Self-Employed,Tier 1,85400.0,50K-1L,Graduate,Better Sleep,Intermediate,2,Medium,5000,6.7,Average,High,Poor,3.2,Medium,No,Yes,No,No,Medium,Medium,High,Moderate,Yes,Yes,Yes,No,Yes,No,Yes,High,High,Premium / Trusted,3060.0,6K-10K,8500,EMI,Medium,No,3,No,No,Low,High,3,63.5,34.8,72.2,50.1,71.0,37.4,65.0,High,Mid-Range,Low Value,Hard to set up for beginners and too many confusing notifications.
FT101876,18-24,Female,Student,Tier 3,13500.0,< 25K,Graduate,Weight Loss,Beginner,1,Low,5000,4.7,Poor,High,Average,1.8,High,No,No,No,No,High,High,Low,Frequent,Yes,No,Yes,No,Yes,Yes,No,High,High,Premium / Trusted,820.0,3K-6K,5200,Full Payment,High,Yes,4,Yes,Yes,Medium,Medium,1,77.1,23.7,87.4,45.5,85.4,58.7,51.1,High,Mid-Range,Medium Value,"It works as expected, neither impressed nor disappointed so far."
FT101877,25-34,Female,Working Professional,Tier 2,74900.0,50K-1L,Graduate,Weight Loss,Beginner,0,Low,3500,6.4,Poor,Medium,Average,2.3,Medium,No,Yes,Yes,Yes,High,High,High,Frequent,Yes,Yes,Yes,Yes,No,No,Yes,High,High,No Preference,3880.0,6K-10K,6600,Full Payment,Medium,No,4,Yes,Yes,Medium,High,2,70.5,14.6,67.4,91.8,70.2,64.9,86.6,High,Mid-Range,Medium Value,"I love the sleep tracking, it is accurate and easy to understand."
FT101878,25-34,Male,Self-Employed,Tier 1,41800.0,25K-50K,High School,General Fitness,Beginner,0,Low,3200,5.4,Poor,High,Average,2.4,High,No,No,No,No,High,High,Low,Moderate,Yes,Yes,No,Yes,No,Yes,Yes,Low,Low,Budget / Value,470.0,3K-6K,5400,Full Payment,Low,No,4,Yes,No,Low,Medium,1,75.8,14.6,75.0,55.0,51.6,66.9,51.7,High,Mid-Range,Medium Value,"Average experience overall, nothing special but works fine."
FT101879,25-34,Male,Working Professional,Tier 3,74300.0,50K-1L,Graduate,Stress Management,Beginner,3,Medium,8200,6.2,Poor,High,Average,2.7,High,Yes,Yes,No,No,High,High,Medium,Minimal,No,Yes,No,Yes,No,Yes,Yes,High,Medium,Budget / Value,1990.0,3K-6K,5000,Full Payment,Medium,Yes,4,Yes,No,Medium,High,3,71.6,39.2,80.3,63.0,67.4,68.6,58.2,High,Mid-Range,Medium Value,The personalized health reports keep me motivated to stay consistent.
FT101880,25-34,Male,Self-Employed,Tier 1,53300.0,50K-1L,Graduate,Weight Loss,Beginner,0,Low,4900,6.1,Poor,Medium,Average,3.9,Medium,No,No,No,No,High,Medium,High,Minimal,Yes,No,Yes,No,Yes,No,Yes,Low,Low,Budget / Value,2650.0,3K-6K,3900,Full Payment,Medium,Yes,2,No,No,Low,High,3,64.7,17.5,68.8,40.7,67.2,34.0,35.4,High,Budget,Low Value,"Average experience overall, nothing special but works fine."
FT101881,25-34,Male,Working Professional,Tier 1,169100.0,1L-2L,Post Graduate,Stress Management,Beginner,4,High,6500,5.0,Poor,High,Poor,2.0,High,Yes,Yes,Yes,Yes,High,Medium,Medium,Minimal,Yes,No,Yes,No,No,Yes,Yes,High,Low,Budget / Value,11540.0,6K-10K,7700,Full Payment,Medium,No,4,Yes,Yes,Medium,High,2,76.4,39.9,71.1,85.5,54.5,70.1,66.1,High,Mid-Range,Medium Value,Step counting is accurate and syncing with the app is fast and seamless.
FT101882,25-34,Female,Working Professional,Tier 3,56700.0,50K-1L,Post Graduate,General Fitness,Intermediate,6,High,7900,6.9,Average,Medium,Poor,2.0,Low,Yes,No,Yes,Yes,Medium,High,Medium,Moderate,Yes,Yes,Yes,No,No,No,Yes,High,High,Premium / Trusted,2820.0,3K-6K,5500,Full Payment,High,No,3,No,Yes,High,High,1,53.8,65.8,48.5,55.7,87.1,41.9,47.6,Moderate,Mid-Range,Low Value,"Design is decent, battery is average, app could improve a little."
FT101883,35-44,Male,Working Professional,Tier 2,89700.0,50K-1L,Post Graduate,Muscle Gain,Beginner,1,Low,800,6.8,Average,High,Poor,2.2,Medium,No,Yes,No,No,Low,Low,Medium,Minimal,Yes,Yes,Yes,Yes,Yes,Yes,Yes,Medium,Medium,Budget / Value,3320.0,3K-6K,4400,Full Payment,Low,Yes,4,Yes,No,Medium,Medium,0,71.1,18.2,76.8,40.4,46.5,53.9,63.1,High,Budget,Medium Value,"Reasonable device for the price, a few features could be better."
FT101884,25-34,Male,Self-Employed,Tier 2,80600.0,50K-1L,Graduate,Muscle Gain,Intermediate,6,High,9000,7.9,Good,Low,Average,1.5,Low,No,Yes,No,No,High,High,High,Frequent,No,No,No,Yes,No,Yes,Yes,High,Medium,Budget / Value,3610.0,3K-6K,5000,Full Payment,Medium,Yes,3,No,No,High,High,1,26.0,73.0,22.9,67.2,57.4,40.9,69.4,Low,Mid-Range,Low Value,"Too expensive for the features offered, the price could be lower."
FT101885,25-34,Female,Working Professional,Tier 3,56800.0,50K-1L,Graduate,Weight Loss,Advanced,6,High,7600,5.8,Poor,Low,Average,0.9,Low,No,Yes,No,Yes,High,High,Medium,Moderate,Yes,No,Yes,No,Yes,No,Yes,Low,Medium,Budget / Value,2630.0,3K-6K,3200,Full Payment,Low,No,4,Yes,No,High,Medium,2,46.2,65.7,41.7,58.4,52.5,57.1,63.6,Moderate,Budget,Medium Value,Step counting is accurate and syncing with the app is fast and seamless.
FT101886,18-24,Male,Student,Tier 3,14800.0,< 25K,Post Graduate,Weight Loss,Intermediate,2,Medium,6000,6.0,Poor,High,Average,2.4,High,Yes,Yes,Yes,Yes,High,High,Medium,Frequent,Yes,Yes,Yes,Yes,No,No,Yes,Medium,Medium,Budget / Value,740.0,< 3K,2500,Full Payment,Medium,No,3,No,Yes,Low,High,2,71.6,39.3,65.8,81.7,77.5,46.8,83.0,High,Budget,Medium Value,"Too expensive for the features offered, the price could be lower."
FT101887,18-24,Female,Self-Employed,Tier 1,114200.0,1L-2L,Post Graduate,Stress Management,Intermediate,0,Low,2400,5.9,Poor,High,Poor,2.7,High,No,Yes,Yes,Yes,Medium,High,Low,Moderate,Yes,Yes,Yes,Yes,Yes,No,No,High,Low,Premium / Trusted,7840.0,6K-10K,9500,Full Payment,Low,No,3,No,Yes,Low,Low,0,88.3,12.4,86.6,64.1,45.0,47.9,69.9,High,Mid-Range,Medium Value,The battery drains too quickly and charging takes very long.
FT101888,45-54,Male,Working Professional,Tier 3,73200.0,50K-1L,Graduate,General Fitness,Beginner,2,Medium,4800,6.3,Average,Medium,Average,2.3,Medium,No,No,No,No,Medium,Low,High,Minimal,No,No,Yes,No,No,Yes,No,Low,High,Budget / Value,2990.0,3K-6K,3700,Full Payment,Low,Yes,2,No,No,Medium,Medium,0,49.4,31.0,52.8,24.6,50.1,20.8,21.2,Moderate,Budget,Low Value,I am worried about my health data privacy and how it is stored.
FT101889,25-34,Male,Student,Tier 2,20100.0,< 25K,Post Graduate,Muscle Gain,Intermediate,3,Medium,7800,5.4,Poor,High,Poor,2.2,High,No,Yes,No,No,High,High,High,Minimal,Yes,Yes,Yes,Yes,No,No,Yes,High,Medium,Premium / Trusted,800.0,3K-6K,5800,Full Payment,High,No,3,No,No,High,High,6,80.3,46.2,77.7,64.8,96.1,49.5,63.1,High,Mid-Range,Medium Value,The personalized health reports keep me motivated to stay consistent.
FT101890,18-24,Male,Working Professional,Tier 1,187000.0,1L-2L,Post Graduate,Medical / Recovery,Beginner,2,Medium,5900,6.0,Poor,High,Poor,1.6,High,Yes,Yes,No,Yes,High,High,High,Frequent,Yes,Yes,No,Yes,Yes,No,Yes,High,Low,No Preference,10020.0,6K-10K,9800,EMI,Low,Yes,4,Yes,No,Medium,Medium,1,78.8,35.1,79.4,65.8,35.9,57.3,77.5,High,Mid-Range,Medium Value,"It works as expected, neither impressed nor disappointed so far."
FT101891,35-44,Female,Homemaker,Tier 3,19800.0,< 25K,Graduate,Weight Loss,Beginner,1,Low,3900,7.0,Average,Medium,Good,2.5,High,No,Yes,No,No,Low,Medium,High,Minimal,Yes,No,No,Yes,No,Yes,No,High,High,No Preference,1120.0,< 3K,2300,Full Payment,Medium,Yes,3,No,No,Low,Medium,1,51.2,29.4,49.5,41.0,81.8,50.4,46.2,Moderate,Budget,Medium Value,Hard to set up for beginners and too many confusing notifications.
FT101892,25-34,Female,Student,Tier 2,11700.0,< 25K,High School,General Fitness,Intermediate,2,Medium,8200,7.4,Average,Low,Poor,2.4,Low,No,No,No,No,Low,Medium,Medium,Frequent,Yes,Yes,Yes,No,Yes,Yes,Yes,Low,High,Premium / Trusted,480.0,3K-6K,3100,Full Payment,High,No,3,No,No,Low,High,1,46.0,50.8,50.0,23.3,93.2,34.9,51.9,Low,Budget,Low Value,"It works as expected, neither impressed nor disappointed so far."
FT101893,18-24,Male,Self-Employed,Tier 3,25900.0,25K-50K,Diploma,General Fitness,Beginner,1,Low,5400,6.7,Average,Medium,Poor,2.7,Medium,No,No,Yes,Yes,Low,High,Low,Minimal,No,No,Yes,No,Yes,Yes,Yes,High,Low,Premium / Trusted,200.0,3K-6K,5400,Full Payment,High,No,3,No,No,Low,Medium,0,63.5,37.4,72.3,42.4,95.5,51.0,36.0,Moderate,Mid-Range,Medium Value,Heart rate readings feel inaccurate during workouts and the strap is uncomfortable.
FT101894,25-34,Male,Working Professional,Tier 2,73900.0,50K-1L,Post Graduate,Weight Loss,Beginner,2,Medium,4500,8.0,Good,Medium,Average,2.6,Low,No,Yes,No,No,High,Medium,Low,Moderate,No,No,No,No,Yes,Yes,No,High,Medium,Premium / Trusted,740.0,6K-10K,6100,Full Payment,High,No,4,Yes,No,Low,Medium,1,40.8,36.6,43.4,58.1,82.6,56.5,54.9,Low,Mid-Range,Medium Value,"Average experience overall, nothing special but works fine."
FT101895,18-24,Male,Working Professional,Tier 2,24800.0,< 25K,High School,Medical / Recovery,Intermediate,3,Medium,5600,6.0,Poor,Medium,Poor,2.6,Medium,Yes,No,No,No,High,High,High,Moderate,Yes,Yes,No,Yes,Yes,No,Yes,Medium,Medium,Budget / Value,1430.0,3K-6K,3500,Full Payment,Medium,No,3,Yes,No,High,Medium,1,71.4,45.6,66.8,37.3,71.9,53.1,45.5,High,Budget,Medium Value,Heart rate monitoring feels reliable and the hydration reminders really help.
FT101896,35-44,Female,Self-Employed,Tier 1,73400.0,50K-1L,Graduate,Medical / Recovery,Beginner,1,Low,5500,5.8,Average,Low,Good,3.4,Low,Yes,No,No,No,Medium,Low,Medium,Moderate,No,Yes,Yes,Yes,No,Yes,Yes,Medium,Low,Budget / Value,2430.0,3K-6K,5000,Full Payment,Medium,No,2,No,No,High,Low,1,38.8,31.7,40.1,32.1,71.4,22.6,43.7,Low,Mid-Range,Low Value,Hard to set up for beginners and too many confusing notifications.
FT101897,18-24,Female,Working Professional,Tier 3,42900.0,25K-50K,Graduate,General Fitness,Beginner,0,Low,3400,6.6,Average,Low,Good,2.8,Low,No,Yes,Yes,Yes,High,Low,Low,Frequent,No,No,No,No,No,No,No,High,Medium,Premium / Trusted,2480.0,6K-10K,7900,Full Payment,Medium,Yes,4,Yes,No,High,High,1,33.4,17.5,41.6,89.3,69.8,69.1,64.3,Low,Mid-Range,Medium Value,Heart rate monitoring feels reliable and the hydration reminders really help.
FT101898,18-24,Female,Student,Tier 2,19200.0,< 25K,Post Graduate,Medical / Recovery,Beginner,2,Medium,3200,7.2,Good,Low,Average,2.3,Low,Yes,Yes,No,No,Medium,High,Low,Minimal,No,No,No,Yes,No,No,Yes,Medium,High,No Preference,330.0,< 3K,1200,Full Payment,Medium,Yes,3,No,No,Low,Low,2,29.1,28.7,28.6,48.0,70.8,36.4,44.4,Low,Budget,Low Value,"I love the sleep tracking, it is accurate and easy to understand."
FT101899,18-24,Female,Self-Employed,Tier 1,118500.0,1L-2L,Post Graduate,Weight Loss,Beginner,0,Low,4600,7.1,Average,Medium,Poor,0.9,Low,Yes,No,No,No,High,Medium,High,Frequent,Yes,Yes,Yes,No,Yes,No,No,Medium,Medium,Premium / Trusted,5700.0,6K-10K,8400,Full Payment,Medium,No,2,No,No,High,High,1,61.4,22.6,64.5,41.6,63.3,29.8,49.7,Moderate,Mid-Range,Low Value,"Too expensive for the features offered, the price could be lower."
FT101900,25-34,Male,Working Professional,Tier 1,86300.0,50K-1L,Graduate,Medical / Recovery,Intermediate,4,High,9700,6.8,Average,Low,Average,3.1,Low,Yes,No,Yes,No,High,High,Low,Moderate,Yes,No,No,Yes,No,No,Yes,Low,Low,Budget / Value,2440.0,6K-10K,6600,Full Payment,Low,No,3,No,Yes,Low,High,1,37.6,61.3,31.2,75.8,46.5,40.0,50.4,Low,Mid-Range,Low Value,"Average experience overall, nothing special but works fine."
FT101901,18-24,Female,Student,Tier 2,17700.0,< 25K,Graduate,Better Sleep,Intermediate,2,Medium,7300,6.7,Average,Medium,Average,2.1,Low,No,Yes,Yes,Yes,Medium,High,Medium,Moderate,No,Yes,No,Yes,No,No,Yes,Low,Medium,Budget / Value,130.0,< 3K,1800,Full Payment,High,No,3,No,Yes,Low,Low,0,53.0,44.3,50.9,76.5,88.8,47.8,65.6,Moderate,Budget,Medium Value,"It works as expected, neither impressed nor disappointed so far."
FT101902,45-54,Female,Working Professional,Tier 1,52500.0,50K-1L,High School,Weight Loss,Beginner,1,Low,6900,4.9,Poor,High,Average,2.4,High,No,Yes,No,No,Medium,High,Medium,Frequent,No,Yes,Yes,Yes,Yes,Yes,No,Medium,High,Budget / Value,1600.0,3K-6K,5200,Full Payment,Medium,Yes,4,Yes,Yes,Low,Low,0,84.2,27.2,77.9,48.5,67.8,67.8,71.4,High,Mid-Range,Medium Value,"I love the sleep tracking, it is accurate and easy to understand."
FT101903,18-24,Male,Student,Tier 2,22700.0,< 25K,Graduate,Muscle Gain,Intermediate,6,High,13300,7.2,Average,Medium,Poor,1.3,Medium,No,Yes,No,No,High,Medium,Medium,Frequent,Yes,Yes,No,Yes,No,No,Yes,High,Medium,No Preference,390.0,< 3K,2100,Full Payment,High,Yes,3,No,No,Medium,High,2,51.5,82.0,48.2,57.8,92.8,45.1,70.4,Moderate,Budget,Medium Value,"Design is decent, battery is average, app could improve a little."
FT101904,25-34,Female,Self-Employed,Tier 2,46600.0,25K-50K,Diploma,Stress Management,Advanced,5,High,11600,6.6,Average,Medium,Poor,4.0,Medium,No,Yes,No,No,High,High,Low,Minimal,Yes,No,Yes,Yes,Yes,No,No,Medium,Medium,Budget / Value,1750.0,3K-6K,4100,Full Payment,Medium,Yes,3,No,No,Low,Medium,1,55.8,75.1,51.5,62.6,60.3,51.3,58.1,Moderate,Budget,Medium Value,Sleep tracking data seems wrong and the design feels cheap.
FT101905,25-34,Male,Working Professional,Tier 1,76500.0,50K-1L,Graduate,General Fitness,Intermediate,3,Medium,6900,5.9,Poor,Medium,Poor,0.5,High,No,Yes,Yes,Yes,Low,Medium,Medium,Minimal,Yes,Yes,Yes,Yes,Yes,Yes,Yes,High,Low,No Preference,4510.0,6K-10K,6400,Full Payment,Medium,Yes,3,No,No,Medium,Medium,1,67.3,48.4,70.1,61.9,66.8,50.9,70.7,High,Mid-Range,Medium Value,"Average experience overall, nothing special but works fine."
FT101906,25-34,Female,Self-Employed,Tier 2,72000.0,50K-1L,Post Graduate,General Fitness,Intermediate,4,High,7000,8.2,Good,Low,Average,3.5,Low,No,No,Yes,Yes,Medium,High,Medium,Frequent,Yes,No,No,No,No,No,No,High,High,No Preference,4000.0,3K-6K,5200,Full Payment,High,Yes,2,No,Yes,Low,Medium,1,23.6,60.5,28.5,54.9,82.8,19.6,41.5,Low,Mid-Range,Low Value,Heart rate readings feel inaccurate during workouts and the strap is uncomfortable.
FT101907,18-24,Female,Working Professional,Tier 1,90000.0,50K-1L,Graduate,Muscle Gain,Intermediate,1,Low,800,6.6,Poor,High,Average,2.6,Medium,Yes,No,No,No,High,High,Low,Moderate,No,No,Yes,No,No,Yes,No,Medium,High,Premium / Trusted,3730.0,6K-10K,9100,EMI,Low,No,3,No,Yes,Low,High,2,78.5,22.8,75.0,44.7,44.8,50.5,35.2,High,Mid-Range,Medium Value,"The watch is okay, does the basic job of counting steps."
FT101908,35-44,Female,Working Professional,Tier 3,34500.0,25K-50K,Graduate,Weight Loss,Advanced,7,High,10700,6.1,Poor,Low,Good,0.8,Medium,Yes,No,No,No,Low,Low,Medium,Moderate,No,Yes,Yes,Yes,No,No,Yes,Medium,High,Premium / Trusted,1950.0,3K-6K,3900,Full Payment,Medium,No,3,No,Yes,Low,Low,0,42.0,74.8,33.7,16.8,66.3,37.4,34.0,Moderate,Budget,Low Value,Sleep tracking data seems wrong and the design feels cheap.
FT101909,45-54,Male,Self-Employed,Tier 3,38100.0,25K-50K,Graduate,Weight Loss,Advanced,6,High,10500,6.5,Poor,Medium,Poor,3.9,High,Yes,Yes,Yes,No,Low,Medium,High,Minimal,Yes,Yes,No,Yes,Yes,No,No,Medium,Low,Budget / Value,2280.0,3K-6K,3500,Full Payment,Low,No,4,Yes,No,Low,Medium,1,70.3,70.5,59.8,63.0,50.3,55.1,58.2,High,Budget,Medium Value,"Affordable, lightweight and the companion app is very beginner friendly."
FT101910,18-24,Male,Student,Tier 1,40900.0,25K-50K,Post Graduate,Weight Loss,Beginner,2,Medium,5300,7.9,Good,Medium,Good,2.7,Low,Yes,Yes,Yes,Yes,High,Medium,High,Moderate,Yes,No,No,No,Yes,Yes,Yes,High,Medium,Premium / Trusted,670.0,6K-10K,7500,Full Payment,High,No,3,No,Yes,Low,High,3,36.2,38.7,30.3,90.4,97.1,47.7,74.8,Low,Mid-Range,Medium Value,"It works as expected, neither impressed nor disappointed so far."
FT101911,18-24,Female,Working Professional,Tier 2,74600.0,50K-1L,Graduate,Stress Management,Beginner,0,Low,800,7.0,Average,High,Poor,0.5,Medium,No,No,No,No,High,High,Low,Minimal,Yes,Yes,Yes,Yes,Yes,Yes,No,Low,Low,Budget / Value,630.0,3K-6K,4100,Full Payment,Low,Yes,3,No,No,Low,Medium,0,71.7,14.1,69.8,44.4,43.5,45.7,45.3,High,Budget,Medium Value,Heart rate monitoring feels reliable and the hydration reminders really help.
FT101912,45-54,Female,Homemaker,Tier 2,24000.0,< 25K,Graduate,General Fitness,Beginner,1,Low,3600,6.4,Poor,High,Poor,2.0,High,No,No,No,No,High,High,Low,Minimal,No,Yes,No,Yes,No,No,Yes,High,Low,Budget / Value,1500.0,3K-6K,4000,Full Payment,High,No,3,Yes,No,Medium,High,3,86.2,21.1,89.1,39.8,89.1,53.0,30.8,High,Budget,Medium Value,"Reasonable device for the price, a few features could be better."
FT101913,25-34,Male,Working Professional,Tier 3,33900.0,25K-50K,High School,General Fitness,Intermediate,2,Medium,6400,5.0,Poor,Medium,Average,2.3,High,No,No,No,No,Medium,Medium,Medium,Moderate,No,Yes,Yes,No,No,No,Yes,High,Medium,Budget / Value,1430.0,3K-6K,3400,Full Payment,Low,No,2,No,Yes,Low,Medium,0,72.9,40.9,61.8,27.9,50.7,32.7,33.6,High,Budget,Low Value,The battery drains too quickly and charging takes very long.
FT101914,18-24,Female,Working Professional,Tier 1,71300.0,50K-1L,Graduate,Weight Loss,Beginner,3,Medium,4500,6.7,Average,High,Poor,3.7,High,No,No,No,No,High,High,Low,Minimal,Yes,No,Yes,No,Yes,No,No,High,Medium,Budget / Value,3890.0,3K-6K,3900,Full Payment,High,No,4,Yes,No,Medium,High,2,73.1,43.2,72.0,48.4,77.9,59.1,33.8,High,Budget,Medium Value,Heart rate monitoring feels reliable and the hydration reminders really help.
FT101915,18-24,Male,Student,Tier 2,13000.0,< 25K,Diploma,Weight Loss,Advanced,6,High,9900,6.1,Poor,Medium,Average,2.0,Medium,No,Yes,No,No,High,Medium,Low,Moderate,No,Yes,No,Yes,Yes,No,No,High,High,Budget / Value,550.0,3K-6K,3600,Full Payment,Low,Yes,4,Yes,No,Low,Medium,0,49.8,67.2,47.8,63.5,47.5,70.3,61.1,High,Budget,Medium Value,The battery life is excellent and lasts almost a week on a single charge.
FT101916,35-44,Female,Working Professional,Tier 3,43100.0,25K-50K,Graduate,Muscle Gain,Beginner,2,Medium,6000,6.9,Average,Medium,Good,0.5,Medium,Yes,Yes,Yes,No,Low,High,Low,Moderate,No,No,No,Yes,No,No,No,Medium,High,Premium / Trusted,810.0,3K-6K,5000,Full Payment,Low,Yes,3,No,Yes,Low,Medium,0,48.5,35.1,42.7,63.9,53.3,42.8,52.7,Moderate,Mid-Range,Low Value,"Average experience overall, nothing special but works fine."
FT101917,35-44,Female,Self-Employed,Tier 1,118300.0,1L-2L,Graduate,Weight Loss,Intermediate,2,Medium,7200,6.1,Poor,Medium,Poor,3.5,Medium,No,No,Yes,Yes,High,Medium,Low,Moderate,No,No,No,Yes,Yes,No,Yes,Medium,Low,Budget / Value,4060.0,3K-6K,4800,Full Payment,High,No,3,No,Yes,High,Medium,0,71.1,41.9,68.3,65.3,78.8,49.3,46.7,High,Budget,Medium Value,"Too expensive for the features offered, the price could be lower."
FT101918,25-34,Male,Working Professional,Tier 2,42100.0,25K-50K,High School,Muscle Gain,Beginner,3,Medium,9400,6.5,Average,Medium,Poor,2.7,Medium,Yes,No,Yes,Yes,High,High,Medium,Minimal,Yes,Yes,Yes,No,Yes,No,Yes,Low,Low,No Preference,1170.0,3K-6K,3600,Full Payment,High,No,3,No,No,Low,Low,0,66.6,47.5,63.4,58.8,96.9,45.2,46.0,Moderate,Budget,Medium Value,Hard to set up for beginners and too many confusing notifications.
FT101919,55+,Male,Self-Employed,Tier 1,76000.0,50K-1L,Graduate,General Fitness,Beginner,1,Low,3400,5.7,Poor,Medium,Poor,0.5,High,No,No,No,No,Low,Low,Low,Minimal,No,Yes,No,Yes,Yes,Yes,No,Low,High,Premium / Trusted,3810.0,6K-10K,7500,Full Payment,Medium,No,3,Yes,No,Low,Low,1,76.5,14.8,79.2,12.8,62.9,52.4,25.6,High,Mid-Range,Medium Value,"Reasonable device for the price, a few features could be better."
FT101920,25-34,Female,Working Professional,Tier 2,59500.0,50K-1L,High School,Muscle Gain,Beginner,4,High,7700,6.2,Average,Medium,Good,2.6,Medium,No,No,No,No,High,High,Low,Frequent,Yes,No,Yes,Yes,Yes,Yes,Yes,Low,High,No Preference,540.0,6K-10K,6300,Full Payment,Medium,No,1,No,No,Medium,Medium,0,39.3,50.0,36.6,43.2,75.9,13.4,58.8,Moderate,Mid-Range,Low Value,Hard to set up for beginners and too many confusing notifications.
FT101921,25-34,Female,Working Professional,Tier 1,67200.0,50K-1L,Diploma,General Fitness,Intermediate,4,High,7800,6.6,Poor,Medium,Poor,2.7,Medium,Yes,Yes,No,No,Medium,High,Low,Moderate,Yes,Yes,No,Yes,Yes,No,No,Medium,Low,Budget / Value,2240.0,3K-6K,5400,Full Payment,Low,Yes,3,Yes,No,High,Medium,1,64.9,46.4,60.2,55.7,41.4,53.6,62.6,High,Mid-Range,Medium Value,The app keeps crashing and the notifications are unreliable.
FT101922,25-34,Female,Student,Tier 3,16100.0,< 25K,High School,Better Sleep,Beginner,2,Medium,6400,5.7,Poor,Medium,Good,2.0,Medium,Yes,Yes,No,No,Medium,Low,Medium,Minimal,Yes,Yes,No,Yes,No,No,No,Medium,High,Premium / Trusted,330.0,3K-6K,4600,Full Payment,High,No,1,No,Yes,High,Low,0,56.5,30.6,54.3,48.6,92.0,15.1,48.9,High,Budget,Low Value,I am worried about my health data privacy and how it is stored.
FT101923,25-34,Male,Working Professional,Tier 2,35600.0,25K-50K,High School,Weight Loss,Beginner,1,Low,5100,7.9,Good,Medium,Poor,1.6,Medium,No,No,Yes,Yes,Medium,High,Medium,Moderate,Yes,Yes,No,No,Yes,Yes,No,Medium,Medium,Budget / Value,1650.0,3K-6K,3600,Full Payment,High,No,3,No,No,Low,High,3,51.7,39.1,59.1,53.8,86.8,50.6,47.0,Low,Budget,Medium Value,"Average experience overall, nothing special but works fine."
FT101924,18-24,Other,Student,Tier 1,27500.0,25K-50K,Post Graduate,Better Sleep,Intermediate,5,High,11100,5.4,Poor,High,Average,1.8,High,No,Yes,No,No,High,High,Low,Moderate,Yes,No,No,No,No,Yes,No,Medium,High,Premium / Trusted,950.0,6K-10K,6600,Full Payment,High,No,4,Yes,No,Low,High,4,66.6,62.9,63.1,69.7,94.4,63.1,59.0,High,Mid-Range,Medium Value,"Reasonable device for the price, a few features could be better."
FT101925,18-24,Male,Student,Tier 3,17100.0,< 25K,Post Graduate,Weight Loss,Advanced,6,High,5400,5.7,Poor,Medium,Poor,2.0,Low,No,Yes,No,No,High,High,Medium,Minimal,Yes,Yes,Yes,No,Yes,No,Yes,Medium,Medium,Premium / Trusted,820.0,3K-6K,5200,Full Payment,High,Yes,4,Yes,No,Medium,Medium,1,63.7,60.7,64.0,64.8,89.9,65.8,63.1,High,Mid-Range,Medium Value,"Average experience overall, nothing special but works fine."
FT101926,25-34,Male,Student,Tier 3,13900.0,< 25K,Graduate,Weight Loss,Intermediate,5,High,9300,6.0,Poor,High,Good,2.6,High,No,No,No,No,Medium,Medium,Low,Frequent,Yes,Yes,No,No,No,No,Yes,Medium,High,Premium / Trusted,750.0,3K-6K,4000,Full Payment,Medium,No,3,No,Yes,Medium,Low,1,66.3,61.1,59.2,30.0,71.5,36.7,41.4,High,Budget,Low Value,"Design is decent, battery is average, app could improve a little."
FT101927,35-44,Male,Working Professional,Tier 2,52900.0,50K-1L,Graduate,Muscle Gain,Intermediate,3,Medium,7200,6.0,Poor,High,Average,2.9,High,Yes,Yes,No,No,Medium,Medium,High,Moderate,Yes,Yes,No,Yes,No,Yes,No,High,Medium,Budget / Value,2880.0,3K-6K,3100,Full Payment,Medium,Yes,3,No,No,Low,Medium,1,74.8,42.8,73.3,48.4,68.8,45.9,60.1,High,Budget,Medium Value,"Reasonable device for the price, a few features could be better."
FT101928,18-24,Female,Student,Tier 2,48100.0,25K-50K,Post Graduate,Weight Loss,Beginner,1,Low,3700,6.3,Poor,Medium,Poor,0.6,Medium,No,No,No,No,Low,Medium,Medium,Moderate,No,No,No,No,Yes,Yes,No,High,Medium,No Preference,3080.0,3K-6K,3200,Full Payment,High,No,3,No,No,Medium,Medium,0,74.6,20.4,80.1,21.4,99.3,37.2,27.1,High,Budget,Low Value,Heart rate readings feel inaccurate during workouts and the strap is uncomfortable.
FT101929,25-34,Female,Working Professional,Tier 1,119300.0,1L-2L,Post Graduate,General Fitness,Advanced,6,High,5500,5.3,Poor,High,Poor,2.5,Medium,No,No,No,No,Medium,High,Medium,Frequent,Yes,Yes,Yes,No,Yes,No,Yes,High,Low,Premium / Trusted,1540.0,6K-10K,7800,Full Payment,Medium,No,3,No,No,High,Low,0,73.0,58.5,76.3,34.8,67.3,43.4,51.6,High,Mid-Range,Low Value,Hard to set up for beginners and too many confusing notifications.
FT101930,35-44,Female,Working Professional,Tier 2,72600.0,50K-1L,Graduate,Stress Management,Beginner,3,Medium,6200,4.8,Poor,High,Average,2.7,High,No,No,No,No,Low,High,Medium,Minimal,Yes,Yes,No,Yes,No,Yes,No,High,Medium,Premium / Trusted,880.0,6K-10K,7100,Full Payment,High,No,2,No,No,Low,Low,1,77.7,36.2,75.1,22.2,84.4,29.5,28.9,High,Mid-Range,Low Value,The app keeps crashing and the notifications are unreliable.
FT101931,25-34,Female,Homemaker,Tier 1,19900.0,< 25K,High School,Stress Management,Advanced,6,High,8300,5.4,Poor,Medium,Average,2.4,High,No,No,No,No,High,High,Medium,Moderate,Yes,Yes,No,Yes,No,No,Yes,Medium,Low,Budget / Value,400.0,3K-6K,4400,Full Payment,Low,Yes,3,No,Yes,High,Medium,0,62.9,61.6,52.9,42.2,49.8,52.0,42.9,High,Budget,Medium Value,"Affordable, lightweight and the companion app is very beginner friendly."
FT101932,35-44,Male,Working Professional,Tier 1,78900.0,50K-1L,Graduate,Muscle Gain,Intermediate,3,Medium,9300,6.7,Average,Medium,Good,2.0,Low,No,Yes,Yes,Yes,Medium,High,Medium,Minimal,No,Yes,No,No,No,No,Yes,Medium,High,No Preference,2440.0,6K-10K,6000,Full Payment,Medium,No,4,Yes,Yes,Low,Low,3,43.2,51.4,46.3,73.5,62.8,61.8,53.3,Moderate,Mid-Range,Medium Value,"Reasonable device for the price, a few features could be better."
FT101933,35-44,Male,Working Professional,Tier 3,71600.0,50K-1L,Post Graduate,Medical / Recovery,Beginner,0,Low,3700,5.4,Poor,High,Average,3.4,High,Yes,No,No,Yes,Low,High,Medium,Frequent,Yes,Yes,No,Yes,No,No,Yes,Low,Low,No Preference,2750.0,3K-6K,4500,Full Payment,Medium,No,3,No,Yes,High,Low,0,79.3,15.2,80.4,18.3,62.7,40.5,41.5,High,Budget,Low Value,The battery drains too quickly and charging takes very long.
FT101934,35-44,Male,Self-Employed,Tier 2,30100.0,25K-50K,Diploma,General Fitness,Beginner,2,Medium,3800,6.5,Poor,Medium,Good,3.4,Medium,No,No,No,No,Medium,Medium,Medium,Moderate,No,No,Yes,No,No,No,Yes,Low,Medium,No Preference,1740.0,3K-6K,3400,Full Payment,Low,No,3,No,No,High,Medium,0,54.9,25.7,56.4,31.3,56.7,49.8,30.5,High,Budget,Medium Value,"Design is decent, battery is average, app could improve a little."
FT101935,18-24,Male,Student,Tier 1,22000.0,< 25K,Graduate,Weight Loss,Intermediate,1,Low,800,6.2,Poor,High,Poor,2.0,High,No,No,Yes,Yes,High,High,Medium,Frequent,No,Yes,No,Yes,Yes,No,Yes,Medium,Low,No Preference,1580.0,< 3K,2900,Full Payment,Low,No,4,Yes,No,Medium,Medium,0,90.7,25.4,88.1,62.4,50.5,72.0,57.0,High,Budget,Medium Value,Step counting is accurate and syncing with the app is fast and seamless.
FT101936,25-34,Male,Working Professional,Tier 1,85700.0,50K-1L,Graduate,Better Sleep,Intermediate,3,Medium,7400,6.0,Poor,High,Good,2.2,High,Yes,No,No,No,Low,High,Low,Moderate,No,No,No,No,Yes,No,Yes,High,High,Premium / Trusted,2360.0,6K-10K,7100,Full Payment,High,Yes,2,No,Yes,High,Low,0,72.7,40.9,66.0,17.7,89.6,29.4,25.8,High,Mid-Range,Low Value,Sleep tracking data seems wrong and the design feels cheap.
FT101937,25-34,Female,Working Professional,Tier 3,64300.0,50K-1L,Graduate,Weight Loss,Intermediate,3,Medium,7600,5.7,Poor,High,Good,2.9,Medium,No,Yes,No,No,High,Medium,Medium,Frequent,Yes,Yes,No,No,Yes,No,No,Low,Medium,Budget / Value,4150.0,3K-6K,4300,Full Payment,Medium,Yes,4,Yes,No,Medium,High,2,70.1,43.9,61.4,62.3,72.8,60.1,67.7,High,Budget,Medium Value,"Design is decent, battery is average, app could improve a little."
FT101938,18-24,Female,Student,Tier 1,26700.0,25K-50K,Graduate,Weight Loss,Advanced,3,Medium,5900,5.7,Poor,Medium,Average,3.3,Medium,Yes,Yes,No,No,High,High,Medium,Frequent,No,No,Yes,Yes,Yes,No,Yes,High,Medium,Budget / Value,570.0,3K-6K,5600,Full Payment,Medium,No,4,Yes,No,High,High,4,60.1,47.9,62.9,72.2,71.6,65.9,75.4,High,Mid-Range,Medium Value,The battery life is excellent and lasts almost a week on a single charge.
FT101939,18-24,Female,Working Professional,Tier 1,101100.0,1L-2L,Graduate,Weight Loss,Intermediate,4,High,8500,6.6,Average,Medium,Good,1.6,Low,No,Yes,Yes,Yes,High,Medium,Low,Minimal,No,No,Yes,No,Yes,Yes,Yes,Medium,Medium,No Preference,1620.0,6K-10K,6000,Full Payment,Medium,No,3,No,No,Medium,Medium,1,41.3,53.0,40.6,82.3,57.9,42.6,64.9,Moderate,Mid-Range,Low Value,"Design is decent, battery is average, app could improve a little."
FT101940,18-24,Male,Working Professional,Tier 1,110900.0,1L-2L,Post Graduate,General Fitness,Beginner,4,High,6800,6.3,Average,Medium,Average,1.5,High,No,Yes,Yes,Yes,High,Medium,High,Moderate,Yes,No,No,Yes,Yes,Yes,Yes,High,Low,Budget / Value,4940.0,6K-10K,6500,Full Payment,Low,No,4,Yes,Yes,Low,Medium,2,46.8,43.3,49.5,87.8,46.6,58.4,78.2,Moderate,Mid-Range,Medium Value,"I love the sleep tracking, it is accurate and easy to understand."
FT101941,25-34,Male,Student,Tier 1,48900.0,25K-50K,Post Graduate,General Fitness,Intermediate,3,Medium,8200,5.7,Poor,High,Average,2.5,High,No,Yes,No,No,Medium,Medium,Low,Minimal,Yes,No,Yes,Yes,No,No,Yes,Medium,High,Budget / Value,1490.0,3K-6K,5800,Full Payment,Medium,Yes,4,Yes,No,Medium,Medium,1,76.6,40.1,71.6,57.0,64.7,59.8,56.1,High,Mid-Range,Medium Value,"I love the sleep tracking, it is accurate and easy to understand."
FT101942,25-34,Male,Student,Tier 1,12300.0,< 25K,High School,General Fitness,Beginner,2,Medium,7000,5.4,Poor,High,Poor,1.4,High,No,Yes,No,No,Medium,Medium,Low,Minimal,Yes,No,No,Yes,Yes,No,Yes,High,Medium,Budget / Value,700.0,< 3K,2800,Full Payment,Medium,No,3,No,No,Low,Low,2,79.5,33.1,86.1,44.8,73.8,44.9,51.8,High,Budget,Low Value,"Reasonable device for the price, a few features could be better."
FT101943,18-24,Male,Student,Tier 3,21400.0,< 25K,Post Graduate,Muscle Gain,Intermediate,6,High,6600,6.7,Average,Medium,Poor,0.7,Low,No,No,No,No,High,High,Medium,Moderate,Yes,No,Yes,Yes,No,Yes,Yes,Low,High,Budget / Value,1220.0,< 3K,2300,Full Payment,Low,Yes,3,No,Yes,High,High,2,49.8,58.2,52.8,54.7,59.6,46.8,51.6,Moderate,Budget,Medium Value,"Average experience overall, nothing special but works fine."
FT101944,35-44,Male,Working Professional,Tier 1,104800.0,1L-2L,Post Graduate,Stress Management,Advanced,6,High,7100,4.5,Poor,High,Average,1.6,High,No,No,No,No,High,High,High,Moderate,Yes,Yes,Yes,Yes,Yes,No,Yes,High,High,Premium / Trusted,4260.0,6K-10K,9500,Full Payment,Low,No,2,No,No,Low,Low,0,65.1,66.5,67.1,41.6,34.5,30.2,51.3,High,Mid-Range,Low Value,"The watch is okay, does the basic job of counting steps."
FT101945,45-54,Male,Self-Employed,Tier 2,72800.0,50K-1L,Graduate,Medical / Recovery,Beginner,1,Low,7800,6.3,Poor,Medium,Good,2.6,Medium,Yes,No,No,No,Medium,High,Medium,Minimal,Yes,No,Yes,Yes,No,Yes,No,Low,Low,Premium / Trusted,4300.0,6K-10K,8400,Full Payment,Low,No,2,No,No,Medium,Medium,0,66.8,30.2,61.2,33.2,46.7,25.1,32.8,High,Mid-Range,Low Value,Sleep tracking data seems wrong and the design feels cheap.
FT101946,18-24,Male,Self-Employed,Tier 2,47100.0,25K-50K,Graduate,Weight Loss,Intermediate,4,High,9100,6.8,Average,Medium,Good,3.5,Medium,Yes,Yes,Yes,Yes,High,High,Medium,Moderate,Yes,No,Yes,No,No,Yes,Yes,High,High,Budget / Value,1100.0,3K-6K,3400,Full Payment,High,Yes,2,No,Yes,Medium,High,5,43.7,57.3,40.8,77.3,86.6,29.1,70.2,Moderate,Budget,Low Value,Sleep tracking data seems wrong and the design feels cheap.
FT101947,45-54,Female,Self-Employed,Tier 2,70200.0,50K-1L,Post Graduate,Weight Loss,Intermediate,4,High,5100,5.7,Poor,Medium,Average,1.7,Medium,No,No,No,No,Medium,High,Low,Frequent,No,Yes,Yes,No,No,No,Yes,High,Low,Budget / Value,710.0,3K-6K,3200,Full Payment,Low,No,2,No,No,Low,Medium,2,53.2,40.3,55.1,34.8,46.2,22.7,43.0,High,Budget,Low Value,The battery drains too quickly and charging takes very long.
FT101948,18-24,Male,Student,Tier 2,20300.0,< 25K,Graduate,Muscle Gain,Beginner,3,Medium,3500,6.0,Poor,High,Good,2.2,High,No,No,Yes,Yes,Medium,Medium,High,Moderate,Yes,Yes,Yes,Yes,No,Yes,Yes,High,High,No Preference,800.0,< 3K,2900,Full Payment,High,Yes,2,No,Yes,Low,High,1,67.2,28.7,62.7,47.0,86.5,26.8,53.2,High,Budget,Low Value,The battery drains too quickly and charging takes very long.
FT101949,45-54,Male,Self-Employed,Tier 2,28100.0,25K-50K,High School,Weight Loss,Intermediate,5,High,8900,5.3,Poor,Medium,Good,2.4,High,Yes,Yes,No,No,Low,Medium,Medium,Minimal,Yes,Yes,No,Yes,No,No,Yes,Medium,Medium,Budget / Value,1410.0,3K-6K,5500,Full Payment,Low,No,3,No,Yes,Low,Medium,1,49.7,54.9,50.1,41.7,61.1,46.0,50.7,High,Mid-Range,Medium Value,Customer support was slow and the device disconnects from the app often.
FT101950,55+,Male,Homemaker,Tier 2,14600.0,< 25K,Diploma,General Fitness,Intermediate,0,Low,900,5.5,Poor,Medium,Average,1.8,Low,No,Yes,No,Yes,Medium,High,Low,Moderate,Yes,No,No,No,Yes,No,Yes,Medium,Medium,Premium / Trusted,640.0,3K-6K,5600,Full Payment,High,No,4,Yes,Yes,Medium,Medium,0,66.0,17.2,59.5,45.5,93.5,56.6,54.8,High,Mid-Range,Medium Value,Comfortable to wear all day and the stress tracking is genuinely useful.
FT101951,18-24,Male,Working Professional,Tier 2,44300.0,25K-50K,Diploma,Muscle Gain,Beginner,0,Low,2400,5.4,Poor,Medium,Poor,1.7,Medium,Yes,No,No,No,Medium,Medium,High,Minimal,Yes,Yes,No,Yes,Yes,Yes,No,Low,Medium,Premium / Trusted,2310.0,6K-10K,7500,Full Payment,Medium,Yes,3,No,No,Medium,High,1,76.6,15.6,78.2,34.2,62.1,35.0,37.4,High,Mid-Range,Low Value,"Too expensive for the features offered, the price could be lower."
FT101952,35-44,Male,Self-Employed,Tier 3,42300.0,25K-50K,Graduate,Stress Management,Beginner,1,Low,4000,6.2,Poor,Medium,Average,2.6,Medium,No,Yes,Yes,No,Medium,High,Low,Minimal,Yes,Yes,No,No,No,Yes,Yes,Medium,High,Premium / Trusted,2670.0,3K-6K,5900,Full Payment,Medium,No,4,Yes,No,Low,Medium,1,73.9,17.8,63.4,74.2,72.0,71.6,62.1,High,Mid-Range,Medium Value,Step counting is accurate and syncing with the app is fast and seamless.
FT101953,55+,Male,Retired,Tier 2,20300.0,< 25K,High School,Weight Loss,Beginner,0,Low,2800,7.3,Good,Low,Average,1.3,Low,Yes,No,Yes,Yes,Low,Low,Medium,Minimal,No,Yes,Yes,No,No,Yes,No,Medium,Medium,No Preference,950.0,< 3K,2600,Full Payment,Medium,No,2,No,Yes,High,Medium,0,34.0,23.0,41.7,41.7,77.5,32.9,31.5,Low,Budget,Low Value,"Design is decent, battery is average, app could improve a little."
FT101954,45-54,Female,Working Professional,Tier 3,42200.0,25K-50K,Graduate,Muscle Gain,Intermediate,0,Low,5000,7.6,Good,Low,Good,1.7,Low,No,No,No,No,Low,Medium,Medium,Minimal,No,No,Yes,No,No,No,Yes,High,High,Budget / Value,1520.0,< 3K,1500,Full Payment,Low,No,1,No,No,Low,High,2,24.9,40.3,26.1,21.8,50.9,14.9,20.2,Low,Budget,Low Value,Sleep tracking data seems wrong and the design feels cheap.
FT101955,55+,Male,Self-Employed,Tier 1,50800.0,50K-1L,Graduate,Muscle Gain,Beginner,0,Low,6300,7.0,Average,Medium,Average,2.1,Medium,No,No,No,No,Low,High,High,Moderate,No,Yes,No,Yes,Yes,No,No,Medium,High,No Preference,2690.0,3K-6K,4800,Full Payment,Low,No,1,No,No,Medium,Low,0,55.1,31.4,57.0,16.6,56.8,13.2,29.7,Moderate,Budget,Low Value,Sleep tracking data seems wrong and the design feels cheap.
FT101956,25-34,Female,Working Professional,Tier 2,71200.0,50K-1L,Post Graduate,Better Sleep,Beginner,1,Low,3200,7.0,Average,Medium,Good,2.6,Low,No,Yes,No,No,High,High,High,Moderate,Yes,No,Yes,Yes,Yes,No,No,Medium,High,Premium / Trusted,1770.0,6K-10K,7500,Full Payment,High,No,4,Yes,No,Low,Medium,0,48.6,21.4,46.9,60.3,78.1,60.3,64.2,Moderate,Mid-Range,Medium Value,"The watch is okay, does the basic job of counting steps."
FT101957,18-24,Male,Self-Employed,Tier 2,74600.0,50K-1L,Graduate,General Fitness,Advanced,4,High,5400,6.3,Poor,Low,Good,1.1,Medium,Yes,Yes,No,No,High,High,Medium,Frequent,Yes,No,No,No,No,No,Yes,Low,Low,No Preference,2830.0,3K-6K,4400,Full Payment,Low,No,3,No,No,Medium,Medium,1,43.4,47.7,33.1,77.7,52.2,49.8,68.8,Moderate,Budget,Medium Value,"Reasonable device for the price, a few features could be better."
FT101958,45-54,Male,Working Professional,Tier 1,131400.0,1L-2L,Post Graduate,Stress Management,Intermediate,2,Medium,5900,5.2,Poor,High,Average,2.2,Medium,No,No,No,No,Medium,Medium,Medium,Moderate,Yes,Yes,No,Yes,No,No,Yes,High,High,Premium / Trusted,8290.0,10K-18K,10300,EMI,Low,Yes,4,Yes,Yes,Medium,High,4,81.4,33.3,71.9,30.9,40.2,69.9,39.0,High,Mid-Range,Medium Value,"Affordable, lightweight and the companion app is very beginner friendly."
FT101959,25-34,Male,Working Professional,Tier 3,54200.0,50K-1L,Post Graduate,Stress Management,Intermediate,3,Medium,9200,6.3,Poor,High,Good,1.3,Medium,No,No,No,No,Medium,High,Medium,Frequent,Yes,No,Yes,No,No,Yes,No,Medium,Medium,Budget / Value,1750.0,< 3K,2100,Full Payment,Medium,No,2,No,No,High,High,2,71.1,48.5,62.5,37.2,65.6,29.5,43.9,High,Budget,Low Value,Customer support was slow and the device disconnects from the app often.
FT101960,25-34,Male,Working Professional,Tier 1,76700.0,50K-1L,Diploma,Weight Loss,Advanced,5,High,7800,6.9,Average,Medium,Average,1.8,Medium,No,Yes,Yes,Yes,High,High,Low,Moderate,Yes,Yes,No,No,Yes,No,No,High,Medium,Premium / Trusted,3930.0,6K-10K,8500,EMI,Low,Yes,4,Yes,Yes,Medium,Medium,1,44.0,62.0,46.7,86.7,50.5,61.7,69.2,Moderate,Mid-Range,Medium Value,The battery life is excellent and lasts almost a week on a single charge.
FT101961,25-34,Male,Working Professional,Tier 1,74100.0,50K-1L,Graduate,Muscle Gain,Beginner,1,Low,5600,4.7,Poor,High,Average,2.9,High,No,No,No,No,Medium,Medium,Medium,Minimal,Yes,Yes,No,No,No,Yes,No,Medium,Low,No Preference,3950.0,3K-6K,5600,Full Payment,High,No,2,No,No,Medium,Medium,0,82.0,24.0,78.3,30.0,89.2,22.5,27.4,High,Mid-Range,Low Value,"Reasonable device for the price, a few features could be better."
FT101962,25-34,Female,Working Professional,Tier 3,54500.0,50K-1L,Diploma,Muscle Gain,Beginner,3,Medium,4800,6.7,Poor,High,Average,2.2,High,Yes,Yes,Yes,Yes,Medium,Medium,High,Minimal,Yes,No,No,No,No,Yes,No,High,High,Budget / Value,1470.0,3K-6K,4000,Full Payment,Medium,Yes,2,No,Yes,High,Medium,1,70.7,30.4,72.5,71.0,75.2,29.4,52.4,High,Budget,Low Value,I am worried about my health data privacy and how it is stored.
FT101963,18-24,Male,Student,Tier 1,59400.0,50K-1L,Post Graduate,General Fitness,Intermediate,3,Medium,6300,4.0,Poor,High,Good,3.6,High,No,Yes,No,No,High,High,Medium,Minimal,Yes,Yes,No,Yes,No,Yes,No,High,Medium,No Preference,2730.0,3K-6K,5600,Full Payment,Medium,No,3,No,No,Medium,High,3,69.0,39.2,62.0,62.2,74.4,50.9,57.9,High,Mid-Range,Medium Value,"The watch is okay, does the basic job of counting steps."
FT101964,35-44,Female,Homemaker,Tier 2,26500.0,25K-50K,Graduate,General Fitness,Beginner,0,Low,900,6.9,Poor,Low,Good,2.2,Low,No,No,No,No,Low,High,Medium,Moderate,No,Yes,Yes,No,No,Yes,No,High,High,Premium / Trusted,810.0,6K-10K,6000,Full Payment,Low,Yes,2,No,No,Low,Low,0,46.4,8.9,52.7,10.8,53.3,33.6,27.6,Moderate,Mid-Range,Low Value,The battery drains too quickly and charging takes very long.
FT101965,18-24,Male,Student,Tier 1,44300.0,25K-50K,Diploma,General Fitness,Beginner,0,Low,3000,5.7,Poor,High,Good,3.1,Medium,Yes,Yes,No,No,High,High,Medium,Moderate,No,Yes,Yes,No,No,Yes,Yes,Medium,Low,No Preference,1270.0,3K-6K,5600,Full Payment,Medium,Yes,4,Yes,Yes,Medium,Medium,2,76.6,13.8,72.0,70.5,63.8,54.9,67.8,High,Mid-Range,Medium Value,"Design is decent, battery is average, app could improve a little."
FT101966,35-44,Male,Working Professional,Tier 3,30600.0,25K-50K,Diploma,Stress Management,Intermediate,3,Medium,6100,5.8,Poor,High,Average,2.9,Medium,No,Yes,No,No,Low,Medium,High,Minimal,Yes,Yes,Yes,No,No,No,No,High,High,No Preference,1530.0,3K-6K,4000,Full Payment,Low,No,3,No,No,Medium,Medium,1,75.1,39.5,73.6,37.4,45.3,51.9,44.9,High,Budget,Medium Value,"The watch is okay, does the basic job of counting steps."
FT101967,45-54,Male,Working Professional,Tier 2,47300.0,25K-50K,Graduate,Weight Loss,Beginner,3,Medium,7400,6.5,Average,Medium,Average,2.3,Low,No,Yes,No,No,Medium,High,Low,Moderate,No,Yes,No,Yes,Yes,No,Yes,Medium,High,Budget / Value,720.0,3K-6K,3600,Full Payment,High,No,3,No,No,Medium,Medium,0,54.2,47.7,53.8,50.4,82.3,41.8,60.8,Moderate,Budget,Low Value,Hard to set up for beginners and too many confusing notifications.
FT101968,25-34,Male,Working Professional,Tier 2,65500.0,50K-1L,Post Graduate,General Fitness,Intermediate,2,Medium,8400,4.8,Poor,High,Good,1.2,High,No,No,No,No,Medium,Medium,Low,Minimal,Yes,Yes,Yes,No,No,No,No,High,Medium,Budget / Value,3080.0,3K-6K,4300,Full Payment,Medium,No,4,Yes,No,Medium,High,4,71.8,40.4,67.1,29.8,66.1,59.2,27.3,High,Budget,Medium Value,"Design is decent, battery is average, app could improve a little."
FT101969,25-34,Male,Self-Employed,Tier 3,46800.0,25K-50K,Post Graduate,Weight Loss,Intermediate,4,High,6700,7.1,Average,Low,Good,2.2,Low,Yes,No,No,No,High,High,Medium,Moderate,No,Yes,Yes,No,Yes,No,No,High,Medium,Premium / Trusted,630.0,3K-6K,5200,Full Payment,High,Yes,2,No,No,Low,High,0,26.5,52.4,27.7,50.4,90.2,25.3,41.5,Low,Mid-Range,Low Value,Sleep tracking data seems wrong and the design feels cheap.
FT101970,25-34,Female,Student,Tier 2,23200.0,< 25K,High School,Muscle Gain,Intermediate,3,Medium,2700,7.2,Good,Low,Good,1.9,Low,No,No,No,No,Medium,High,Low,Moderate,Yes,No,Yes,No,No,No,No,Medium,Medium,No Preference,710.0,3K-6K,3500,Full Payment,Low,Yes,3,No,Yes,Low,High,2,26.3,42.1,25.3,33.3,55.6,50.5,31.2,Low,Budget,Medium Value,"It works as expected, neither impressed nor disappointed so far."
FT101971,55+,Female,Retired,Tier 3,20500.0,< 25K,Diploma,Stress Management,Beginner,4,High,7000,7.0,Good,Medium,Average,1.8,Medium,No,Yes,Yes,Yes,Medium,High,High,Minimal,No,Yes,Yes,No,No,No,No,High,Medium,Budget / Value,930.0,3K-6K,3500,Full Payment,Medium,Yes,3,No,Yes,Medium,High,3,32.0,54.1,39.1,72.1,75.2,44.5,52.8,Low,Budget,Low Value,"Reasonable device for the price, a few features could be better."
FT101972,35-44,Other,Homemaker,Tier 3,14500.0,< 25K,Graduate,General Fitness,Beginner,2,Medium,5700,8.3,Good,Low,Average,2.4,Low,No,Yes,No,Yes,Low,Medium,Medium,Moderate,Yes,No,Yes,Yes,No,Yes,No,Medium,Medium,No Preference,600.0,3K-6K,3400,Full Payment,Low,No,2,No,Yes,Low,Medium,1,37.2,36.2,32.7,43.9,51.1,32.1,58.5,Low,Budget,Low Value,"Too expensive for the features offered, the price could be lower."
FT101973,25-34,Male,Self-Employed,Tier 2,46100.0,25K-50K,Graduate,Muscle Gain,Advanced,4,High,30000,7.0,Average,Low,Poor,1.1,Low,Yes,Yes,Yes,No,Medium,High,Low,Frequent,No,Yes,Yes,No,Yes,No,Yes,High,High,Budget / Value,1210.0,3K-6K,4000,Full Payment,Medium,Yes,3,No,No,High,High,1,37.2,62.3,41.5,75.7,75.5,49.8,76.6,Low,Budget,Medium Value,"Design is decent, battery is average, app could improve a little."
FT101974,18-24,Female,Student,Tier 3,12300.0,< 25K,High School,General Fitness,Advanced,6,High,9300,6.1,Poor,Medium,Good,1.6,Medium,No,No,Yes,Yes,High,High,High,Moderate,Yes,Yes,Yes,Yes,Yes,No,Yes,Medium,High,Premium / Trusted,400.0,3K-6K,4700,Full Payment,Low,No,3,No,Yes,High,High,0,54.3,65.2,49.8,69.1,61.0,50.4,60.9,High,Budget,Medium Value,"Average experience overall, nothing special but works fine."
FT101975,18-24,Female,Student,Tier 2,21100.0,< 25K,Diploma,General Fitness,Beginner,2,Medium,7900,5.5,Poor,Medium,Average,2.3,High,No,No,No,No,Medium,Low,Low,Moderate,No,Yes,No,Yes,No,Yes,Yes,High,High,Premium / Trusted,1410.0,6K-10K,7800,Full Payment,Medium,No,2,No,No,Low,Low,0,67.4,28.4,64.6,31.1,68.8,29.1,39.0,High,Mid-Range,Low Value,The battery drains too quickly and charging takes very long.
FT101976,25-34,Female,Working Professional,Tier 1,97500.0,50K-1L,Post Graduate,Stress Management,Beginner,1,Low,4300,7.6,Average,Medium,Good,2.1,Low,Yes,Yes,Yes,No,High,High,Medium,Moderate,Yes,No,Yes,Yes,No,Yes,Yes,High,High,Premium / Trusted,2900.0,10K-18K,10400,Full Payment,Medium,Yes,4,Yes,No,Low,Medium,0,51.8,24.8,50.8,81.2,63.8,65.3,75.8,Moderate,Mid-Range,Medium Value,The battery life is excellent and lasts almost a week on a single charge.
FT101977,45-54,Other,Homemaker,Tier 1,22400.0,< 25K,Graduate,Weight Loss,Intermediate,2,Medium,5000,6.8,Average,High,Poor,1.7,Medium,No,Yes,No,No,Medium,Medium,Medium,Moderate,No,No,Yes,Yes,Yes,No,Yes,Medium,Medium,Budget / Value,1370.0,3K-6K,3100,Full Payment,High,Yes,3,No,Yes,Medium,High,1,67.5,37.8,72.6,52.3,94.7,45.0,61.4,High,Budget,Medium Value,"The watch is okay, does the basic job of counting steps."
FT101978,35-44,Female,Working Professional,Tier 2,48800.0,25K-50K,Graduate,Stress Management,Beginner,2,Medium,3800,7.1,Average,Medium,Good,1.7,Low,No,Yes,No,No,Medium,High,High,Minimal,No,Yes,No,No,No,Yes,Yes,Medium,High,Premium / Trusted,2550.0,6K-10K,6800,Full Payment,Medium,No,2,No,Yes,Low,Medium,0,43.4,31.6,45.4,53.9,75.6,29.4,50.7,Moderate,Mid-Range,Low Value,"Design is decent, battery is average, app could improve a little."
FT101979,18-24,Female,Student,Tier 1,45000.0,25K-50K,Graduate,Muscle Gain,Beginner,1,Low,1000,6.2,Poor,Medium,Average,2.4,High,Yes,No,No,Yes,High,High,Low,Moderate,No,No,Yes,Yes,No,Yes,Yes,Low,High,Budget / Value,560.0,3K-6K,5800,Full Payment,Medium,No,3,No,No,High,High,2,66.2,10.6,68.8,43.8,72.6,39.8,43.5,High,Mid-Range,Low Value,Hard to set up for beginners and too many confusing notifications.
FT101980,45-54,Female,Self-Employed,Tier 2,68600.0,50K-1L,Graduate,Better Sleep,Beginner,0,Low,3600,7.1,Average,Low,Poor,1.9,Medium,No,No,No,No,Low,Medium,Medium,Minimal,No,Yes,No,Yes,No,Yes,No,Medium,Medium,Premium / Trusted,1150.0,6K-10K,7000,Full Payment,Medium,Yes,1,No,No,High,Medium,0,52.4,14.7,52.3,23.8,65.1,15.0,25.2,Low,Mid-Range,Low Value,I am worried about my health data privacy and how it is stored.
FT101981,25-34,Male,Student,Tier 1,29800.0,25K-50K,Graduate,Weight Loss,Beginner,2,Medium,5600,6.5,Poor,High,Average,2.3,High,No,Yes,No,No,High,High,High,Moderate,Yes,No,No,Yes,No,Yes,Yes,Medium,High,Budget / Value,280.0,3K-6K,4900,Full Payment,Medium,No,4,Yes,No,Low,Medium,0,78.0,22.2,68.7,67.2,67.8,56.9,66.7,High,Budget,Medium Value,"Reasonable device for the price, a few features could be better."
FT101982,45-54,Female,Self-Employed,Tier 2,72900.0,50K-1L,Diploma,General Fitness,Beginner,1,Low,2200,6.0,Poor,Medium,Average,1.4,Low,No,No,No,No,Medium,High,Medium,Minimal,Yes,Yes,Yes,Yes,Yes,Yes,Yes,High,High,No Preference,2340.0,3K-6K,4300,Full Payment,Medium,Yes,3,No,No,Medium,Low,0,70.8,16.4,67.4,26.3,62.7,38.4,43.2,High,Budget,Low Value,The battery drains too quickly and charging takes very long.
FT101983,18-24,Male,Working Professional,Tier 1,117700.0,1L-2L,Diploma,Weight Loss,Beginner,0,Low,2900,5.6,Poor,High,Good,2.3,High,No,Yes,No,No,High,High,Low,Frequent,No,Yes,Yes,Yes,Yes,Yes,No,High,High,Budget / Value,1410.0,6K-10K,7100,Full Payment,High,No,4,Yes,No,Low,Medium,0,75.4,14.7,71.6,73.4,80.2,59.3,80.1,High,Mid-Range,Medium Value,"It works as expected, neither impressed nor disappointed so far."
FT101984,25-34,Female,Working Professional,Tier 3,54900.0,50K-1L,Post Graduate,Better Sleep,Intermediate,3,Medium,6000,5.7,Poor,Medium,Average,3.9,Medium,Yes,No,Yes,No,Medium,High,Low,Minimal,No,No,Yes,Yes,Yes,No,No,Low,High,Premium / Trusted,2210.0,3K-6K,4800,Full Payment,High,No,3,No,No,High,High,2,59.5,40.9,58.0,55.7,86.3,38.5,36.4,High,Budget,Low Value,"Too expensive for the features offered, the price could be lower."
FT101985,45-54,Female,Homemaker,Tier 1,43100.0,25K-50K,Post Graduate,Muscle Gain,Beginner,3,Medium,5200,6.5,Average,Medium,Average,1.7,Low,No,No,Yes,Yes,Medium,Medium,Medium,Moderate,Yes,Yes,No,Yes,No,Yes,Yes,High,Low,No Preference,860.0,3K-6K,5400,Full Payment,Low,No,2,No,No,High,High,4,56.8,36.2,45.2,53.6,46.0,31.4,51.2,Moderate,Mid-Range,Low Value,Customer support was slow and the device disconnects from the app often.
FT101986,18-24,Male,Student,Tier 1,25300.0,25K-50K,Graduate,Muscle Gain,Beginner,3,Medium,4900,6.8,Poor,High,Poor,0.6,High,No,Yes,Yes,Yes,High,High,Medium,Moderate,Yes,No,Yes,Yes,Yes,No,Yes,Medium,Medium,Premium / Trusted,810.0,6K-10K,6900,Full Payment,High,No,4,Yes,No,Medium,High,4,82.1,31.7,80.4,93.3,94.5,64.6,80.1,High,Mid-Range,Medium Value,"The watch is okay, does the basic job of counting steps."
FT101987,35-44,Male,Working Professional,Tier 2,37600.0,25K-50K,High School,Stress Management,Beginner,3,Medium,7000,6.0,Poor,High,Good,2.6,High,No,No,No,No,Medium,High,Medium,Frequent,Yes,No,Yes,Yes,No,Yes,No,High,Low,Budget / Value,460.0,3K-6K,3800,Full Payment,Medium,Yes,3,No,No,Low,Medium,0,68.5,30.1,64.5,27.3,69.6,42.9,44.7,High,Budget,Low Value,Sleep tracking data seems wrong and the design feels cheap.
FT101988,55+,Male,Working Professional,Tier 2,27900.0,25K-50K,High School,General Fitness,Advanced,5,High,8100,6.0,Poor,High,Good,1.7,High,Yes,No,Yes,No,Medium,High,Medium,Frequent,Yes,Yes,Yes,Yes,No,No,No,High,Low,No Preference,820.0,3K-6K,5200,Full Payment,Medium,Yes,3,No,No,Low,Medium,2,64.7,54.8,60.1,49.1,73.9,36.1,52.3,High,Mid-Range,Low Value,The battery drains too quickly and charging takes very long.
FT101989,18-24,Male,Student,Tier 2,9000.0,< 25K,High School,Muscle Gain,Beginner,2,Medium,4100,4.5,Poor,Medium,Good,2.5,High,Yes,Yes,No,No,High,High,High,Minimal,Yes,Yes,Yes,Yes,No,No,Yes,Medium,High,Budget / Value,250.0,< 3K,2900,Full Payment,Low,No,3,No,No,Medium,High,1,52.7,20.3,59.8,57.8,49.8,51.2,60.7,High,Budget,Medium Value,"Design is decent, battery is average, app could improve a little."
FT101990,18-24,Male,Student,Tier 2,16300.0,< 25K,Post Graduate,Stress Management,Beginner,2,Medium,3600,5.3,Poor,High,Poor,2.2,High,No,No,No,No,Medium,Medium,Medium,Minimal,No,Yes,No,Yes,Yes,Yes,No,Medium,Medium,Premium / Trusted,390.0,3K-6K,5200,Full Payment,Medium,No,3,No,No,Medium,Medium,0,82.4,22.9,76.7,26.7,77.5,45.7,30.5,High,Mid-Range,Medium Value,Sleep tracking data seems wrong and the design feels cheap.
FT101991,35-44,Female,Self-Employed,Tier 1,128900.0,1L-2L,Post Graduate,Weight Loss,Intermediate,2,Medium,5000,6.5,Average,Medium,Good,2.7,Low,No,No,No,No,Medium,Medium,Medium,Moderate,Yes,Yes,No,No,Yes,No,No,Low,Medium,Premium / Trusted,2280.0,10K-18K,10100,Full Payment,Medium,No,2,No,No,High,Medium,0,45.1,42.1,45.0,32.4,64.1,22.6,35.2,Moderate,Mid-Range,Low Value,The battery drains too quickly and charging takes very long.
FT101992,25-34,Female,Working Professional,Tier 3,31000.0,25K-50K,Graduate,Medical / Recovery,Intermediate,2,Medium,6900,5.9,Poor,Medium,Poor,2.2,High,Yes,Yes,No,No,Medium,Low,Low,Minimal,Yes,No,No,No,Yes,No,No,Medium,Medium,Budget / Value,620.0,< 3K,1800,Full Payment,High,No,5,Yes,No,Low,Medium,1,70.2,35.2,77.4,45.3,95.6,73.2,43.4,High,Budget,Medium Value,"Affordable, lightweight and the companion app is very beginner friendly."
FT101993,18-24,Female,Student,Tier 2,40900.0,25K-50K,Post Graduate,Better Sleep,Intermediate,2,Medium,5600,5.4,Poor,High,Good,2.1,High,No,Yes,Yes,Yes,High,High,Medium,Minimal,Yes,Yes,Yes,Yes,Yes,No,No,High,Low,Premium / Trusted,640.0,3K-6K,4300,Full Payment,Medium,Yes,4,Yes,No,Low,Low,0,73.3,32.5,60.5,83.1,70.2,70.0,69.5,High,Budget,Medium Value,"Great value for money, the app is smooth and the design looks premium."
FT101994,25-34,Male,Working Professional,Tier 1,47500.0,25K-50K,High School,Medical / Recovery,Beginner,3,Medium,5900,6.3,Poor,Medium,Poor,3.2,High,Yes,Yes,Yes,Yes,High,High,High,Minimal,Yes,Yes,Yes,Yes,Yes,Yes,Yes,Medium,High,Premium / Trusted,710.0,6K-10K,9600,EMI,Medium,Yes,4,Yes,No,Medium,High,2,66.9,35.0,67.3,77.3,69.0,57.8,76.1,High,Mid-Range,Medium Value,"It works as expected, neither impressed nor disappointed so far."
FT101995,35-44,Male,Self-Employed,Tier 2,89200.0,50K-1L,Graduate,Stress Management,Beginner,3,Medium,6900,5.9,Poor,Medium,Poor,0.5,Medium,No,Yes,No,Yes,Medium,Medium,High,Minimal,No,Yes,Yes,No,No,No,Yes,High,High,Premium / Trusted,5920.0,6K-10K,8400,Full Payment,Medium,Yes,2,No,No,Medium,Medium,1,70.6,34.2,73.2,52.2,67.7,29.8,50.1,High,Mid-Range,Low Value,Customer support was slow and the device disconnects from the app often.
FT101996,18-24,Male,Working Professional,Tier 2,46700.0,25K-50K,Diploma,General Fitness,Beginner,0,Low,5500,6.4,Average,Medium,Poor,1.2,Medium,No,Yes,No,Yes,High,High,Low,Moderate,Yes,No,Yes,No,No,Yes,No,High,Low,Premium / Trusted,2110.0,6K-10K,7000,Full Payment,High,Yes,3,No,Yes,Medium,High,3,62.5,25.9,67.8,69.0,94.4,50.7,63.0,Moderate,Mid-Range,Medium Value,The battery drains too quickly and charging takes very long.
FT101997,25-34,Female,Working Professional,Tier 2,34600.0,25K-50K,Diploma,Muscle Gain,Intermediate,3,Medium,7200,6.0,Poor,Medium,Good,1.6,High,No,Yes,Yes,Yes,High,High,Low,Moderate,No,Yes,No,Yes,No,No,Yes,High,Medium,Budget / Value,1510.0,3K-6K,4100,Full Payment,High,Yes,5,Yes,Yes,Medium,Medium,1,57.1,43.5,54.8,89.4,90.5,83.8,70.1,High,Budget,Medium Value,Step counting is accurate and syncing with the app is fast and seamless.
FT101998,45-54,Male,Working Professional,Tier 2,107700.0,1L-2L,Post Graduate,Weight Loss,Beginner,1,Low,4600,6.7,Good,Low,Average,0.9,Low,Yes,Yes,No,Yes,Medium,Medium,Medium,Moderate,Yes,No,Yes,Yes,No,Yes,No,Medium,Medium,Budget / Value,2900.0,3K-6K,4800,Full Payment,High,Yes,3,No,Yes,Medium,Low,0,37.4,29.0,41.1,48.0,76.1,45.4,59.9,Low,Budget,Medium Value,The personalized health reports keep me motivated to stay consistent.
FT101999,25-34,Male,Self-Employed,Tier 2,99100.0,50K-1L,Post Graduate,Stress Management,Beginner,1,Low,5200,7.3,Average,Medium,Average,1.9,Low,No,No,Yes,Yes,High,High,Medium,Minimal,No,Yes,Yes,No,Yes,No,No,High,Medium,Budget / Value,1590.0,3K-6K,3600,Full Payment,Medium,No,3,No,No,Low,Medium,0,56.9,34.3,60.7,67.0,62.3,38.1,40.3,Moderate,Budget,Low Value,Customer support was slow and the device disconnects from the app often.
